{"vocabulary":{"stage":{"docCount":2,"idf":1},"build":{"docCount":1,"idf":1.4054651081081644},"insights":{"docCount":2,"idf":1},"kind":{"docCount":2,"idf":1},"lesson":{"docCount":2,"idf":1},"text":{"docCount":2,"idf":1},"totalcourses":{"docCount":1,"idf":1.4054651081081644},"field":{"docCount":1,"idf":1.4054651081081644},"dashboard":{"docCount":1,"idf":1.4054651081081644},"response":{"docCount":1,"idf":1.4054651081081644},"distinguishes":{"docCount":1,"idf":1.4054651081081644},"no":{"docCount":1,"idf":1.4054651081081644},"courses":{"docCount":1,"idf":1.4054651081081644},"assigned":{"docCount":1,"idf":1.4054651081081644},"viewing":{"docCount":1,"idf":1.4054651081081644},"without":{"docCount":1,"idf":1.4054651081081644},"always":{"docCount":2,"idf":1},"include":{"docCount":1,"idf":1.4054651081081644},"count":{"docCount":1,"idf":1.4054651081081644},"alongside":{"docCount":1,"idf":1.4054651081081644},"array":{"docCount":1,"idf":1.4054651081081644},"data":{"docCount":1,"idf":1.4054651081081644},"frontend":{"docCount":1,"idf":1.4054651081081644},"conditional":{"docCount":1,"idf":1.4054651081081644},"scope":{"docCount":2,"idf":1},"src":{"docCount":2,"idf":1},"app":{"docCount":1,"idf":1.4054651081081644},"api":{"docCount":1,"idf":1.4054651081081644},"instructor":{"docCount":1,"idf":1.4054651081081644},"route":{"docCount":1,"idf":1.4054651081081644},"ts":{"docCount":2,"idf":1},"convention":{"docCount":2,"idf":1},"admin":{"docCount":1,"idf":1.4054651081081644},"oversight":{"docCount":1,"idf":1.4054651081081644},"ui":{"docCount":1,"idf":1.4054651081081644},"uses":{"docCount":1,"idf":1.4054651081081644},"distinct":{"docCount":1,"idf":1.4054651081081644},"course":{"docCount":1,"idf":1.4054651081081644},"heading":{"docCount":1,"idf":1.4054651081081644},"not":{"docCount":1,"idf":1.4054651081081644},"your":{"docCount":1,"idf":1.4054651081081644},"differentiate":{"docCount":1,"idf":1.4054651081081644},"supervisory":{"docCount":1,"idf":1.4054651081081644},"view":{"docCount":1,"idf":1.4054651081081644},"self":{"docCount":1,"idf":1.4054651081081644},"instructordashboardcontent":{"docCount":1,"idf":1.4054651081081644},"tsx":{"docCount":1,"idf":1.4054651081081644},"decision":{"docCount":1,"idf":1.4054651081081644},"server":{"docCount":2,"idf":1},"side":{"docCount":1,"idf":1.4054651081081644},"pattern":{"docCount":1,"idf":1.4054651081081644},"builds":{"docCount":1,"idf":1.4054651081081644},"instructorsbycourse":{"docCount":1,"idf":1.4054651081081644},"map":{"docCount":1,"idf":1.4054651081081644},"instructors":{"docCount":1,"idf":1.4054651081081644},"collections":{"docCount":2,"idf":1},"injects":{"docCount":1,"idf":1.4054651081081644},"per":{"docCount":1,"idf":1.4054651081081644},"into":{"docCount":1,"idf":1.4054651081081644},"object":{"docCount":1,"idf":1.4054651081081644},"before":{"docCount":2,"idf":1},"returning":{"docCount":1,"idf":1.4054651081081644},"gotcha":{"docCount":2,"idf":1},"component":{"docCount":1,"idf":1.4054651081081644},"conditionally":{"docCount":1,"idf":1.4054651081081644},"renders":{"docCount":1,"idf":1.4054651081081644},"oversigh":{"docCount":1,"idf":1.4054651081081644},"review":{"docCount":1,"idf":1.4054651081081644},"reorganizing":{"docCount":1,"idf":1.4054651081081644},"roles":{"docCount":1,"idf":1.4054651081081644},"moving":{"docCount":1,"idf":1.4054651081081644},"new":{"docCount":1,"idf":1.4054651081081644},"module":{"docCount":1,"idf":1.4054651081081644},"update":{"docCount":1,"idf":1.4054651081081644},"backward":{"docCount":1,"idf":1.4054651081081644},"compat":{"docCount":1,"idf":1.4054651081081644},"re":{"docCount":1,"idf":1.4054651081081644},"export":{"docCount":1,"idf":1.4054651081081644},"files":{"docCount":1,"idf":1.4054651081081644},"too":{"docCount":1,"idf":1.4054651081081644},"easy":{"docCount":1,"idf":1.4054651081081644},"forget":{"docCount":1,"idf":1.4054651081081644},"payload":{"docCount":1,"idf":1.4054651081081644},"users":{"docCount":1,"idf":1.4054651081081644},"backend":{"docCount":1,"idf":1.4054651081081644},"integration":{"docCount":1,"idf":1.4054651081081644},"layers":{"docCount":1,"idf":1.4054651081081644},"import":{"docCount":1,"idf":1.4054651081081644},"shared":{"docCount":1,"idf":1.4054651081081644},"infra":{"docCount":1,"idf":1.4054651081081644},"need":{"docCount":1,"idf":1.4054651081081644},"paths":{"docCount":1,"idf":1.4054651081081644},"updated":{"docCount":1,"idf":1.4054651081081644},"reorganized":{"docCount":1,"idf":1.4054651081081644},"confirm":{"docCount":1,"idf":1.4054651081081644},"implementation":{"docCount":1,"idf":1.4054651081081644},"branch":{"docCount":1,"idf":1.4054651081081644},"up":{"docCount":1,"idf":1.4054651081081644},"date":{"docCount":1,"idf":1.4054651081081644},"origin":{"docCount":1,"idf":1.4054651081081644},"reviewing":{"docCount":1,"idf":1.4054651081081644},"avoid":{"docCount":1,"idf":1.4054651081081644},"flagging":{"docCount":1,"idf":1.4054651081081644},"issues":{"docCount":1,"idf":1.4054651081081644},"already":{"docCount":1,"idf":1.4054651081081644},"fixed":{"docCount":1,"idf":1.4054651081081644},"code":{"docCount":1,"idf":1.4054651081081644},"workflow":{"docCount":1,"idf":1.4054651081081644},"quality":{"docCount":1,"idf":1.4054651081081644},"gates":{"docCount":1,"idf":1.4054651081081644},"typecheck":{"docCount":1,"idf":1.4054651081081644},"lint":{"docCount":1,"idf":1.4054651081081644},"unit":{"docCount":1,"idf":1.4054651081081644},"tests":{"docCount":1,"idf":1.4054651081081644},"must":{"docCount":1,"idf":1.4054651081081644},"pass":{"docCount":1,"idf":1.4054651081081644},"pr":{"docCount":1,"idf":1.4054651081081644},"marked":{"docCount":1,"idf":1.4054651081081644},"verified":{"docCount":1,"idf":1.4054651081081644}},"documents":{"ep_stage_diary_001":{"taskId":"2","episodeId":"ep_stage_diary_001","source":"stage_diary","content":"{\"stage\":\"build\",\"insights\":[{\"kind\":\"lesson\",\"text\":\"The `totalCourses` field on the dashboard response distinguishes 'no courses assigned' (0) from 'viewing without courses' — always include a count field alongside array data for frontend conditional r\",\"scope\":\"src/app/api/instructor/dashboard/route.ts\"},{\"kind\":\"convention\",\"text\":\"Admin oversight UI uses a distinct 'Course Oversight' heading (not the instructor's 'Your Courses' heading) to differentiate the admin supervisory view from the instructor self-view.\",\"scope\":\"src/app/(frontend)/instructor-dashboard/InstructorDashboardContent.tsx\"},{\"kind\":\"decision\",\"text\":\"The server-side pattern builds an `instructorsByCourse` map from `courses` + `course-instructors` collections, then injects the per-course instructor array into each course object before returning — a\",\"scope\":\"src/app/api/instructor/dashboard/route.ts\"},{\"kind\":\"gotcha\",\"text\":\"The InstructorDashboardContent component conditionally renders the admin 'Course Oversigh","createdAt":"2026-04-19T15:42:54.026Z","wordCount":1000,"positions":[2,10,18,31,38,47,59,73,86,96,105,120,123,131,151,159,167,178,185,195,201,207,217,223,232,241,257,265,269,273,277,288,298,304,311,318,331,338,344,354,357,364,374,381,392,401,409,423,428,437,449,467,473,485,499,510,515,523,531,535,540,550,561,571,598,606,613,624,635,642,647,655,666,687,697,709,716,729,747,759,763,770,781,787,797,804,811,818,834,842,846,850,854,865,875,881,888,895,904,915,942,952,966,978,985,992]},"ep_stage_diary_002":{"taskId":"2","episodeId":"ep_stage_diary_002","source":"stage_diary",