"course","course_status","chapter","lesson","lesson_type","lesson_status","system_exercise_count","system_exercises","pdf_count","pdf_files","context_present","context_characters","content_pages","other_files","has_any_content","lesson_id"
"כיתה יא - 4 יח""ל - 471","מפורסם","שאלון בגרות","10 דרכים, איך לרמות בעזרת המחשבון בבחינות","לימוד","מפורסם","0","","0","","no","0","10 דרכים לרמות בעזרת המחשבון - בבחינות","","yes","69ae60d95c712c6396a6a3ed"
"11th Grade - 4 Units - 471","מפורסם","Matriculation exam","10 ways to cheat with a calculator in exams","לימוד","מפורסם","0","","0","","no","0","","","no","69c4f0c1f7d0432e422464cf"
"11th Grade - 4 Units - 471","מפורסם","Matriculation exam","10 ways to cheat with a calculator on exams","לימוד","מפורסם","0","","0","","no","0","","","no","69c4f388223faeee54f8661e"
"כיתה יב - 5 יח""ל - 572","מפורסם","בגרות","2026 - קיץ","בחינה","מפורסם","0","","1","processed_Math - 5units - 572 - 2026 - winter-5tGQP3Hap9ZlBkXJeRF3ei0qRVSets.pdf","no","0","","","yes","69cba777e6cafe2088822d3f"
"כיתה יב - 4 יח""ל - 472","מפורסם","בגרויות","2026 - קיץ","בחינה","מפורסם","0","","0","","no","0","","","no","69f58986c9a5ed5e7ed81b9b"
"כיתה ט - בסיס","מפורסם","כיתה ט - בסיס - אלגברה","אחוזים","לימוד","מפורסם","14","אחוזים; אחוזים; אחוזים; אחוזים; אחוזים; אחוזים; אחוזים; אחוזים; אחוזים; אחוזים; אחוזים; אחוזים; אחוזים; אחוזים","0","","no","0","","","yes","698858780729e912e4ce98b2"
"כיתה י - 3 יח""ל - 172","מפורסם","אלגברה","אחוזים","תרגול","מפורסם","0","","0","","no","0","","","no","69f45ce0c5ad4346d8a72763"
"כיתה ח' - בסיס","מפורסם","אלגברה","אחוזים","לימוד","מפורסם","0","","1","קטעים מיוחדים במשולש-FovzrniRVRBGKyS1wbjPUcZgERI4C5.pdf","yes","22119","","","yes","69f4788229f4ef19cd10c6f4"
"כיתה י - 3 יח""ל - 172","מפורסם","אלגברה","אחוזים","לימוד","מפורסם","0","","0","","no","0","","","no","69f48e4363db1329fbc4b701"
"כיתה יא - 4 יח""ל - 471","מפורסם","שאלון בגרות","אינטגרל","לימוד","מפורסם","5","אינטגרל - בסיס; אינטגרל - בסיס; אינטגרל - בסיס; אינטגרל - בסיס; אינטגרל - בסיס","0","","no","0","ממוצע; אינטגרל - בסיס","beta1-ngH889urHPH7bQcp2W70kOLJOHRgw1.tex","yes","69ae60945c712c6396a6a3bc"
"כיתה ח' - בסיס","מפורסם","אלגברה","בעיות מילוליות","לימוד","מפורסם","0","","1","קטעים מיוחדים במשולש-FovzrniRVRBGKyS1wbjPUcZgERI4C5.pdf","yes","22119","","","yes","69f4787114e313deba72ecf5"
"כיתה ט - מתקדם","מפורסם","אלגברה","בעיות מילוליות - גיאומטריות","לימוד","מפורסם","0","","0","","no","0","","","no","69ecacccdd4d44f6eb019993"
"כיתה ט - מתקדם","מפורסם","אלגברה","בעיות מילוליות - קנייה ומכירה","לימוד","מפורסם","0","","0","","no","0","","","no","69ecac5cdd4d44f6eb019966"
"כיתה יא - 4 יח""ל - 471","מפורסם","שאלון בגרות","בעיית קיצון - איך מתחילים","לימוד","מפורסם","0","","0","","no","0","","","no","69ae60bf740b082ba31449e6"
"כיתה יב - 4 יח""ל - 472","מפורסם","אלגברה","גדילה מעריכית","תרגול","מפורסם","0","","0","","no","0","","","no","69f58b8a85f66461b5dff549"
"כיתה יב - 4 יח""ל - 472","מפורסם","אלגברה","גדילה מעריכית - בסיס","תרגול","מפורסם","0","","0","","no","0","","","no","69f58b71c9a5ed5e7ed81bfa"
"כיתה יב - 4 יח""ל - 472","מפורסם","אלגברה","גדילה מערכיעית - גרף","תרגול","מפורסם","0","","0","","no","0","","","no","69f58b9eef7ee56187b45fb0"
"כיתה יא - 3 יח""ל - 371","מפורסם","אלגברה","גדילה מערכית","תרגול","מפורסם","0","","1","משולש ישר טריגונמטריהזווית-ltLIg2m9VmacTGVj4HIruQGRGOaPN4.pdf","no","0","","","yes","69f51301cc65cc575bd3df27"
"הכנה לכיתה ז","מפורסם","גאומטריה","גיאומטריה - זוויות","לימוד","מפורסם","10","מהי זווית? (קודקוד ושוקיים) — תרגיל 1; איך מודדים זווית? (מעלות ומד זווית) — תרגיל 2; מתן שמות לזוויות (3 אותיות) — תרגיל 3; זווית ישרה (90°) — תרגיל 4; זווית חדה (פחות מ-90°) — תרגיל 5; זווית קהה (מעל 90° ועד 180°) — תרגיל 6; זווית שטוחה (180°) — תרגיל 7; הערכה ויזואלית של גודל הזווית — תרגיל 8; זוויות על פני השעון — תרגיל 9; אתגר הצורה המורכבת — תרגיל 10","0","","no","0","","","yes","6a731b6b83fa000655cdc31b"
"כיתה יב - 4 יח""ל - 472","מפורסם","אלגברה","גידול מערכי - בסיס","לימוד","מפורסם","0","","0","","no","0","","","no","69f58e1fcfeb753fc5661ab3"
"כיתה יב - 4 יח""ל - 472","מפורסם","אלגברה","גידול מערכי - מציאת q","לימוד","מפורסם","0","","0","","no","0","","","no","69f58e33281ca1d9409c625d"
"כיתה יב - 4 יח""ל - 472","מפורסם","אלגברה","גידול מערכי - מציאת t","לימוד","מפורסם","0","","0","","no","0","","","no","69f58e4a3fdab2477f03bd71"
"כיתה ח' - מתקדם","מפורסם","גיאומטירה","דימיון משולשים","לימוד","מפורסם","0","","1","קטעים מיוחדים במשולש-FovzrniRVRBGKyS1wbjPUcZgERI4C5.pdf","yes","22119","","","yes","69f47351c4406639ab5ea69a"
"כיתה ח' - מתקדם","מפורסם","גיאומטירה","דלתון","לימוד","מפורסם","0","","1","קטעים מיוחדים במשולש-FovzrniRVRBGKyS1wbjPUcZgERI4C5.pdf","yes","22119","","","yes","69f473478ef0013c990cc5df"
"הכנה לכיתה ז","מפורסם","שברים","הבנת השבר","לימוד","מפורסם","10","מהו שבר? הכרת מונה ומכנה — תרגיל 1; ייצוג חזותי של שברים — תרגיל 2; שברים על ציר המספרים — תרגיל 3; שברים פשוטים ושברים מדומים — תרגיל 4; המרת שבר מדומה למספר מעורב (ולהפך) — תרגיל 5; שברים שקולים – הכרה ראשונית — תרגיל 6; השוואת שברים – מכנה זהה או מונה זהה — תרגיל 7; שברים בבעיות מילוליות — תרגיל 8; שבר כתוצאה של חילוק — תרגיל 9; סקירה והעמקה — תרגיל 10","0","","no","0","","","yes","6a71efb255c56c9aeb8f6f26"
"כיתה ט - מתקדם","מפורסם","סטטיסטיקה והסתברות","הסתברות","תרגול","מפורסם","0","","1","הסתברות - כיתה ט-LoHLl5vZ0jghUKY2qxctzXV25d52eP.pdf","no","0","","","yes","69ccfc215567d80b5432969a"
"כיתה ט - מתקדם","מפורסם","","הסתברות","תרגול","טיוטה","0","","0","","no","0","","","no","69e8dbb8bcc1a944afba7302"
"כיתה יא - 3 יח""ל - 371","מפורסם","הסתברות","הסתברות - בסיס","לימוד","מפורסם","0","","1","משולש ישר טריגונמטריהזווית-ltLIg2m9VmacTGVj4HIruQGRGOaPN4.pdf","no","0","","","yes","69f515b9431ad67c5d0c4437"
"כיתה יא - 3 יח""ל - 371","מפורסם","הסתברות","הסתברות - דו שלבי","תרגול","מפורסם","0","","1","משולש ישר טריגונמטריהזווית-ltLIg2m9VmacTGVj4HIruQGRGOaPN4.pdf","no","0","","","yes","69f587ada0a8b472904fcaae"
"כיתה י - 3 יח""ל - 172","מפורסם","סטטיסטיקה והסתברות","הסתברות בסיס","לימוד","מפורסם","0","","0","","no","0","","","no","69f47b6c178c0e461a541c61"
"כיתה י - 3 יח""ל - 172","מפורסם","סטטיסטיקה והסתברות","הסתברות בסיס","תרגול","מפורסם","0","","0","","no","0","","","no","69f48cb219066a21862ada3e"
"כיתה יא - 4 יח""ל - 471","מפורסם","שאלון בגרות","הקשר של tana והשיפוע - גיאומטריה","לימוד","מפורסם","2","שיפוע - tana; שיפוע  (tana)","0","","no","0","","","yes","69ae62824ed0e5b6e751c033"
"כיתה יא - 4 יח""ל - 471","מפורסם","שאלון בגרות","התפלגות נורמלית - שימוש בטבלה","לימוד","מפורסם","1","התפלגות - שימוש בטבלה","0","","no","0","","","yes","69ae62334ed0e5b6e751c01c"
"כיתה יב - 4 יח""ל - 472","מפורסם","וקטורים","וקטור אגברי - ייצוג של וקטור","תרגול","מפורסם","0","","0","","no","0","","","no","69f58cc385f66461b5dff5dc"
"כיתה יב - 4 יח""ל - 472","מפורסם","וקטורים","וקטור אגברי - ייצוג של מישור","תרגול","מפורסם","0","","0","","no","0","","","no","69f58cdccfeb753fc5661a3a"
"כיתה יב - 4 יח""ל - 472","מפורסם","וקטורים","וקטור אלגברי - מצב הדדי בין וקטור ומישור","לימוד","מפורסם","0","","0","","no","0","","","no","69f59066c9a5ed5e7ed81f09"
"כיתה יב - 4 יח""ל - 472","מפורסם","וקטורים","וקטור אלגברי - מצב הדדי בין וקטורים","לימוד","מפורסם","0","","0","","no","0","","","no","69f59022281ca1d9409c6326"
"כיתה יב - 4 יח""ל - 472","מפורסם","וקטורים","וקטור אלגברי - מרחקים","לימוד","מפורסם","0","","0","","no","0","","","no","69f5907def7ee56187b46197"
"כיתה יב - 4 יח""ל - 472","מפורסם","וקטורים","וקטור גיאומטרי","תרגול","מפורסם","0","","0","","no","0","","","no","69f58cad9ac80f7ba1d98349"
"כיתה יב - 4 יח""ל - 472","מפורסם","וקטורים","וקטור גיאומטרי  - ייחידות ההצגה","לימוד","מפורסם","0","","0","","no","0","","","no","69f59005c9a5ed5e7ed81e62"
"כיתה יב - 4 יח""ל - 472","מפורסם","וקטורים","וקטור גיאומטרי  - מכפלה סקלרית","לימוד","מפורסם","0","","0","","no","0","","","no","69f58fdbcfeb753fc5661bb2"
"כיתה יב - 4 יח""ל - 472","מפורסם","וקטורים","וקטור גיאומטרי  - קומבינציה לינארית","לימוד","מפורסם","0","","0","","no","0","","","no","69f58fecef7ee56187b4614a"
"כיתה יב - 4 יח""ל - 472","מפורסם","וקטורים","וקטור גיאומטרי בסיס","תרגול","מפורסם","0","","0","","no","0","","","no","69f58c649ac80f7ba1d982e2"
"כיתה יב - 4 יח""ל - 472","מפורסם","וקטורים","וקטור גיאומטרי בסיס","לימוד","מפורסם","0","","0","","no","0","","","no","69f58fcd3fdab2477f03beca"
"כיתה ז׳","מפורסם","כיתה ז - גיאומטריה","זוויות","לימוד","מפורסם, לא פעיל","0","","1","כיתה ז - יחידה 9 - זוויות צמודות וקודקודיות.pdf","no","0","","","yes","69f3a8286c72b2a1c163fab6"
"כיתה ח' - מתקדם","מפורסם","גיאומטירה","זוויות","לימוד","מפורסם","0","","1","קטעים מיוחדים במשולש-FovzrniRVRBGKyS1wbjPUcZgERI4C5.pdf","yes","22119","","","yes","69f4729c2076368473c1b111"
"כיתה ח' - בסיס","מפורסם","גיאומטריה","זוויות וקטעים","תרגול","מפורסם","0","","0","","yes","10366","","","yes","69f45c3035cf126ea04f1e4f"
"","","","זווית - בסיס","לימוד","מפורסם","3","תרגיל 1; תרגיל 2; תרגיל 3","0","","no","0","","","yes","6a438ea0c93aa5b585571b87"
"","","","זווית - בסיס","לימוד","מפורסם","3","תרגיל 1; תרגיל 2; תרגיל 3","0","","no","0","","","yes","6a688d6a90e1ad0cfe0c85c2"
"","","","זווית - בסיס","לימוד","מפורסם","3","תרגיל 1; תרגיל 2; תרגיל 3","0","","no","0","","","yes","62d5bcc0ced9655a8954c7e3"
"כיתה ח' - בסיס","מפורסם","אלגברה","חוק הפילוג","לימוד","מפורסם","0","","1","קטעים מיוחדים במשולש-FovzrniRVRBGKyS1wbjPUcZgERI4C5.pdf","yes","22119","","","yes","69f4782d14e313deba72eccd"
"כיתה ט - מתקדם","מפורסם","אלגברה","חוקי חזקות","תרגול","מפורסם","0","","1","כיתה ט' - יחידה 1 - חוקי חזקות - אלגברה --ZP0SEx0XcaGNsp6ll3uHAv5yvSPVqs.pdf","no","0","","","yes","69c597e349cc801b4f990806"
"כיתה ט - בסיס","מפורסם","אלגברה","חוקי חזקות","תרגול","מפורסם","0","","0","","no","0","","","no","69c5983bc3590e7def202966"
"כיתה יב - 4 יח""ל - 472","מפורסם","אלגברה","חוקי חזקות","תרגול","מפורסם","0","","0","","no","0","","","no","69f58bb585f66461b5dff589"
"כיתה ט - מתקדם","מפורסם","אלגברה","חוקי חזקות - 1","לימוד","מפורסם","0","","0","","no","0","","","no","69ecab463540f0153c52747f"
"כיתה ט - מתקדם","מפורסם","אלגברה","חוקי חזקות - 2","לימוד","מפורסם","0","","0","","no","0","","","no","69ecab4edd4d44f6eb0198a7"
"הכנה לכיתה ז","מפורסם","Orphaned lessons","חוקיות","תרגול","מפורסם","0","","1","הכנה-כיתה-ז23-חוקיות-aCY2Of6cpwODg7x5MF14Z8rNVmTuDX.pdf","no","0","","","yes","6a05cd3be2ffc5bd1dcdc328"
"הכנה לכיתה ז","מפורסם","Orphaned lessons","חוקיות","תרגול","מפורסם","0","","1","הכנה-כיתה-ז23-חוקיות-aCY2Of6cpwODg7x5MF14Z8rNVmTuDX.pdf","no","0","","","yes","6a688d6a90e1ad0cfe0c85c4"
"הכנה לכיתה ז","מפורסם","Orphaned lessons","חוקיות","תרגול","מפורסם","0","","1","הכנה-כיתה-ז23-חוקיות-aCY2Of6cpwODg7x5MF14Z8rNVmTuDX.pdf","no","0","","","yes","33533465125c8fe97d4b37d1"
"כיתה יב  - 3 יח""ל - 372","מפורסם","בגרויות","חורף 2026","בחינה","מפורסם","0","","1","3 unit - 372 - 2026 - winter  - test-8OgqPPtBvKPPkVvs3Om19wYsXxqowo.pdf","yes","19749","","","yes","69beb09371c57f08a94e7542"
"כיתה ח' - בסיס","מפורסם","גיאומטריה","חפיפת משולשים","תרגול","מפורסם","0","","1","כיתה ח - יחידה 15 - חפיפת משולשים.pdf","yes","10366","","","yes","69ccf03467f63a55bdd1b234"
"כיתה ט - בסיס","מפורסם","גיאומטריה","חפיפת משולשים","תרגול","מפורסם","0","","1","כיתה ח - יחידה 15 - חפיפת משולשים.docx.pdf","no","0","","","yes","69f25cf3d8bece8c7150e6d7"
"כיתה ט - בסיס","מפורסם","גיאומטריה","חפיפת משולשים","לימוד","מפורסם","0","","0","","no","0","","","no","69f45ec075de1b1b345dbe33"
"כיתה ח' - מתקדם","מפורסם","גיאומטירה","חפיפת משולשים","לימוד","מפורסם","0","","1","קטעים מיוחדים במשולש-FovzrniRVRBGKyS1wbjPUcZgERI4C5.pdf","yes","22119","","","yes","69f472ed858f1030e0d9e250"
"כיתה י - 4 יח""ל","מפורסם","","חציון","לימוד","מפורסם","5","ממוצע; ממוצע; ממוצע; ממוצע; ממוצע","0","","no","0","","","yes","69ccf2c1199baaba55216f7f"
"כיתה יב - 4 יח""ל - 472","מפורסם","חשבון דיפרנצאלי ואינטרגלי","חקירה - פונקציה  a^x","תרגול","מפורסם","0","","0","","no","0","","","no","69f58a979ac80f7ba1d981ba"
"כיתה יב - 4 יח""ל - 472","מפורסם","חשבון דיפרנצאלי ואינטרגלי","חקירה - פונקציה לוגרתמית - ln","תרגול","מפורסם","0","","0","","no","0","","","no","69f58ab3281ca1d9409c61b4"
"כיתה יב - 4 יח""ל - 472","מפורסם","חשבון דיפרנצאלי ואינטרגלי","חקירה - פונקציה לוגרתמית - log","תרגול","מפורסם","0","","0","","no","0","","","no","69f58ad385f66461b5dff4e8"
"כיתה יב - 4 יח""ל - 472","מפורסם","חשבון דיפרנצאלי ואינטרגלי","חקירה - פונקציה מעריכית e","תרגול","מפורסם","0","","0","","no","0","","","no","69f58a50ef7ee56187b45f02"
"כיתה יא - 4 יח""ל - 471","מפורסם","שאלון בגרות","טריגונומטריה במשולש ישר זווית","לימוד","מפורסם","1","","0","","no","0","טריגונומטריה המשולש ישר זווית","","yes","69ae625e740b082ba3144a22"
"כיתה יא - 3 יח""ל - 371","מפורסם","גיאומטריה","טריגונומטריה ומשפט פיתגורס - בסיס","תרגול","מפורסם","0","","1","משולש ישר טריגונמטריהזווית-ltLIg2m9VmacTGVj4HIruQGRGOaPN4.pdf","no","0","","","yes","69f58853281ca1d9409c612c"
"כיתה יא - 3 יח""ל - 371","מפורסם","גיאומטריה","טריגונמטירה - משולש ישר זווית","תרגול","מפורסם","0","","1","משולש ישר טריגונמטריהזווית-ltLIg2m9VmacTGVj4HIruQGRGOaPN4.pdf","no","0","","","yes","69d13f7d981f93939c40d4da"
"כיתה יא - 3 יח""ל - 371","מפורסם","גיאומטריה","טריגונמטירה - משולש ישר זווית","לימוד","מפורסם","0","","1","משולש ישר טריגונמטריהזווית-ltLIg2m9VmacTGVj4HIruQGRGOaPN4.pdf","no","0","","","yes","69d13fc243f0b43f2e56eca2"
"כיתה ח' - מתקדם","מפורסם","גיאומטירה","טרפז","לימוד","מפורסם","0","","1","קטעים מיוחדים במשולש-FovzrniRVRBGKyS1wbjPUcZgERI4C5.pdf","yes","22119","","","yes","69f47373751479b982d9f401"
"כיתה ח' - מתקדם","מפורסם","גיאומטירה","טרפז","לימוד","מפורסם","0","","1","קטעים מיוחדים במשולש-FovzrniRVRBGKyS1wbjPUcZgERI4C5.pdf","yes","22119","","","yes","69f4738fc4406639ab5ea6b8"
"כיתה ח' - מתקדם","מפורסם","אלגברה","יחס ופרופורציה","תרגול","מפורסם","0","","1","כיתה ח - יחידה 6 - יחס פרופורציה וקנה מידה-bV8D2v4iC6NU23aAX6MlJy85xUECPR.pdf","no","0","","","yes","69ccec14d46d8c6076170469"
"כיתה ח' - בסיס","מפורסם","אלגברה","יחס ופרופורציה","לימוד","מפורסם","0","","1","קטעים מיוחדים במשולש-FovzrniRVRBGKyS1wbjPUcZgERI4C5.pdf","yes","22119","","","yes","69f4786229f4ef19cd10c6cc"
"כיתה ח' - בסיס","מפורסם","פונקציות","ייצוג של ישר","תרגול","מפורסם","0","","0","","no","0","","","no","69cbf7a9b44b92f140e88dbd"
"כיתה ח' - מתקדם","מפורסם","פונקציה","ייצוג של ישר","לימוד","מפורסם","0","","1","קטעים מיוחדים במשולש-FovzrniRVRBGKyS1wbjPUcZgERI4C5.pdf","yes","22119","","","yes","69f473b7858f1030e0d9e306"
"הכנה לז' גיבוי","טיוטה","אלגברה - הכנה","יישומים - סדר פעולות חשבון","לימוד","טיוטה","10","למידה ראשונית של סדר פעולות חשבון (ללא סוגריים) — תרגיל 1; הוספת סוגריים (הכוח החזק ביותר) — תרגיל 2; סוגריים בתוך סוגריים (סוגריים מרובעים) — תרגיל 3; הכרת החזקות בסדר הפעולות — תרגיל 4; שילוב מורכב של חזקות וסוגריים — תרגיל 5; קו שבר מתפקד כסוגריים — תרגיל 6; מלכודת משמאל לימין (כפל וחילוק) — תרגיל 7; מלכודות המספרים 0 ו-1 — תרגיל 8; השרשרת השלמה (מבחן הסיכום) — תרגיל 9; הנדסה הפוכה והצבת סוגריים — תרגיל 10","0","","no","0","","","yes","6a7454a2fc7d19d634c258b5"
"כיתה ט - מתקדם","מפורסם","אלגברה","כפל מקוצר - a^2-2ab+b^2","לימוד","מפורסם","0","","0","","no","0","","","no","69ecab8edd4d44f6eb0198fa"
"כיתה ט - מתקדם","מפורסם","אלגברה","כפל מקוצר - a^2-b^2","לימוד","מפורסם","0","","0","","no","0","","","no","69ecab6b3540f0153c5274b0"
"כיתה יא - 5 יח""ל - 571","מפורסם","מבחני מתכונת","מבחן דמה 2 - 571","בחינה","מפורסם","0","","1","מבחן דמה 2 - 571-ipDapMxvOolAjcKfNRBOSvCJ6e0H5b.pdf","yes","40954","","","yes","69c0135f8bd38ab64fcf7de2"
"כיתה ט - בסיס","מפורסם","גיאומטריה","מלבן - הוכחה","לימוד","מפורסם","0","","0","","no","0","","","no","69f45f8075de1b1b345dbe92"
"כיתה ט - בסיס","מפורסם","גיאומטריה","מלבן - תכונות","לימוד","מפורסם","0","","0","","no","0","","","no","69f45f750e1a409da7b33b40"
"כיתה י - 4 יח""ל","מפורסם","","ממוצע","לימוד","מפורסם","0","","0","","no","0","","","no","69cf7de6975606ca47ece5bb"
"כיתה ט - מתקדם","מפורסם","סטטיסטיקה והסתברות","ממוצע","לימוד","מפורסם","0","","0","","yes","27550","","","yes","69ecfbd220ded134b53d1a73"
"הכנה לכיתה ז","מפורסם","סטטיסטיקה","ממוצע - מבוא","לימוד","מפורסם","10","מהו הממוצע? הצגת הרעיון דרך ""חלוקה שווה"" — תרגיל 1; חישוב ממוצע של מספרים שלמים קטנים — תרגיל 2; ממוצע עם מספרים לא שלמים או מספרים גדולים יותר — תרגיל 3; מציאת נתון חסר כשהממוצע נתון — תרגיל 4; ממוצע עם נתונים חוזרים (הקדמה לממוצע משוקלל) — תרגיל 5; שינויים בממוצע בעקבות הוספה/הורדה של נתון — תרגיל 6; השוואת ממוצעים בין קבוצות — תרגיל 7; שימושים יום-יומיים לממוצע (ניתוח נתונים פשוט) — תרגיל 8; ממוצע של ממוצעים (חישוב ממוצע כולל לקבוצה גדולה) — תרגיל 9; יישום והבנה עמוקה של חשיבות הממוצע — תרגיל 10","0","","no","0","","","yes","6a744c66f81b54eb969dc406"
"הכנה לז' גיבוי","טיוטה","סטטיסטיקה","ממוצע - מבוא","לימוד","טיוטה","10","מהו הממוצע? הצגת הרעיון דרך ""חלוקה שווה"" — תרגיל 1; חישוב ממוצע של מספרים שלמים קטנים — תרגיל 2; ממוצע עם מספרים לא שלמים או מספרים גדולים יותר — תרגיל 3; מציאת נתון חסר כשהממוצע נתון — תרגיל 4; ממוצע עם נתונים חוזרים (הקדמה לממוצע משוקלל) — תרגיל 5; שינויים בממוצע בעקבות הוספה/הורדה של נתון — תרגיל 6; השוואת ממוצעים בין קבוצות — תרגיל 7; שימושים יום-יומיים לממוצע (ניתוח נתונים פשוט) — תרגיל 8; ממוצע של ממוצעים (חישוב ממוצע כולל לקבוצה גדולה) — תרגיל 9; יישום והבנה עמוקה של חשיבות הממוצע — תרגיל 10","0","","no","0","","","yes","6a7454a2fc7d19d634c258b4"
"הכנה לכיתה ז","מפורסם","Orphaned lessons","ממוצע חשבוני","תרגול","מפורסם","0","","1","הכנה-כיתה-ז19-ממוצע-חשבוני-GBRQGitRJ4nhTa2uZqC2wwRjzGIbjK.pdf","no","0","","","yes","6a05cd6fb9a5cb55a25ba9a5"
"הכנה לכיתה ז","מפורסם","Orphaned lessons","ממוצע חשבוני","תרגול","מפורסם","0","","1","הכנה-כיתה-ז19-ממוצע-חשבוני-GBRQGitRJ4nhTa2uZqC2wwRjzGIbjK.pdf","no","0","","","yes","6a688d6a90e1ad0cfe0c85c3"
"הכנה לכיתה ז","מפורסם","Orphaned lessons","ממוצע חשבוני","תרגול","מפורסם","0","","1","הכנה-כיתה-ז19-ממוצע-חשבוני-GBRQGitRJ4nhTa2uZqC2wwRjzGIbjK.pdf","no","0","","","yes","ca2b41c1862f7a5b95744d47"
"הכנה לכיתה ז","מפורסם","מספרים טבעיים","מספרים טבעיים - אומדן","לימוד","מפורסם","10","מבוא לעיגול מספרים לעשרת הקרובה — תרגיל 1; עיגול מספרים למאה הקרובה ויישומו — תרגיל 2; אומדן של פעולת כפל במספרים חד-ספרתיים ודו-ספרתיים — תרגיל 3; אומדן יתר מול אומדן חסר ומשמעותם — תרגיל 4; התאמת מספרים לעיגול ומצבי קנייה מורכבים — תרגיל 5; עיגול מספרים גדולים לאלפים ולרבבות — תרגיל 6; הבנת גבולות העיגול וטווחי מספרים — תרגיל 7; השלמת וניתוח טבלאות אומדן מורכבות — תרגיל 8; חישובים משולבים ואנליזה של שגיאות — תרגיל 9; אתגר האומדן הגדול ומיומנות מתקדמת — תרגיל 10","0","","no","0","","","yes","6a6a9778e20edfb96aeb4478"
"הכנה לכיתה ז","מפורסם","","מספרים טבעיים - חילוק ארוך","לימוד","מפורסם","10","יסודות החילוק הארוך - מספר דו-ספרתי בחד-ספרתי — תרגיל 1; תרגול נוסף של חילוק ארוך בסיסי — תרגיל 2; התמודדות עם אפס במנה (מספר תלת-ספרתי בחד-ספרתי) — תרגיל 3; הערכת מנה ובדיקת התוצאה — תרגיל 4; חילוק עם שארית — תרגיל 5; חילוק במספר דו-ספרתי — תרגיל 6; פתרון בעיה מילולית ומשמעות השארית — תרגיל 7; ניתוח טבלאות חילוק ובקרת נתונים — תרגיל 8; חילוק מספר ארבע-ספרתי בדו-ספרתי — תרגיל 9; אתגר מורכב משולב — תרגיל 10","0","","no","0","","","yes","d540a941bf67bf1feff00490"
"הכנה לז' גיבוי","טיוטה","מספרים טבעיים","מספרים טבעיים - חילוק ארוך","לימוד","טיוטה","10","יסודות החילוק הארוך - מספר דו-ספרתי בחד-ספרתי — תרגיל 1; תרגול נוסף של חילוק ארוך בסיסי — תרגיל 2; התמודדות עם אפס במנה (מספר תלת-ספרתי בחד-ספרתי) — תרגיל 3; הערכת מנה ובדיקת התוצאה — תרגיל 4; חילוק עם שארית — תרגיל 5; חילוק במספר דו-ספרתי — תרגיל 6; פתרון בעיה מילולית ומשמעות השארית — תרגיל 7; ניתוח טבלאות חילוק ובקרת נתונים — תרגיל 8; חילוק מספר ארבע-ספרתי בדו-ספרתי — תרגיל 9; אתגר מורכב משולב — תרגיל 10","0","","no","0","","","yes","6a7454a2fc7d19d634c258b7"
"כיתה ט - בסיס","מפורסם","גיאומטריה","מעוין - הוכחה","לימוד","מפורסם","0","","0","","no","0","","","no","69f45f95866993daf0dcdda6"
"כיתה ט - בסיס","מפורסם","גיאומטריה","מעוין - תכונות","לימוד","מפורסם","10","תרגיל 1; תרגיל 2; תרגיל 3; תרגיל 4; תרגיל 5; תרגיל 6; תרגיל 7; תרגיל 8; תרגיל 9; תרגיל 10: חישובים במעוין","0","","yes","14611","","מעויין - שיעור-HDmHg0g6yNXqGbZLuoIR7ZBL2N2uv8.tex","yes","69f45fb24582841da4eb9dc2"
"כיתה ח' - מתקדם","מפורסם","פונקציה","מציאת ייצוג אלגברי של ישר","לימוד","מפורסם","0","","1","קטעים מיוחדים במשולש-FovzrniRVRBGKyS1wbjPUcZgERI4C5.pdf","yes","22119","","","yes","69f475078ef0013c990cc6a3"
"כיתה יא - 4 יח""ל - 471","מפורסם","שאלון בגרות","מציאת נקודות חיתוך בין  מעגל וישר","לימוד","מפורסם","0","","0","","no","0","","","no","69ae62ac4ed0e5b6e751c04c"
"כיתה ט - בסיס","מפורסם","פונקציה","מציאת נקודות חיתוך עם הצירים או בין ישרים","לימוד","מפורסם","0","","1","קטעים מיוחדים במשולש-FovzrniRVRBGKyS1wbjPUcZgERI4C5.pdf","yes","22119","","","yes","69f47747c4406639ab5ea72a"
"כיתה ח' - מתקדם","מפורסם","פונקציה","מצס הדדי בין ישרים","לימוד","מפורסם","0","","1","קטעים מיוחדים במשולש-FovzrniRVRBGKyS1wbjPUcZgERI4C5.pdf","yes","22119","","","yes","69f4771d751479b982d9f445"
"כיתה ט - בסיס","מפורסם","גיאומטריה","מקבילית - הוכחה","לימוד","מפורסם","0","","0","","no","0","","","no","69f45f684582841da4eb9d73"
"כיתה ט - בסיס","מפורסם","גיאומטריה","מקבילית - תכונות","לימוד","מפורסם","0","","0","","no","0","","","no","69f45f580dd97c526f9a6b3f"
"כיתה ח' - בסיס","מפורסם","אלגברה","משוואות","תרגול","מפורסם","0","","1","כיתה ז - יחידה 7 - משוואות-1.pdf","yes","7837","","","yes","69cb560fcad2dcd9e4bcd2ee"
"כיתה י - 4 יח""ל","מפורסם","אלגברה","משוואות","לימוד","מפורסם","0","","0","","no","0","","","no","69f5057d5dc1b94fe55db689"
"כיתה י - 4 יח""ל","מפורסם","אלגברה","משוואות","תרגול","מפורסם","0","","0","","no","0","","","no","69f5059af548fc3d918b1b13"
"כיתה י - 5 יח""ל","מפורסם","אלגברה","משוואות","לימוד","מפורסם","0","","1","כיתה י - יחידה 1 - מושוואות - חזרה - כיתה ט'-2ThsWg29RVX8G4zdu21cUlW5wycyQm.pdf","no","0","","","yes","69f5aff828e6b58a3cd1320e"
"כיתה י - 5 יח""ל","מפורסם","אלגברה","משוואות - חזרה","תרגול","מפורסם","0","","1","כיתה י - יחידה 1 - מושוואות - חזרה - כיתה ט'-2ThsWg29RVX8G4zdu21cUlW5wycyQm.pdf","no","0","","","yes","69d0e6dcdbb3b54d696cbcf9"
"כיתה י - 4 יח""ל","מפורסם","אלגברה","משוואות אי רציונאליות","תרגול","מפורסם","0","","0","","no","0","","","no","69eb24a362d5058335f69d8d"
"כיתה י - 4 יח""ל","מפורסם","אלגברה","משוואות אי רציונאליות","לימוד","מפורסם","0","","0","","no","0","","","no","69f4adcadcc6e3d890993742"
"כיתה י - 4 יח""ל","מפורסם","אלגברה","משוואות דו ריבועיות","תרגול","מפורסם","0","","1","כיתה י - יחידה 3 - משוואות אי רציונאליות-J63PYRAORdcokhvoTGb42bcQvhIGYu.pdf","no","0","","","yes","69e9f02a744181e17b68a8af"
"כיתה י - 4 יח""ל","מפורסם","אלגברה","משוואות דו ריבועיות","לימוד","מפורסם","0","","1","כיתה י - יחידה 3 - משוואות אי רציונאליות-J63PYRAORdcokhvoTGb42bcQvhIGYu.pdf","no","0","","","yes","69f4ae181cee910b98cfcff5"
"כיתה יב - 4 יח""ל - 472","מפורסם","אלגברה","משוואות לוגרתמיות","תרגול","מפורסם","0","","0","","no","0","","","no","69f58bd63fdab2477f03bc60"
"כיתה יב - 4 יח""ל - 472","מפורסם","אלגברה","משוואות לוגרתמיות","לימוד","מפורסם","0","","0","","no","0","","","no","69f58e08281ca1d9409c622b"
"כיתה י - 3 יח""ל - 172","מפורסם","אלגברה","משוואות ממעלה ראשונה","לימוד","מפורסם","0","","0","","no","0","","","no","69f48e5963db1329fbc4b74e"
"כיתה י - 3 יח""ל - 172","מפורסם","אלגברה","משוואות ממעלה ראשונה","תרגול","מפורסם","0","","0","","no","0","","","no","69f48e7319066a21862adb63"
"כיתה יב - 4 יח""ל - 472","מפורסם","אלגברה","משוואות מעריכיות","תרגול","מפורסם","0","","0","","no","0","","","no","69f58bc2c9a5ed5e7ed81c4f"
"כיתה יב - 4 יח""ל - 472","מפורסם","אלגברה","משוואות מעריכיות","לימוד","מפורסם","0","","0","","no","0","","","no","69f58e1385f66461b5dff700"
"כיתה ח' - בסיס","מפורסם","אלגברה","משוואות עם שברים","לימוד","מפורסם","0","","1","קטעים מיוחדים במשולש-FovzrniRVRBGKyS1wbjPUcZgERI4C5.pdf","yes","22119","","","yes","69f477e8aca1a386ba52bed9"
"כיתה י - 4 יח""ל","מפורסם","אלגברה","משוואות פרמטריות","תרגול","מפורסם","0","","0","","no","0","","","no","69eb2407e538a0158806a3bc"
"כיתה י - 4 יח""ל","מפורסם","אלגברה","משוואות פרמטריות","לימוד","מפורסם","0","","0","","no","0","","","no","69f4ade15872de915806ce85"
"כיתה י - 4 יח""ל","מפורסם","אלגברה","משוואות רציונאליות","תרגול","מפורסם","0","","0","","no","0","","","no","69f504b289f2e29289ae9c51"
"כיתה י - 4 יח""ל","מפורסם","אלגברה","משוואות רציונאליות","לימוד","מפורסם","0","","0","","no","0","","","no","69f5050989f2e29289ae9cb8"
"כיתה ט - מתקדם","מפורסם","אלגברה","משוואות רצינאליות 1","לימוד","מפורסם","0","","0","","no","0","","","no","69ecac4873f946d317e20b0f"
"כיתה י - 5 יח""ל","מפורסם","פונקציה","משוואת משיק  לפונקציה","לימוד","מפורסם","0","","1","כיתה י - שיעור 8 - נגזרת ומשוואת משיק - פולינום-469QcNICOOa0qjWJ2954gRwh1F7xh5.pdf","no","0","","","yes","69f5b1001226cd2e9f917a2d"
"כיתה ט - בסיס","מפורסם","גיאומטריה","משולש ישר זווית","לימוד","מפורסם","0","","0","","no","0","","","no","69f45f4c866993daf0dcdd56"
"כיתה ט - בסיס","מפורסם","גיאומטריה","משולש שווה שוקיים","לימוד","מפורסם","0","","0","","no","0","","","no","69f45f2e0dd97c526f9a6aff"
"כיתה ט - בסיס","מפורסם","גיאומטריה","משולש שווה שוקיים - חישוב","תרגול","מפורסם","0","","1","משולש שווה שוקיים - חישוב-VyYiT0pQj3Uqnvt7ggdyCpySXYXVRB.pdf","yes","28511","","","yes","69c79c6da79e02b55f32e7a8"
"כיתה ט - בסיס","מפורסם","גיאומטריה","משולש שווה שוקיים - חישוב","תרגול","מפורסם","0","","1","משולש שווה שוקיים - חישוב-VyYiT0pQj3Uqnvt7ggdyCpySXYXVRB.pdf","yes","28511","","","yes","69f25cbda0aee234bfed6748"
"כיתה ח' - מתקדם","מפורסם","גיאומטירה","משולש שווה שוקים - הוכחה","לימוד","מפורסם","0","","1","קטעים מיוחדים במשולש-FovzrniRVRBGKyS1wbjPUcZgERI4C5.pdf","yes","22119","","","yes","69f47338858f1030e0d9e2a2"
"כיתה ח' - מתקדם","מפורסם","גיאומטירה","משולש שווה שוקים - תכונות","לימוד","מפורסם","0","","1","קטעים מיוחדים במשולש-FovzrniRVRBGKyS1wbjPUcZgERI4C5.pdf","yes","22119","","","yes","69f4731bac4823bcddf63eec"
"כיתה ט - מתקדם","מפורסם","גיאומטריה","משולשים - חזרה","תרגול","מפורסם","0","","1","כיתה ט' - יחידה 10 - משולשים חזרה - גיאומטריה - 52 תרגילים-JOI7G5fBOPQyoPD0HciKcGmqbkNcEp.pdf","no","0","","","yes","69ccf8cfb7f268bd91deeb69"
"כיתה י - 4 יח""ל","מפורסם","גיאומטריה","משולשים - מיוחדים וקטע אמצעים","תרגול","מפורסם","0","","0","","no","0","","","no","69eb0ad3bde1c6cde3c01e02"
"כיתה י - 5 יח""ל","מפורסם","גיאומטריה","משולשים ומרובעים חזרה","תרגול","מפורסם","0","","0","","no","0","","","no","69d10eb2f2573d01e63f6812"
"כיתה י - 3 יח""ל - 172","מפורסם","גיאומטריה","משפט פיתגורס","לימוד","מפורסם","0","","0","","no","0","","","no","69f47c65751479b982d9f585"
"כיתה י - 3 יח""ל - 172","מפורסם","גיאומטריה","משפט פיתגורס","תרגול","מפורסם","0","","0","","no","0","","","no","69f48d8619066a21862adb02"
"כיתה יא - 4 יח""ל - 471","מפורסם","שאלון בגרות","משפטים חשובים בגיאומטריה","לימוד","מפורסם","0","","0","","no","0","","","no","69ae629c5c712c6396a6a43f"
"כיתה יא - 4 יח""ל - 471","מפורסם","שאלון בגרות","נגזרת  של שורש","לימוד","מפורסם","3","נגזרת של שורש; נגזרת של שורש; נגזרת של שורש","0","","no","0","נגזרת של שורש","","yes","69adf122f3a19085a49ee36d"
"כיתה י - 4 יח""ל","מפורסם","פונקציות","נגרת ושיפוע שיפוע משיק","לימוד","מפורסם","0","","1","כיתה י - שיעור 8 - נגזרת ומשוואת משיק - פולינום-469QcNICOOa0qjWJ2954gRwh1F7xh5.pdf","no","0","","","yes","69f4ae4c46d4710b341df3c4"
"כיתה ט - מתקדם","מפורסם","אלגברה","נוסחאת השורשים","לימוד","מפורסם","0","","0","","no","0","","","no","69ecac2d3540f0153c527553"
"כיתה י - 5 יח""ל","מפורסם","פונקציה","נכזרות, שיפוע ומשוואת משיק","תרגול","מפורסם","0","","1","כיתה י - שיעור 8 - נגזרת ומשוואת משיק - פולינום-469QcNICOOa0qjWJ2954gRwh1F7xh5.pdf","no","0","","","yes","69d0e92bd04c0d5bc8eca5cc"
"כיתה י - 5 יח""ל","מפורסם","פונקציה","נכזרות, שיפוע ומשוואת משיק","לימוד","מפורסם","0","","1","כיתה י - שיעור 8 - נגזרת ומשוואת משיק - פולינום-469QcNICOOa0qjWJ2954gRwh1F7xh5.pdf","no","0","","","yes","69f5b0e03d98ae1113b9f2ad"
"כיתה יב - 5 יח""ל - 572","מפורסם","אנליטית","נקודה, ישר, מרחקים, חלוקה ביחס נתון","תרגול","מפורסם","0","","0","","no","0","","","no","69d0b60c94cebedfb49f7afc"
"הכנה לכיתה ז","מפורסם","כיתה ז","סדר פעולות חשבון","לימוד","טיוטה","10","למידה ראשונית של סדר פעולות חשבון (ללא סוגריים) — תרגיל 1; הוספת סוגריים (הכוח החזק ביותר) — תרגיל 2; סוגריים בתוך סוגריים (סוגריים מרובעים) — תרגיל 3; הכרת החזקות בסדר הפעולות — תרגיל 4; שילוב מורכב של חזקות וסוגריים — תרגיל 5; קו שבר מתפקד כסוגריים — תרגיל 6; מלכודת משמאל לימין (כפל וחילוק) — תרגיל 7; מלכודות המספרים 0 ו-1 — תרגיל 8; השרשרת השלמה (מבחן הסיכום) — תרגיל 9; הנדסה הפוכה והצבת סוגריים — תרגיל 10","0","","no","0","","","yes","6a8982b895de03863c802d5b"
"כיתה ז׳","מפורסם","כיתה ז - אלגברה","סדר פעולות חשבון","תרגול","מפורסם","7","כפל וחיבור – מי קודם? — תרגיל 1; הכלל החשוב ביותר! — תרגיל 2; חיבור, חיסור, כפל וחילוק (ללא סוגריים) — תרגיל 3; כוח עולה! — תרגיל 4; תרגילים מורכבים יותר — תרגיל 5; ביטויים ארוכים — תרגיל 6; ביטוי מורכב במיוחד — תרגיל 10","0","","no","0","","","yes","6a8d493551f5baa436160394"
"כיתה יב - 4 יח""ל - 472","מפורסם","אלגברה","סדרה הנדסית","תרגול","מפורסם","0","","0","","no","0","","","no","69f58b0b3fdab2477f03bc15"
"כיתה יב - 4 יח""ל - 472","מפורסם","אלגברה","סדרה הנדסית - איבר כללי","לימוד","מפורסם","0","","0","","no","0","","","no","69f58e78cfeb753fc5661b09"
"כיתה יב - 4 יח""ל - 472","מפורסם","אלגברה","סדרה הנדסית - אין סופית מתכנסת","לימוד","מפורסם","0","","0","","no","0","","","no","69f58ea1281ca1d9409c62c5"
"כיתה יב - 4 יח""ל - 472","מפורסם","אלגברה","סדרה הנדסית - סכום","לימוד","מפורסם","0","","0","","no","0","","","no","69f58e9285f66461b5dff733"
"כיתה יב - 4 יח""ל - 472","מפורסם","אלגברה","סדרה חשבונית - איבר כללי","לימוד","מפורסם","0","","0","","no","0","","","no","69f58e54281ca1d9409c629f"
"כיתה יב - 4 יח""ל - 472","מפורסם","אלגברה","סדרה חשבונית - סכום","תרגול","מפורסם","0","","0","","no","0","","","no","69f58ae8c9a5ed5e7ed81bd7"
"כיתה יב - 4 יח""ל - 472","מפורסם","אלגברה","סדרה חשבונית - סכום","לימוד","מפורסם","0","","0","","no","0","","","no","69f58e6c3fdab2477f03bdd0"
"כיתה ט - מתקדם","מפורסם","","סטטיסטיקה","תרגול","טיוטה","0","","0","","no","0","","","no","69e8dbb4bcc1a944afba72ec"
"כיתה ט - מתקדם","מפורסם","סטטיסטיקה והסתברות","סטטיסטיקה","תרגול","מפורסם","0","","1","סטטיסטיקה-XSmRyXIGOwn0fbVois1BrYCfZ3k0qx.pdf","no","0","","","yes","69e8de7b23f2eec35d478fc7"
"כיתה י - 4 יח""ל","מפורסם","סטטיסטיקה והסתברות","סטטיסטיקה","תרגול","מפורסם","0","","1","סטטיסטיקה-XSmRyXIGOwn0fbVois1BrYCfZ3k0qx.pdf","no","0","","","yes","69e9fc9a7f0ca2faa6bd204c"
"כיתה ח' - מתקדם","מפורסם","סטטיסטיקה","סטטיסטיקה","תרגול","מפורסם","0","","1","סטטיסטיקה-CkOXF1ReZdhAwcMpFEcrgIno72ztwk.pdf","no","0","","","yes","69ea449dd7002cd9f8f86976"
"כיתה ח' - מתקדם","מפורסם","סטטיסטיקה","סטטיסטיקה","לימוד","מפורסם","0","","1","סטטיסטיקה-CkOXF1ReZdhAwcMpFEcrgIno72ztwk.pdf","no","0","","","yes","69f3b7791bfdfb85ddb7fe5a"
"כיתה יא - 3 יח""ל - 371","מפורסם","הסתברות","סטטיסטיקה","תרגול","מפורסם","0","","1","משולש ישר טריגונמטריהזווית-ltLIg2m9VmacTGVj4HIruQGRGOaPN4.pdf","no","0","","","yes","69f58758e5b8a733e94a157a"
"כיתה יא - 3 יח""ל - 371","מפורסם","הסתברות","סטטיסטיקה - דיאגרמות","לימוד","מפורסם","0","","1","משולש ישר טריגונמטריהזווית-ltLIg2m9VmacTGVj4HIruQGRGOaPN4.pdf","no","0","","","yes","69f586e7281ca1d9409c606d"
"כיתה י - 3 יח""ל - 172","מפורסם","סטטיסטיקה והסתברות","סטטיסטיקה - חציון","לימוד","מפורסם","0","","0","","no","0","","","no","69f48eeb63db1329fbc4b9ec"
"כיתה י - 3 יח""ל - 172","מפורסם","סטטיסטיקה והסתברות","סטטיסטיקה - חציון","תרגול","מפורסם","0","","0","","no","0","","","no","69f4a3335872de915806cc1e"
"כיתה י - 4 יח""ל","מפורסם","סטטיסטיקה והסתברות","סטטיסטיקה - חציון","לימוד","מפורסם","0","","1","סטטיסטיקה-XSmRyXIGOwn0fbVois1BrYCfZ3k0qx.pdf","no","0","","","yes","69f50600cbaf8a97607d42e6"
"כיתה י - 3 יח""ל - 172","מפורסם","סטטיסטיקה והסתברות","סטטיסטיקה - ממוצע","תרגול","מפורסם","0","","0","","no","0","","","no","69f48c6019066a21862ad999"
"כיתה י - 3 יח""ל - 172","מפורסם","סטטיסטיקה והסתברות","סטטיסטיקה - ממוצע","לימוד","מפורסם","0","","0","","no","0","","","no","69f48c7f38935277929dda07"
"כיתה י - 4 יח""ל","מפורסם","סטטיסטיקה והסתברות","סטטיסטיקה - ממוצע","לימוד","מפורסם","0","","1","סטטיסטיקה-XSmRyXIGOwn0fbVois1BrYCfZ3k0qx.pdf","no","0","","","yes","69f4ada446d4710b341df385"
"כיתה יא - 3 יח""ל - 371","מפורסם","הסתברות","סטטיסטיקה - ממוצע ושכיח","לימוד","מפורסם","0","","1","משולש ישר טריגונמטריהזווית-ltLIg2m9VmacTGVj4HIruQGRGOaPN4.pdf","no","0","","","yes","69f5870be5b8a733e94a155e"
"כיתה י - 4 יח""ל","מפורסם","סטטיסטיקה והסתברות","סטטיסטיקה - סטיית תקן","לימוד","מפורסם","0","","1","סטטיסטיקה-XSmRyXIGOwn0fbVois1BrYCfZ3k0qx.pdf","no","0","","","yes","69f5060e89f2e29289ae9d8a"
"כיתה יא - 3 יח""ל - 371","מפורסם","הסתברות","סטטיסטיקה - סטיית תקן","לימוד","מפורסם","0","","1","משולש ישר טריגונמטריהזווית-ltLIg2m9VmacTGVj4HIruQGRGOaPN4.pdf","no","0","","","yes","69f58739281ca1d9409c6097"
"כיתה יב - 4 יח""ל - 472","מפורסם","חשבון דיפרנצאלי ואינטרגלי","פונקציה לוגריתמית - נגזרת ונקודות קיצון","לימוד","מפורסם","0","","0","","no","0","","","no","69f58f73ef7ee56187b46107"
"כיתה יב - 4 יח""ל - 472","מפורסם","חשבון דיפרנצאלי ואינטרגלי","פונקציה לוגריתמית - תחום הגדרה","לימוד","מפורסם","0","","0","","no","0","","","no","69f58f98c9a5ed5e7ed81e21"
"כיתה יב - 4 יח""ל - 472","מפורסם","חשבון דיפרנצאלי ואינטרגלי","פונקציה מעריכית - אסימפטוטה","לימוד","מפורסם","0","","0","","no","0","","","no","69f58ed5c9a5ed5e7ed81df0"
"כיתה ט - מתקדם","מפורסם","פונקציות","פונקציה קווית - תחום חיוביות ושליליות","לימוד","מפורסם","0","","1","קטעים מיוחדים במשולש-FovzrniRVRBGKyS1wbjPUcZgERI4C5.pdf","yes","22119","","","yes","69f477ae29f4ef19cd10c6a7"
"כיתה ט - בסיס","מפורסם","פונקציה","פונקציה ריבועית","תרגול","מפורסם","0","","1","כיתה ט - בסיס - פונקציות - פונקציה ריבועית - פרבולה וישר ופרבולה-9KuSP2pI8dn3j0svMrfp5uWoJrMlqt.pdf","yes","33944","","","yes","69cec8c6d32208eedeaed923"
"כיתה ט - מתקדם","מפורסם","פונקציות","פונקציה ריבועית - בסיס","תרגול","מפורסם","0","","1","פונקציה ריבועית בסיס-AdSqM4Y14mhwRFau71ATquCbBnfMbp.pdf","yes","8432","","","yes","69cecf5b2d7dd2ffd0945edf"
"כיתה ט - בסיס","מפורסם","פונקציה","פונקציה ריבועית - חקירה","לימוד","מפורסם","0","","0","","no","0","","","no","69f45ea90e1a409da7b33ad6"
"כיתה ט - בסיס","מפורסם","פונקציה","פונקציה ריבועית - נקודות אפס וחיוביות ושליליות","לימוד","מפורסם","0","","0","","no","0","","","no","69f45e8d866993daf0dcdcd2"
"כיתה ט - מתקדם","מפורסם","פונקציות","פונקציה ריבועית - עלייה וירידה","לימוד","מפורסם","0","","0","","no","0","","","no","69f45e46866993daf0dcdc89"
"כיתה ט - מתקדם","מפורסם","פונקציות","פונקציה ריבועית - קודקוד ועלייה וירידה","לימוד","מפורסם","0","","0","","no","0","","","no","69f45e730dd97c526f9a6a76"
"כיתה ט - מתקדם","מפורסם","אלגברה","פחרוק - פתרון משוואות","לימוד","מפורסם","0","","0","","no","0","","","no","69ecad67c56c3c5e1bacc8c6"
"כיתה ט - מתקדם","מפורסם","אלגברה","פילוג מורחב","לימוד","מפורסם","0","","0","","no","0","","","no","69ecab5ccec9b7a3e6ebd143"
"כיתה ט - מתקדם","מפורסם","אלגברה","פירוק - פתרון משוואות","לימוד","מפורסם","0","","0","","no","0","","","no","69ecade83540f0153c52760c"
"כיתה ט - מתקדם","מפורסם","אלגברה","פירוק לגורמים - גורם משותף","לימוד","מפורסם","0","","0","","no","0","","","no","69ecaba0c56c3c5e1bacc7f7"
"כיתה ט - מתקדם","מפורסם","אלגברה","פירוק לגורמים - טרינום ארוך","לימוד","מפורסם","0","","0","","no","0","","","no","69ecabeedd4d44f6eb019947"
"כיתה ט - מתקדם","מפורסם","אלגברה","פירוק לגורמים - טרינום קצר","לימוד","מפורסם","0","","0","","no","0","","","no","69ecabc9dd4d44f6eb019920"
"כיתה ט - מתקדם","מפורסם","אלגברה","פירוק לגורמים - נוסחאות הכפל המקוצר","לימוד","מפורסם","0","","0","","no","0","","","no","69ecabb93540f0153c5274cf"
"כיתה ט - מתקדם","מפורסם","אלגברה","פירוק לגורמים - צמצום שברים אלגברים","לימוד","מפורסם","0","","0","","no","0","","","no","69ecac03c56c3c5e1bacc83a"
"כיתה ט - מתקדם","מפורסם","אלגברה","פירוק לגורמים - קבוצות","לימוד","מפורסם","0","","0","","no","0","","","no","69ecabdc3540f0153c52750d"
"כיתה יא - 3 יח""ל - 371","מפורסם","גיאומטריה","פיתגורס","לימוד","מפורסם","0","","1","משולש ישר טריגונמטריהזווית-ltLIg2m9VmacTGVj4HIruQGRGOaPN4.pdf","no","0","","","yes","69f511edd27aaf5b5bd5b517"
"כיתה י - 5 יח""ל","מפורסם","פונקציה","פלינומים עם פרמטרים","לימוד","מפורסם","0","","1","כיתה י - שיעור 8 - נגזרת ומשוואת משיק - פולינום-469QcNICOOa0qjWJ2954gRwh1F7xh5.pdf","no","0","","מעויין - שיעור-HDmHg0g6yNXqGbZLuoIR7ZBL2N2uv8.tex","yes","69f5b11c3d98ae1113b9f347"
"כיתה י - 3 יח""ל - 172","מפורסם","גרפים","קווים ישרים","תרגול","מפורסם","0","","0","","no","0","","","no","69f47d48c4406639ab5ea876"
"כיתה ט - בסיס","מפורסם","גיאומטריה","קווים מקבילים","תרגול","מפורסם","0","","1","כיתה ז - יחידה 15 קווים מקבילים.pdf","no","0","","","yes","69f25d409eb1aa4f0cffc6b9"
"כיתה ח' - מתקדם","מפורסם","גיאומטירה","קווים נקבילים","לימוד","מפורסם","0","","1","קטעים מיוחדים במשולש-FovzrniRVRBGKyS1wbjPUcZgERI4C5.pdf","yes","22119","","","yes","69f472fee69e20ff55cef7a6"
"כיתה ח' - מתקדם","מפורסם","גיאומטירה","קטעים","לימוד","מפורסם","0","","1","קטעים מיוחדים במשולש-FovzrniRVRBGKyS1wbjPUcZgERI4C5.pdf","yes","22119","","","yes","69f472dd9fa00b1a4e03adbc"
"כיתה יב  - 3 יח""ל - 372","מפורסם","גיאומטריה","קטעים מיוחדים במשולש","לימוד","מפורסם","0","","1","קטעים מיוחדים במשולש-FovzrniRVRBGKyS1wbjPUcZgERI4C5.pdf","yes","22119","","","yes","69c776f75585e1db9ee9e0df"
"כיתה ח' - מתקדם","מפורסם","גיאומטירה","קטעים מיוחדים במשולש","לימוד","מפורסם","0","","1","קטעים מיוחדים במשולש-FovzrniRVRBGKyS1wbjPUcZgERI4C5.pdf","yes","22119","","","yes","69cb54c4cad2dcd9e4bcd259"
"כיתה יא - 3 יח""ל - 371","מפורסם","בחינות בגרות","קיץ - 2026","בחינה","מפורסם","0","","1","משולש ישר טריגונמטריהזווית-ltLIg2m9VmacTGVj4HIruQGRGOaPN4.pdf","no","0","","","yes","69f51733cc65cc575bd3df78"
"כיתה י - 3 יח""ל - 172","מפורסם","בחינות סימולציה","קיץ 2026","בחינה","מפורסם","0","","0","","no","0","","","no","69f4a5417df3372397f0c455"
"כיתה י - 3 יח""ל - 172","מפורסם","גרפים","קריאת גקפים","תרגול","מפורסם","0","","0","","no","0","","","no","69f47be4c4406639ab5ea7df"
"כיתה י - 3 יח""ל - 172","מפורסם","גרפים","קריאת גקפים","לימוד","מפורסם","0","","0","","no","0","","","no","69f48d0919066a21862ada71"
"כיתה י - 3 יח""ל - 172","מפורסם","גרפים","קריאת גקפים","לימוד","מפורסם","0","","0","","no","0","","","no","69f48d48a3c5e40da507ab65"
"כיתה יא - 4 יח""ל - 471","מפורסם","שאלון בגרות","קשר בין גרף הנגזרת והפוקציה","לימוד","מפורסם","3","קשר בין גרף הנגזרת לפונקציה - בסיס; קשר בין גרף הנגזרת והפונקציה; קשר בין גרף הנגזרת והפונקציה","0","","no","0","","","yes","69af9dc50f7904e84681075e"
"כיתה יא - 4 יח""ל - 471","מפורסם","שאלון בגרות","רגרסיה - איך למצוא ממוצע וסטטית תקן","לימוד","מפורסם","3","ממוצע; ממוצע; ממוצע","0","","no","0","","","yes","69ae61fc4ed0e5b6e751c005"
"כיתה יא - 4 יח""ל - 471","מפורסם","שאלון בגרות","רגרסיה - איך למצוא מקדם מתאם וישר ניבוי","לימוד","מפורסם","1","מקדם מתאם - חישוב","0","","no","0","","","yes","69ae62205c712c6396a6a40d"
"כיתה יא - 4 יח""ל - 471","מפורסם","שאלון בגרות","רגרסיה - סטיית תקן","לימוד","מפורסם","0","","0","","yes","16007","","beta1-3bxmVDJ8rkZUrFw2evQixrhgoPZlT7.tex","yes","69c3f4b9f7c17caf142f7391"
"כיתה ט - בסיס","מפורסם","גיאומטריה","ריבוע - הוכחה","לימוד","מפורסם","10","תרגיל 1; תרגיל 2; תרגיל 3; תרגיל 4; תרגיל 5; תרגיל 6; תרגיל 7; תרגיל 8; תרגיל 9; תרגיל 10: חישובים במעוין","0","","no","0","","מעויין - שיעור-HDmHg0g6yNXqGbZLuoIR7ZBL2N2uv8.tex","yes","69f45fbd75de1b1b345dbece"
"הכנה לכיתה ז","מפורסם","שבר עשרוני","שבר עשרוני - בסיס","לימוד","מפורסם","10","הכרת העשיריות – השער לעולם העשרוני — תרגיל 1; הכרת המאיות – דיוק נוסף — תרגיל 2; מעבר משבר פשוט לשבר עשרוני (ולהפך) — תרגיל 3; קריאה וכתיבה של מספרים עשרוניים — תרגיל 4; זיהוי מקום עשרוני והערך שלו — תרגיל 5; מספרים עשרוניים גדולים מ-1 — תרגיל 6; מי יותר גדול? — תרגיל 7; שברים עשרוניים על ישר המספרים — תרגיל 8; אלפיות – קפיצה אחרונה לבסיס — תרגיל 9; בעיות מילוליות משולבות — תרגיל 10","0","","no","0","","","yes","6a733fdd60b4b53b84ae5946"
"כיתה י - 3 יח""ל - 172","מפורסם","גיאומטריה","שטח והיקף מלבן","תרגול","מפורסם","0","","0","","no","0","","","no","69f47b35c4406639ab5ea7b0"
"כיתה י - 3 יח""ל - 172","מפורסם","גיאומטריה","שטח והיקף מלבן","לימוד","מפורסם","0","","0","","no","0","","","no","69f47cfac4406639ab5ea85c"
"כיתה י - 3 יח""ל - 172","מפורסם","גיאומטריה","שטח והיקף מעגל","לימוד","מפורסם","0","","0","","no","0","","","no","69f47c76e8ae848fbcb753ac"
"","","","AT-FREE","לימוד","מפורסם","0","","0","","no","0","","","no","6a4caf301b12dbdeca158065"
"","","","AT-PAID","לימוד","מפורסם","0","","0","","no","0","","","no","6a4caf571b12dbdeca158092"
"11th Grade - 4 Units - 471","מפורסם","Matriculation exam","Connection between the graph of the derivative and the function","לימוד","מפורסם","3","Relationship between the derivative graph and the function - basics; Relationship between the derivative graph and the function; Relationship between the derivative graph and the function","0","","no","0","","","yes","69c4efb0f7d0432e42246262"
"11th Grade - 4 Units - 471","מפורסם","Matriculation exam","Derivative of a root","לימוד","מפורסם","0","","0","","no","0","","","no","69c4f3ba223faeee54f8672c"
"11th Grade - 4 Units - 471","מפורסם","Matriculation exam","Extremum problem - how to start","לימוד","מפורסם","0","","0","","no","0","","","no","69c4f0c3f7d0432e422464e9"
"11th Grade - 4 Units - 471","מפורסם","Matriculation exam","Extremum problem - how to start","לימוד","מפורסם","0","","0","","no","0","","","no","69c4f389223faeee54f86638"
"11th Grade - 4 Units - 471","מפורסם","Matriculation exam","Finding intersection points between a circle and a line","לימוד","מפורסם","0","","0","","no","0","","","no","69c4efc1f7d0432e422462e8"
"11th Grade - 4 Units - 471","מפורסם","Matriculation exam","Finding intersection points between a circle and a line","לימוד","מפורסם","0","","0","","no","0","","","no","69c4f2ac223faeee54f86450"
"11th Grade - 4 Units - 471","מפורסם","Matriculation exam","Important theorems in geometry","לימוד","מפורסם","0","","0","","no","0","","","no","69c4efc8f7d0432e42246302"
"11th Grade - 4 Units - 471","מפורסם","Matriculation exam","Important theorems in geometry","לימוד","מפורסם","0","","0","","no","0","","","no","69c4f2ad223faeee54f8646a"
"11th Grade - 4 Units - 471","מפורסם","Matriculation exam","Integral","לימוד","מפורסם","1","Integral - base","0","","no","0","","","yes","69c4f0c6f7d0432e42246503"
"11th Grade - 4 Units - 471","מפורסם","Matriculation exam","Integral","לימוד","מפורסם","5","Integral - base; Integral - base; Integral - base; Integral - base; Integral - base","0","","no","0","","","yes","69c4f38a223faeee54f86652"
"11th Grade - 4 Units - 471","מפורסם","Matriculation exam","Normal distribution - using a table","לימוד","מפורסם","1","Distribution - using a table","0","","no","0","","","yes","69c4eff8f7d0432e422463bf"
"11th Grade - 4 Units - 471","מפורסם","Matriculation exam","Normal distribution - using a table","לימוד","מפורסם","0","","0","","no","0","","","no","69c4f2c8223faeee54f86523"
"","","","Orch Source Lesson 1778421319756 - Variation (medium)","לימוד","טיוטה","0","","0","","no","0","","","no","6a008e578592ebc59c94517b"
"","","","Orch Source Lesson 1778421319756 - Variation (medium)","לימוד","טיוטה","0","","0","","no","0","","","no","6a008e6f8592ebc59c9451c9"
"","","","Orch Source Lesson 1778482434790 - Variation (medium)","לימוד","טיוטה","0","","0","","no","0","","","no","6a017d15c2f8541edb50b2c7"
"","","","Orch Source Lesson 1778482434790 - Variation (medium)","לימוד","טיוטה","0","","0","","no","0","","","no","6a017d2ec2f8541edb50b315"
"","","","Orch Source Lesson 1778483005975 - Variation (medium)","לימוד","טיוטה","0","","0","","no","0","","","no","6a017f50c1e600f254ba6a88"
"","","","Orch Source Lesson 1778483005975 - Variation (medium)","לימוד","טיוטה","0","","0","","no","0","","","no","6a017f68c1e600f254ba6ad2"
"11th Grade - 4 Units - 471","מפורסם","Matriculation exam","Regression - how to find a correlation coefficient and a prediction line","לימוד","מפורסם","1","Correlation coefficient - calculation","0","","no","0","","","yes","69c4f093f7d0432e42246403"
"11th Grade - 4 Units - 471","מפורסם","Matriculation exam","Regression - how to find a correlation coefficient and a prediction line","לימוד","מפורסם","1","Correlation coefficient - calculation","0","","no","0","","","yes","69c4f358223faeee54f86552"
"11th Grade - 4 Units - 471","מפורסם","Matriculation exam","Regression - how to find the mean and standard deviation","לימוד","מפורסם","3","Average; average; Average","0","","no","0","","","yes","69c4f09ff7d0432e42246445"
"11th Grade - 4 Units - 471","מפורסם","Matriculation exam","Regression - how to find the mean and standard deviation","לימוד","מפורסם","3","Average; Average; Average","0","","no","0","","","yes","69c4f36f223faeee54f86594"
"11th Grade - 4 Units - 471","מפורסם","Matriculation exam","Regression - standard deviation","לימוד","מפורסם","0","","0","","no","0","","","no","69c4efaff7d0432e42246247"
"11th Grade - 4 Units - 471","מפורסם","Matriculation exam","Regression - standard deviation","לימוד","מפורסם","0","","0","","no","0","","","no","69c4f29b223faeee54f863af"
"11th Grade - 4 Units - 471","מפורסם","Matriculation exam","Relationship between the derivative graph and the function","לימוד","מפורסם","3","Relationship between the derivative graph and the function - basic; Relationship between the derivative graph and the function; Relationship between the derivative graph and the function","0","","no","0","","","yes","69c4f29c223faeee54f863ca"
"","","","test","לימוד","מפורסם","1","תרגיל 5","0","","no","0","","","yes","69eb1b86ecc3a900bbc7f321"
"11th Grade - 4 Units - 471","מפורסם","Matriculation exam","The relationship between tan(a) and the slope - geometry","לימוד","מפורסם","2","slope - tana; slope (tanα)","0","","no","0","","","yes","69c4efcff7d0432e4224631c"
"11th Grade - 4 Units - 471","מפורסם","Matriculation exam","The relationship between tan(a) and the slope - geometry","לימוד","מפורסם","2","Slope - tanα; slope (tan)","0","","no","0","","","yes","69c4f2ae223faeee54f86484"
"11th Grade - 4 Units - 471","מפורסם","Matriculation exam","Trigonometry in a right-angled triangle","לימוד","מפורסם","1","Exercise","0","","no","0","","","yes","69c4eff3f7d0432e42246383"
"11th Grade - 4 Units - 471","מפורסם","Matriculation exam","Trigonometry in a right-angled triangle","לימוד","מפורסם","1","Exercise","0","","no","0","","","yes","69c4f2c3223faeee54f864e7"
"כיתה יב - 5 יח""ל - 572","מפורסם","בגרות","2026 - חורף","בחינה","מפורסם","0","","1","572- 2026 - w-aFMqdwAT0jKup28qVS62WnqEraKBwm.pdf","yes","14329","","","yes","69d0abc73fa4698a093c9ce2"
"כיתה יב - 4 יח""ל - 472","מפורסם","בגרויות","2026 - חורף","בחינה","מפורסם","0","","1","processed_Math - 4units - 472 - 2026 - winter (2)-ozksdQ0iZsvrjxiNRcYs0L5L8uwriM.pdf","no","0","","","yes","69d11e351a6b3c3ef30dc589"
"","","","אומדן","לימוד","מפורסם","10","תרגיל 1 - מנחה: מוטיבציה ולמידה ראשונית של אומדן; תרגיל 2 - בסיס: אומדן סכומים והפרשים במספרים גדולים יותר (עיגול למאות); תרגיל 3 - בסיס: אומדן כפל וחילוק במקרים פשוטים; תרגיל 4 - הבנה: שימושים יומיומיים באומדן; תרגיל 5 - הבנה: חסמים ומציאת נתון חסר באומדן; תרגיל 6 - חשיבה: השפעת כיוון העיגול; תרגיל 7 - חשיבה מורכבת: אומדן עם שברים (שימוש בנקודות ייחוס); תרגיל 8 - שילוב: אומדן מתוך טבלאות נתונים; תרגיל 9 - מורכב: קבוצות נתונים עם תדירויות; תרגיל 10 - חזרה מסכמת: אתגר פדגוגי מסכם","0","","no","0","","","yes","6a416c66c52b73bb16f8fa75"
"","","","אומדן","לימוד","מפורסם","10","תרגיל 1 - מנחה: מוטיבציה ולמידה ראשונית של אומדן; תרגיל 2 - בסיס: אומדן סכומים והפרשים במספרים גדולים יותר (עיגול למאות); תרגיל 3 - בסיס: אומדן כפל וחילוק במקרים פשוטים; תרגיל 4 - הבנה: שימושים יומיומיים באומדן; תרגיל 5 - הבנה: חסמים ומציאת נתון חסר באומדן; תרגיל 6 - חשיבה: השפעת כיוון העיגול; תרגיל 7 - חשיבה מורכבת: אומדן עם שברים (שימוש בנקודות ייחוס); תרגיל 8 - שילוב: אומדן מתוך טבלאות נתונים; תרגיל 9 - מורכב: קבוצות נתונים עם תדירויות; תרגיל 10 - חזרה מסכמת: אתגר פדגוגי מסכם","0","","no","0","","","yes","6a688d6a90e1ad0cfe0c85c7"
"","","","אומדן","לימוד","מפורסם","10","תרגיל 1 - מנחה: מוטיבציה ולמידה ראשונית של אומדן; תרגיל 2 - בסיס: אומדן סכומים והפרשים במספרים גדולים יותר (עיגול למאות); תרגיל 3 - בסיס: אומדן כפל וחילוק במקרים פשוטים; תרגיל 4 - הבנה: שימושים יומיומיים באומדן; תרגיל 5 - הבנה: חסמים ומציאת נתון חסר באומדן; תרגיל 6 - חשיבה: השפעת כיוון העיגול; תרגיל 7 - חשיבה מורכבת: אומדן עם שברים (שימוש בנקודות ייחוס); תרגיל 8 - שילוב: אומדן מתוך טבלאות נתונים; תרגיל 9 - מורכב: קבוצות נתונים עם תדירויות; תרגיל 10 - חזרה מסכמת: אתגר פדגוגי מסכם","0","","no","0","","","yes","30e5ed2db35ae9b407c14ec5"
"כיתה י - 4 יח""ל","מפורסם","בחינות","בחינה 1","בחינה","מפורסם","0","","1","כיתה י' - מבחן (2) -  תיכון עירוני יד  25.11.25.pdf","no","0","","","yes","6994b3aa70bd73b0b662f451"
"כיתה ז׳","מפורסם","מבחנים","בחינה 1 - חוקיות, ביטוים אלגבריים ומלבנים","בחינה","מפורסם","0","","1","כיתה ז - מבחן סימולציה 1 - חוקיות , ביטוים אלגברים ומלבנים-1.pdf","yes","3187","","","yes","6963883098aa8e56fa048516"
"הכנה לכיתה ז","מפורסם","Orphaned lessons","בחינה 1 - משוואות, פונקציות ומקבילית - שמיר 19.4","בחינה","מפורסם","0","","1","בחינה כיתה ט - 1-ubYcPLdlOwo3Q0R15kgqpSHgoVZIX3.pdf","yes","12082","","","yes","69cd0802f0854e56bdc30ee5"
"כיתה ט - בסיס","מפורסם","כיתה ט - בסיס - אלגברה","בעיות מילוליות","לימוד","מפורסם","0","","1","כיתה ט' - שיעור 8 - בעיות מילוליות - אלגברה.docx.pdf","yes","23937","","","yes","6971fccd17076274252986c3"
"כיתה ח' - מתקדם","מפורסם","אלגברה","בעיות מילוליות 1","תרגול","מפורסם","0","","1","כיתה ח - יחידה 10- בעיות מילוליות-PhligvXK39Xu12jdybLExRev86WPDQ.pdf","yes","15490","","","yes","69cce6da199baaba55216cce"
"כיתה יא - 3 יח""ל - 371","מפורסם","אלגברה","גדילה מעריכית - גרף","תרגול","מפורסם","0","","1","משולש ישר טריגונמטריהזווית-ltLIg2m9VmacTGVj4HIruQGRGOaPN4.pdf","no","0","","","yes","69f588085ca966b9a7f9c621"
"הכנה לכיתה ז","מפורסם","Orphaned lessons","גופים במרחב","תרגול","מפורסם","0","","1","הכנה-כיתה-ז17-גופים-במרחב-I3qVVT0DA8mNy0kD7HrZBxWD62YL7D.pdf","no","0","","","yes","6a05cd9152f59648f7078b6d"
"הכנה לכיתה ז","מפורסם","Orphaned lessons","גופים במרחב","תרגול","מפורסם","0","","1","הכנה-כיתה-ז17-גופים-במרחב-I3qVVT0DA8mNy0kD7HrZBxWD62YL7D.pdf","no","0","","","yes","6a688d6a90e1ad0cfe0c85ca"
"הכנה לכיתה ז","מפורסם","Orphaned lessons","גופים במרחב","תרגול","מפורסם","0","","1","הכנה-כיתה-ז17-גופים-במרחב-I3qVVT0DA8mNy0kD7HrZBxWD62YL7D.pdf","no","0","","","yes","388c5da8b68512c9d4971229"
"כיתה ח' - מתקדם","מפורסם","גיאומטירה","דלתון","תרגול","מפורסם","0","","1","כיתה ח - יחידה 13 - דלתון-6pKWkd8Ov3F2ZEz1MyZsd9Lc1DBQK5.pdf","no","0","","","yes","69cced2e199baaba55216e86"
"כיתה ט - בסיס","מפורסם","גיאומטריה","דמיון משולשים","לימוד","מפורסם","12","הסבר 1; הסבר 2; תרגיל 1 - דימיון משולשים; תרגיל 2 - דימיון משולשים; תרגיל 3 - דימיון משולשים; תרגיל 4 - דימיון משולשים; תרגיל 5 - דימיון משולשים; תרגיל 6 - דימיון משולשים; תרגיל 7 - דימיון משולשים; תרגיל 8 - דימיון משולשים; תרגיל 9 - דימיון משולשים; תרגיל 10 - דימיון משולשים","0","","no","0","","","yes","69a15eda6d912a10d1d8c5bc"
"כיתה ט - בסיס","מפורסם","גיאומטריה","דמיון משולשים","לימוד","מפורסם","0","","0","","no","0","","","no","69d12427a912ea076542d1fa"
"כיתה יא - 3 יח""ל - 371","מפורסם","גיאומטריה","דמיון משולשים","תרגול","מפורסם","0","","0","","no","0","","","no","69d1246937d39e6c5bc55ce5"
"כיתה יא - 3 יח""ל - 371","מפורסם","גיאומטריה","דמיון משולשים","לימוד","מפורסם","0","","0","","no","0","","","no","69f588d497bcfb8c99644f00"
"הכנה לז' גיבוי","טיוטה","שברים","הבנת השבר","לימוד","טיוטה","10","מהו שבר? הכרת מונה ומכנה — תרגיל 1; ייצוג חזותי של שברים — תרגיל 2; שברים על ציר המספרים — תרגיל 3; שברים פשוטים ושברים מדומים — תרגיל 4; המרת שבר מדומה למספר מעורב (ולהפך) — תרגיל 5; שברים שקולים – הכרה ראשונית — תרגיל 6; השוואת שברים – מכנה זהה או מונה זהה — תרגיל 7; שברים בבעיות מילוליות — תרגיל 8; שבר כתוצאה של חילוק — תרגיל 9; סקירה והעמקה — תרגיל 10","0","","no","0","","","yes","6a7454a2fc7d19d634c258bb"
"כיתה ח' - בסיס","מפורסם","גיאומטריה","הוכחה גיאומטרית","לימוד","מפורסם","0","","0","","no","0","","","no","69f459e30dd97c526f9a673f"
"","","","הרחבה וצמצום","לימוד","מפורסם","10","תרגיל 1 – מנחה: מוטיבציה ולמידה ראשונית של שברים שקולים; תרגיל 2 – בסיס: פעולת ההרחבה (כפל המונה והמכנה באותו מספר); תרגיל 3 – הבנה: מציאת הגורם החסר בהרחבה; תרגיל 4 – בסיס: פעולת הצמצום (חילוק המונה והמכנה באותו מספר); תרגיל 5 – הבנה: מציאת הגורם החסר בצמצום; תרגיל 6 – חשיבה: שבר מצומצם ביותר (עד הסוף); תרגיל 7 – הבנה: שימוש בהרחבה לצורך השוואת שברים; תרגיל 8 – שילוב: בעיות מילוליות מחיי היומיום; תרגיל 9 – חשיבה מורכבת: שרשרת של פעולות; תרגיל 10 – חזרה מסכמת: אתגר יום ההולדת והמתכונים!","0","","no","0","","","yes","6a4268fe6f623d11b4e3aa21"
"","","","הרחבה וצמצום","לימוד","מפורסם","10","תרגיל 1 – מנחה: מוטיבציה ולמידה ראשונית של שברים שקולים; תרגיל 2 – בסיס: פעולת ההרחבה (כפל המונה והמכנה באותו מספר); תרגיל 3 – הבנה: מציאת הגורם החסר בהרחבה; תרגיל 4 – בסיס: פעולת הצמצום (חילוק המונה והמכנה באותו מספר); תרגיל 5 – הבנה: מציאת הגורם החסר בצמצום; תרגיל 6 – חשיבה: שבר מצומצם ביותר (עד הסוף); תרגיל 7 – הבנה: שימוש בהרחבה לצורך השוואת שברים; תרגיל 8 – שילוב: בעיות מילוליות מחיי היומיום; תרגיל 9 – חשיבה מורכבת: שרשרת של פעולות; תרגיל 10 – חזרה מסכמת: אתגר יום ההולדת והמתכונים!","0","","no","0","","","yes","6a688d6a90e1ad0cfe0c85c9"
"","","","הרחבה וצמצום","לימוד","מפורסם","10","תרגיל 1 – מנחה: מוטיבציה ולמידה ראשונית של שברים שקולים; תרגיל 2 – בסיס: פעולת ההרחבה (כפל המונה והמכנה באותו מספר); תרגיל 3 – הבנה: מציאת הגורם החסר בהרחבה; תרגיל 4 – בסיס: פעולת הצמצום (חילוק המונה והמכנה באותו מספר); תרגיל 5 – הבנה: מציאת הגורם החסר בצמצום; תרגיל 6 – חשיבה: שבר מצומצם ביותר (עד הסוף); תרגיל 7 – הבנה: שימוש בהרחבה לצורך השוואת שברים; תרגיל 8 – שילוב: בעיות מילוליות מחיי היומיום; תרגיל 9 – חשיבה מורכבת: שרשרת של פעולות; תרגיל 10 – חזרה מסכמת: אתגר יום ההולדת והמתכונים!","0","","no","0","","","yes","3b79626d5d339c11cf3ebec0"
"כיתה ט - מתקדם","מפורסם","אלגברה","חוק הפילוג ונוסחאות הכפל המקוצר","תרגול","מפורסם","0","","1","כיתה ט - יחידה 3 - פילוג מורחב ונוס הכפל המקוצר-ihQrHDP4yem4KCUWtI0is6s1bqL4nK.pdf","yes","19451","","","yes","69c59e1173e585d8c55e1cbe"
"כיתה ט - בסיס","מפורסם","אלגברה","חוק הפילוג ונוסחאות הכפל המקוצר","תרגול","מפורסם","0","","1","כיתה ט - יחידה 3 - פילוג מורחב ונוס הכפל המקוצר-ihQrHDP4yem4KCUWtI0is6s1bqL4nK.pdf","yes","19451","","","yes","69c67729a47ae0c2cb29ca9e"
"כיתה ט - בסיס","מפורסם","כיתה ט - בסיס - אלגברה","חוקי חזקות","לימוד","מפורסם","0","","0","","no","0","","","no","69eb1b86ecc3a900bbc7f2f9"
"כיתה ט - בסיס","מפורסם","אלגברה","חוקי חזקות","לימוד","מפורסם","57","תרגיל 1; תרגיל 2; תרגיל 3; תרגיל 4; תרגיל 5; תרגיל 6; תרגיל 7; תרגיל 8; תרגיל 9; תרגיל 10; תרגיל 11; תרגיל 12; תרגיל 13; תרגיל 14; תרגיל 15; תרגיל 16; תרגיל 17; תרגיל 18; תרגיל 19; תרגיל 20; תרגיל 21; תרגיל 22; תרגיל 23; תרגיל 24; תרגיל 25; תרגיל 26; תרגיל 27; תרגיל 28; תרגיל 29; תרגיל 30; תרגיל 31; תרגיל 32; תרגיל 33; תרגיל 34; תרגיל 35; תרגיל 36; תרגיל 37; תרגיל 38; תרגיל 39; תרגיל 40; תרגיל 41; תרגיל 42; תרגיל 43; תרגיל 44; תרגיל 45; תרגיל 46; תרגיל 47; תרגיל 48; תרגיל 49; תרגיל 50; תרגיל 51; תרגיל 52; תרגיל 53; תרגיל 54; תרגיל 55; הסבר 56; סרטון 57","0","","no","0","","","yes","6a0760ec5c90c65c2a596e96"
"כיתה יא - 3 יח""ל - 371","מפורסם","בחינות בגרות","חורף - 2026","בחינה","מפורסם","0","","1","משולש ישר טריגונמטריהזווית-ltLIg2m9VmacTGVj4HIruQGRGOaPN4.pdf","no","0","","","yes","69f59424ef7ee56187b462a0"
"כיתה י - 3 יח""ל - 172","מפורסם","בחינות סימולציה","חורף 2026","בחינה","מפורסם","0","","0","","no","0","","","no","69f4a5657df3372397f0c475"
"הכנה לכיתה ז","מפורסם","כיתה ז","חזקות - מבוא","לימוד","מפורסם","10","כפל כחיבור חוזר – בסיס לחזקות — תרגיל 1; מהי חזקה? הכרת הרעיון — תרגיל 2; מזהים את החלקים — תרגיל 3; מעריך קטן — תרגיל 4; לא להתבלבל! — תרגיל 5; מקרים מיוחדים — תרגיל 6; שמות מיוחדים — תרגיל 7; דגש על הסדר — תרגיל 8; יישום ראשוני — תרגיל 9; חזקות בתרחישים מורכבים במקצת — תרגיל 10","0","","no","0","","","yes","6a73284721add1ce87ca2b47"
"הכנה לז' גיבוי","טיוטה","אלגברה - הכנה","חזקות - מבוא","לימוד","טיוטה","10","כפל כחיבור חוזר – בסיס לחזקות — תרגיל 1; מהי חזקה? הכרת הרעיון — תרגיל 2; מזהים את החלקים — תרגיל 3; מעריך קטן — תרגיל 4; לא להתבלבל! — תרגיל 5; מקרים מיוחדים — תרגיל 6; שמות מיוחדים — תרגיל 7; דגש על הסדר — תרגיל 8; יישום ראשוני — תרגיל 9; חזקות בתרחישים מורכבים במקצת — תרגיל 10","0","","no","0","","","yes","6a7454a2fc7d19d634c258b8"
"","","","חיבור וחיסור מספרים עשרוניים","לימוד","מפורסם","10","תרגיל 1 - מנחה: למידה ראשונית של חיבור עשרוני (חשיבות הנקודה); תרגיל 2 - מנחה: למידה ראשונית של חיסור עשרוני (ללא פריטה); תרגיל 3 - הבנה: טעות נפוצה 1 – מעבר עשרת (כשהסכום גדול מ-9); תרגיל 4 - הבנה: טעות נפוצה 2 – מספר שונה של ספרות אחרי הנקודה; תרגיל 5 - חשיבה: חיסור עם פריטה (לקיחה מהשלמים); תרגיל 6 - מורכב: טעות נפוצה 3 – חיסור ללא אפס שומר מקום; תרגיל 7 - שילוב: כסף כדוגמה למספרים עשרוניים; תרגיל 8 - חשיבה: מציאת המספר החסר (משוואות פשוטות); תרגיל 9 - חזרה: זיהוי שגיאות נפוצות ותרגול מעורב; תרגיל 10 - חזרה מסכמת: אתגר משולב","0","","no","0","","","yes","6a42ba5ce1c107f3c58f0ddc"
"","","","חיבור וחיסור מספרים עשרוניים","לימוד","מפורסם","10","תרגיל 1 - מנחה: למידה ראשונית של חיבור עשרוני (חשיבות הנקודה); תרגיל 2 - מנחה: למידה ראשונית של חיסור עשרוני (ללא פריטה); תרגיל 3 - הבנה: טעות נפוצה 1 – מעבר עשרת (כשהסכום גדול מ-9); תרגיל 4 - הבנה: טעות נפוצה 2 – מספר שונה של ספרות אחרי הנקודה; תרגיל 5 - חשיבה: חיסור עם פריטה (לקיחה מהשלמים); תרגיל 6 - מורכב: טעות נפוצה 3 – חיסור ללא אפס שומר מקום; תרגיל 7 - שילוב: כסף כדוגמה למספרים עשרוניים; תרגיל 8 - חשיבה: מציאת המספר החסר (משוואות פשוטות); תרגיל 9 - חזרה: זיהוי שגיאות נפוצות ותרגול מעורב; תרגיל 10 - חזרה מסכמת: אתגר משולב","0","","no","0","","","yes","6a688d6a90e1ad0cfe0c85c5"
"","","","חיבור וחיסור מספרים עשרוניים","לימוד","מפורסם","10","תרגיל 1 - מנחה: למידה ראשונית של חיבור עשרוני (חשיבות הנקודה); תרגיל 2 - מנחה: למידה ראשונית של חיסור עשרוני (ללא פריטה); תרגיל 3 - הבנה: טעות נפוצה 1 – מעבר עשרת (כשהסכום גדול מ-9); תרגיל 4 - הבנה: טעות נפוצה 2 – מספר שונה של ספרות אחרי הנקודה; תרגיל 5 - חשיבה: חיסור עם פריטה (לקיחה מהשלמים); תרגיל 6 - מורכב: טעות נפוצה 3 – חיסור ללא אפס שומר מקום; תרגיל 7 - שילוב: כסף כדוגמה למספרים עשרוניים; תרגיל 8 - חשיבה: מציאת המספר החסר (משוואות פשוטות); תרגיל 9 - חזרה: זיהוי שגיאות נפוצות ותרגול מעורב; תרגיל 10 - חזרה מסכמת: אתגר משולב","0","","no","0","","","yes","0568e52503b4d08af538a881"
"כיתה ח' - מתקדם","מפורסם","גיאומטירה","חפיפת משולשים","תרגול","מפורסם","0","","1","כיתה ח - יחידה 15 - חפיפת משולשים.pdf","yes","10366","","","yes","6971f8badea3f603610b8ece"
"כיתה י - 5 יח""ל","מפורסם","פונקציה","חקירת פונקציה מלאה","לימוד","מפורסם","0","","1","כיתה י - יחידה 7 - פולינום - חקירת פונקציה-ste83fBbn8PdbugNPUe4vX3GWDGu2L.pdf","no","0","","","yes","69f5b17ea3a5acccb8953a5d"
"כיתה ט - מתקדם","מפורסם","אלגברה","ט | חזקות - חוקי חזקות","לימוד","מפורסם","53","תרגיל 1; תרגיל 2; תרגיל 3; תרגיל 4; תרגיל 5; תרגיל 6; תרגיל 7; תרגיל 8; תרגיל 9; תרגיל 10; תרגיל 11; תרגיל 12; תרגיל 13; תרגיל 14; תרגיל 15; תרגיל 16; תרגיל 17; תרגיל 18; תרגיל 19; תרגיל 20; תרגיל 21; תרגיל 22; תרגיל 23; תרגיל 24; תרגיל 25; תרגיל 26; תרגיל 27; תרגיל 28; תרגיל 29; תרגיל 30; תרגיל 31; תרגיל 32; תרגיל 33; תרגיל 34; תרגיל 35; תרגיל 36; תרגיל 37; תרגיל 38; תרגיל 39; תרגיל 40; תרגיל 41; תרגיל 42; תרגיל 43; תרגיל 44; תרגיל 45; תרגיל 46; תרגיל 47; תרגיל 48; תרגיל 49; תרגיל 50; תרגיל 51; תרגיל 52; תרגיל 53","0","","no","0","","","yes","69f260cab1a4f7f5cccdf19a"
"כיתה ט - מתקדם","מפורסם","אלגברה","ט | שיעור מספר 1 - משוואות מעריכיות","לימוד","מפורסם","0","","0","","no","0","","","no","69eb1b86ecc3a900bbc7f2fb"
"כיתה ח' - מתקדם","מפורסם","גיאומטירה","טרפז","תרגול","מפורסם","0","","1","כיתה ח - יחידה 18 - טרפז-U0Skbt5awLzrT20OjIEgFHrHYBhp3H.pdf","no","0","","","yes","69ccee19826e65994bf4c7d5"
"כיתה יא - 5 יח""ל - 571","מפורסם","מבחני מתכונת","מבחן דמה 1 - 571","בחינה","מפורסם","0","","1","מבחן דמה 1 - 571-DHQIk1ZADi6kr0zMsbv68nGfoxAMAD.pdf","yes","42867","571","","yes","69be49f2e21815cda44c0411"
"הכנה לכיתה ז","מפורסם","שבר עשרוני","מבנה שבר עשרוני","לימוד","מפורסם","10","הכרת המבנה הבסיסי – עשיריות — תרגיל 1; הרחבת המבנה – מאיות — תרגיל 2; המשך הרחבת המבנה – אלפיות — תרגיל 3; קריאה וכתיבה של שברים עשרוניים — תרגיל 4; פירוק שברים עשרוניים לפי מקומות — תרגיל 5; קשר בין שברים פשוטים לשברים עשרוניים — תרגיל 6; זיהוי ערך הספרה — תרגיל 7; השוואת שברים עשרוניים — תרגיל 8; סדרות של שברים עשרוניים — תרגיל 9; יישום והבנה מעמיקה של מבנה השבר העשרוני — תרגיל 10","0","","no","0","","","yes","6a74427c083275c6155c3c4b"
"הכנה לכיתה ז","מפורסם","גאומטריה","מלבן - שטח והיקף","לימוד","מפורסם","10","היכרות עם מלבן והיקף בסיסי — תרגיל 1; חישוב היקף באמצעות נוסחה — תרגיל 2; מציאת צלע חסרה מהיקף — תרגיל 3; שטח מלבן בסיסי — תרגיל 4; מציאת צלע חסרה משטח — תרגיל 5; שילוב שטח והיקף, ושינויים — תרגיל 6; בעיות מילוליות משולבות — תרגיל 7; מלבן בתוך מלבן או מלבנים מורכבים — תרגיל 8; ביטויים אלגבריים להיקף ושטח — תרגיל 9; בעיות פתוחות ואתגרי חשיבה — תרגיל 10","0","","no","0","","","yes","6a742abfd35cfdee9e2a5ea4"
"הכנה לז' גיבוי","טיוטה","מספרים טבעיים","מספרים טבעיים - בעיות מילוליות","לימוד","טיוטה","10","שלב אחד – למידה ראשונית של זיהוי פעולות חיבור וחיסור — תרגיל 1; שלב אחד – למידה ראשונית של זיהוי פעולות כפל וחילוק — תרגיל 2; תרגול מעורב (זיהוי הפעולה מתוך 4 פעולות החשבון) — תרגיל 3; בעיות דו-שלביות (חיבור וחיסור יחד) — תרגיל 4; בעיות דו-שלביות (שילוב כפל עם חיבור או חיסור) — תרגיל 5; בעיות דו-שלביות (שילוב חילוק עם חיבור או חיסור) — תרגיל 6; כתיבת תרגיל מלא (תרגיל שרשרת) — תרגיל 7; בעיות תלת-שלביות מהחיים (קניות ומלאי) — תרגיל 8; בעיות תלת-שלביות המשלבות חשיבה יצירתית — תרגיל 9; אתגר הפרויקט הכיתתי (כתיבת תרגיל שלם) — תרגיל 10","0","","no","0","","","yes","6a7454a2fc7d19d634c258b9"
"הכנה לכיתה ז","מפורסם","","מספרים טבעיים - כפל ארוך","לימוד","מפורסם","10","הכרת היסודות של כפל ארוך — תרגיל 1; תרגול נשיאת עשרות ומאות — תרגיל 2; כפל במספר דו-ספרתי – השלב השני — תרגיל 3; הערכת תוצאה והבנת מבנה הכפל — תרגיל 4; זיהוי טעויות נפוצות בכפל ארוך — תרגיל 5; כפל במספר תלת-ספרתי — תרגיל 6; יישום כפל ארוך בבעיות מילוליות — תרגיל 7; מילוי מקומות חסרים בחישובי כפל — תרגיל 8; תרגול מקיף וקריאת נתונים — תרגיל 9; סיכום והעמקה — תרגיל 10","0","","no","0","","","yes","ba9e913d003d7764e0feb4c4"
"הכנה לכיתה ז","מפורסם","מספרים טבעיים","מספרים טבעיים כפל ארוך","לימוד","טיוטה","10","כפל מספר דו-ספרתי בחד-ספרתי (ללא המרה) — תרגיל 1; כפל מספר דו-ספרתי בחד-ספרתי (עם המרה) — תרגיל 2; כפל מספר תלת-ספרתי בחד-ספרתי (עם המרה) — תרגיל 3; כפל מספר דו-ספרתי בדו-ספרתי (ללא המרה ראשונית) — תרגיל 4; כפל מספר דו-ספרתי בדו-ספרתי (עם המרות מלאות) — תרגיל 5; כפל מספר תלת-ספרתי בדו-ספרתי — תרגיל 6; כפל מספר תלת-ספרתי בתלת-ספרתי — תרגיל 7; בעיות מילוליות עם כפל ארוך — תרגיל 8; זיהוי ותיקון טעויות בכפל ארוך — תרגיל 9; אתגרים מורכבים בכפל ארוך — תרגיל 10","0","","no","0","","","yes","6a734b1161a6785307ddeb29"
"","","","מספרים עשרוניים - בסיס","לימוד","מפורסם","10","מבנה המספר העשרוני: עשיריות; מבנה המספר העשרוני: מאיות; מבנה המספר העשרוני: אלפיות; השוואה וערך ספרה במספר עשרוני; המרת שברים פשוטים עם מכנה 2 ו-5; המרת שברים פשוטים עם מכנה 4; המרת שברים פשוטים עם מכנה 20 ו-25; המרת שברים פשוטים עם מכנה 50 ו-250; פירוק והרכבה של מספר עשרוני; תרגול מסכם של הבנה והמרה","0","","no","0","","","yes","6a3bb5c5d92452902f9b5568"
"","","","מספרים עשרוניים - בסיס","לימוד","מפורסם","10","מבנה המספר העשרוני: עשיריות; מבנה המספר העשרוני: מאיות; מבנה המספר העשרוני: אלפיות; השוואה וערך ספרה במספר עשרוני; המרת שברים פשוטים עם מכנה 2 ו-5; המרת שברים פשוטים עם מכנה 4; המרת שברים פשוטים עם מכנה 20 ו-25; המרת שברים פשוטים עם מכנה 50 ו-250; פירוק והרכבה של מספר עשרוני; תרגול מסכם של הבנה והמרה","0","","no","0","","","yes","6a688d6a90e1ad0cfe0c85c6"
"","","","מספרים עשרוניים - בסיס","לימוד","מפורסם","10","מבנה המספר העשרוני: עשיריות; מבנה המספר העשרוני: מאיות; מבנה המספר העשרוני: אלפיות; השוואה וערך ספרה במספר עשרוני; המרת שברים פשוטים עם מכנה 2 ו-5; המרת שברים פשוטים עם מכנה 4; המרת שברים פשוטים עם מכנה 20 ו-25; המרת שברים פשוטים עם מכנה 50 ו-250; פירוק והרכבה של מספר עשרוני; תרגול מסכם של הבנה והמרה","0","","no","0","","","yes","eeee63258abc4b233084ed39"
"כיתה יב - 5 יח""ל - 572","מפורסם","אנליטית","מעגל","תרגול","מפורסם","0","","0","","no","0","","","no","69d0b6d1c7e9438292ed1811"
"כיתה ח' - בסיס","מפורסם","אלגברה","מערכת משוואות ממעלה ראשונה","תרגול","מפורסם","0","","1","כיתה ז - יחידה 7 - משוואות-1.pdf","no","0","","","yes","69f45b39487d10a71e41df81"
"כיתה ט - מתקדם","מפורסם","אלגברה","מערכת צירים ומשוואות (חזרה)","תרגול","מפורסם","18","הסבר 1; סרטון 2; תרגיל 3; תרגיל 4; תרגיל 5; תרגיל 6; תרגיל 7; תרגיל 8; תרגיל 9; תרגיל 10; תרגיל 11; תרגיל 12; תרגיל 13; תרגיל 14; תרגיל 15; תרגיל 16; תרגיל 17; תרגיל 18","0","","no","0","","","yes","69eb1b86ecc3a900bbc7f2e7"
"כיתה י - 4 יח""ל","מפורסם","גיאומטריה","מרובעים  - תכונות","תרגול","מפורסם","0","","0","","no","0","","","no","69eb596a52948693c26df720"
"כיתה י - 5 יח""ל","מפורסם","אלגברה","משוואות דו ריבועיות ומיוחדות","לימוד","מפורסם","0","","1","משוואוות  דו ריבועיות-68H4m7VjROqpSHUXaeFrlFF580YYmO.pdf","no","0","","","yes","69d0e796dbb3b54d696cbd2f"
"כיתה י - 4 יח""ל","מפורסם","פונקציות","משוואת משיק לפונקציה","לימוד","מפורסם","0","","1","כיתה י - שיעור 8 - נגזרת ומשוואת משיק - פולינום-469QcNICOOa0qjWJ2954gRwh1F7xh5.pdf","no","0","","","yes","69f50691e41e74274acf1d1b"
"כיתה ט - מתקדם","מפורסם","גיאומטריה","משולש ישר זווית","תרגול","מפורסם","0","","1","כיתה ט - יחידה 15 - משולש ישר זווית-MZNxGwmQ4PTUuj96Xe9UXHUGymxjqm.pdf","no","0","","","yes","69ccf9be67f63a55bdd1b3c3"
"כיתה י - 4 יח""ל","מפורסם","גיאומטריה","משולשים - מפגש תיכונים, משפט חוצה זווית","תרגול","מפורסם","0","","0","","no","0","","","no","69eb0bf7bde1c6cde3c01e8a"
"כיתה ח' - מתקדם","מפורסם","גיאומטירה","משפט פיתגורס","תרגול","מפורסם","0","","1","כיתה ח - יחידה 20 - משפט פיתגורס-0mqoA6kBVNhdO3mGAYrO1MuONEp8DX.pdf","no","0","","","yes","69ccee4f3e280bda86cea587"
"הכנה לכיתה ז","מפורסם","Orphaned lessons","סוגי זוויות הקבלה וניצבות","תרגול","מפורסם","0","","1","הכנה-כיתה-ז14-סוגי-זוויות-הקבלה-וניצבות-Pl66C20WciFJNjkGtF5zqYIyXf6xLy.pdf","no","0","","","yes","6a05c985377b8a75a3659dea"
"הכנה לכיתה ז","מפורסם","Orphaned lessons","סוגי זוויות הקבלה וניצבות","תרגול","מפורסם","0","","1","הכנה-כיתה-ז14-סוגי-זוויות-הקבלה-וניצבות-Pl66C20WciFJNjkGtF5zqYIyXf6xLy.pdf","no","0","","","yes","6a688d6a90e1ad0cfe0c85cb"
"הכנה לכיתה ז","מפורסם","Orphaned lessons","סוגי זוויות הקבלה וניצבות","תרגול","מפורסם","0","","1","הכנה-כיתה-ז14-סוגי-זוויות-הקבלה-וניצבות-Pl66C20WciFJNjkGtF5zqYIyXf6xLy.pdf","no","0","","","yes","cec08236bc436634900a7311"
"כיתה ח' - בסיס","מפורסם","פונקציות","פונקציה קווית","תרגול","מפורסם","0","","1","כיתה ח - יחידה 2 - פונקציות - מצב הדדי בין ישרים-p1pXt85jHY9PQG0lVfOHSYonyxWEFo.pdf","yes","15490","","","yes","69f45aad10b2a044590ae324"
"כיתה ט - בסיס","מפורסם","פונקציה","פונקציה ריבועית - בסיס","לימוד","מפורסם","0","","1","פונקציה ריבועית בסיס-AdSqM4Y14mhwRFau71ATquCbBnfMbp.pdf","yes","27550","","","yes","69c62d41aef5e57eed2495a3"
"כיתה ט - מתקדם","מפורסם","פונקציות","פונקציה ריבועית - חקירה","תרגול","מפורסם","0","","1","כיתה ט' - יחידה 11 - פונקציה ריבועית - חקירה-xAFQloubUhIte5NPzCJhTSn5SblfRs.pdf","no","0","","","yes","69e78fb5df26da3b40220820"
"כיתה י - 5 יח""ל","מפורסם","פונקציה","פונקציה רציונלית - אסימפטוטות","לימוד","מפורסם","0","","1","כיתה י - יחידה 7 - פולינום - חקירת פונקציה-ste83fBbn8PdbugNPUe4vX3GWDGu2L.pdf","no","0","","","yes","69f5b1b87591a7d6585417c9"
"כיתה י - 5 יח""ל","מפורסם","פונקציה","פונקציה רציונלית - נקודות סליקה (חור)","לימוד","מפורסם","0","","1","כיתה י - יחידה 7 - פולינום - חקירת פונקציה-ste83fBbn8PdbugNPUe4vX3GWDGu2L.pdf","no","0","","","yes","69f5b1c5f82492c9753163cb"
"כיתה י - 5 יח""ל","מפורסם","פונקציה","פונקציה רציונלית - תחום הגדרה","לימוד","מפורסם","0","","1","כיתה י - יחידה 7 - פולינום - חקירת פונקציה-ste83fBbn8PdbugNPUe4vX3GWDGu2L.pdf","no","0","","","yes","69f5b1a028e6b58a3cd13250"
"כיתה י - 5 יח""ל","מפורסם","פונקציה","פונקציית פולינום - חקירה","תרגול","מפורסם","0","","1","כיתה י - יחידה 7 - פולינום - חקירת פונקציה-ste83fBbn8PdbugNPUe4vX3GWDGu2L.pdf","no","0","","","yes","69d0eaaed04c0d5bc8eca62a"
"כיתה י - 5 יח""ל","מפורסם","גיאומטריה","קטע אמצעים","תרגול","מפורסם","0","","0","","no","0","","","no","69d10f2c8ec1c905ac95c617"
"כיתה ז׳","מפורסם","כיתה ז - גיאומטריה","קטעים מיוחדים במשולש","לימוד","מפורסם","0","","1","קטעים מיוחדים במשולש-FovzrniRVRBGKyS1wbjPUcZgERI4C5.pdf","yes","22119","","","yes","69c776d35585e1db9ee9e0cb"
"כיתה יא - 4 יח""ל - 471","מפורסם","שאלון בגרות","ריגרסיה","תרגול","מפורסם","0","","1","ריגרסיה -  471-o2rfY5erFo1naQ8hhAc3jx24g5HwzQ.pdf","yes","23178","","","yes","69ae631e4ad574c65bf839df"
"כיתה ז׳","מפורסם","כיתה ז - אלגברה","שברים - חיבור וחיסור","לימוד","מפורסם","10","מהו שבר? – חלקי שלם — תרגיל 1; שברים שווים – פיצה באותה כמות, פרוסות שונות — תרגיל 2; מכנים זהים – ""לאסוף פרוסות"" — תרגיל 3; מכנים זהים – ""לקחת פרוסות"" — תרגיל 4; חיבור וחיסור – ""שלם וחלקי"" — תרגיל 5; מכנה משותף – ""לפרוס מחדש את העוגה"" — תרגיל 6; הרחבת שברים למכנה משותף – ""לייצר פרוסות שוות"" — תרגיל 7; מכנים שונים – ""מכינים לאיסוף"" — תרגיל 8; מכנים שונים – ""מכינים ללקיחה"" — תרגיל 9; מגוון פעולות בשברים – ""לשלב הכל"" — תרגיל 10","0","","no","0","","","yes","6a732c8780fc90dffd8f0d61"
"הכנה לכיתה ז","מפורסם","שברים","שברים - שבר מעורב","לימוד","מפורסם","10","למידה ראשונית של שבר מעורב - מה זה בכלל? — תרגיל 1; תרגום סיפור מהחיים לשבר מעורב — תרגיל 2; היכרות עם ""שבר מדומה"" (כשהמונה גדול מהמכנה) — תרגיל 3; מעבר משבר מדומה לשבר מעורב (בדרך של חיבור והיגיון) — תרגיל 4; מעבר משבר מדומה למעורב בעזרת חילוק — תרגיל 5; מעבר משבר מעורב לשבר מדומה (הכיוון ההפוך) — תרגיל 6; תרגול שוטף של מעבר ממעורב למדומה — תרגיל 7; השוואת שברים מעורבים — תרגיל 8; בעיות מילוליות משולבות — תרגיל 9; אתגר המאפייה — תרגיל 10","0","","no","0","","","yes","6a730e66285c77cbef1e793a"
"כיתה ט - מתקדם","מפורסם","סטטיסטיקה והסתברות","שכיח וחציון","לימוד","מפורסם","0","","0","","yes","27550","","","yes","69ecfeac4ec57fb9fcd3ec0f"
"כיתה י - 5 יח""ל","מפורסם","פונקציה","שרטוט גרף של פונקציה","לימוד","מפורסם","0","","1","כיתה י - יחידה 7 - פולינום - חקירת פונקציה-ste83fBbn8PdbugNPUe4vX3GWDGu2L.pdf","no","0","","","yes","69f5b163a3a5acccb8953a23"
"כיתה יב - 5 יח""ל - 572","מפורסם","בגרות","2025 - מועד ב","בחינה","מפורסם","0","","1","572-  2025- B-M4fVJE43x7uRtf51PPrsoe4WIvhScY.pdf","yes","13903","","","yes","69d0b16b3fa4698a093c9d5c"
"כיתה יב - 4 יח""ל - 472","מפורסם","בגרויות","2025 - מועד ב","בחינה","מפורסם","0","","1","processed_Math - 4units - 472 - 2025 - moed b (4)-RBMSZCuQRVtYiAi5wriN4M5L95895M.pdf","no","0","","","yes","69d11e54061f79d2d5843b7f"
"כיתה יא - 3 יח""ל - 371","מפורסם","אלגברה","אחוזים","תרגול","מפורסם","0","","1","משולש ישר טריגונמטריהזווית-ltLIg2m9VmacTGVj4HIruQGRGOaPN4.pdf","no","0","","","yes","69f587d3837faaad1c1d88f3"
"כיתה ז׳","מפורסם","מבחנים","בחינה 2 - ביטוים אלגברים, חוקיות ומלבנים","בחינה","מפורסם","0","","1","כיתה ז - מבחן סימולציה 2 - חוקיות , ביטוים אלגברים ומלבנים-2.pdf","yes","3166","","","yes","6963883b1fdb2dbbed38204b"
"כיתה ט - מתקדם","מפורסם","בחינות","בחינה 2 - משוואות, פונקציות, ומקביליות - שמיר19.4.26","בחינה","מפורסם","0","","1","שמיר 3- כיתה ט-iQwBA6bGms62ZveliJL0Z2mk7xau8n.pdf","yes","11164","","","yes","69cd082e0fc6795426b10449"
"הכנה לכיתה ז","מפורסם","גאומטריה","גיאומטריה - מרובעים מיוחדים","לימוד","מפורסם","10","זיהוי תכונות המלבן והריבוע — תרגיל 1; זיהוי תכונות המעוין והמקבילית — תרגיל 2; השוואת תכונות וזיהוי מרובעים — תרגיל 3; השוואה וסיווג מרובעים — תרגיל 4; סיווג והבחנה בין מרובעים — תרגיל 5; יישום תכונות מרובעים — תרגיל 6; תכונות מתקדמות וקשרים — תרגיל 7; ניתוח טבלאי של תכונות — תרגיל 8; סיכום והשלמת תכונות — תרגיל 9; מבחן ידע כולל — תרגיל 10","0","","no","0","","","yes","6a7427918307e9dfa54da86f"
"כיתה ט - מתקדם","מפורסם","סטטיסטיקה והסתברות","הסתברות - הגדרה","לימוד","מפורסם","0","","0","","yes","27550","","","yes","69ecfebf9c71582024472372"
"הכנה לכיתה ז","מפורסם","כיתה ז","יחס - מבוא","לימוד","מפורסם","10","מהו יחס? השוואה ויזואלית בסיסית — תרגיל 1; כתיבה בצורות שונות — תרגיל 2; האם 2:3 זה כמו 3:2? — תרגיל 3; סוגי השוואות — תרגיל 4; איך להפוך יחס לפשוט יותר — תרגיל 5; איפה אנחנו פוגשים יחס? — תרגיל 6; גורם משותף גדול יותר — תרגיל 7; שימוש ביחס כדי למצוא כמה יש — תרגיל 8; מה קורה כשיש יחידות מידה? — תרגיל 9; שאלות משולבות ביחס — תרגיל 10","0","","no","0","","","yes","6a732a7521add1ce87ca46d6"
"הכנה לז' גיבוי","טיוטה","אלגברה - הכנה","יחס - מבוא","לימוד","טיוטה","10","מהו יחס? השוואה ויזואלית בסיסית — תרגיל 1; כתיבה בצורות שונות — תרגיל 2; האם 2:3 זה כמו 3:2? — תרגיל 3; סוגי השוואות — תרגיל 4; איך להפוך יחס לפשוט יותר — תרגיל 5; איפה אנחנו פוגשים יחס? — תרגיל 6; גורם משותף גדול יותר — תרגיל 7; שימוש ביחס כדי למצוא כמה יש — תרגיל 8; מה קורה כשיש יחידות מידה? — תרגיל 9; שאלות משולבות ביחס — תרגיל 10","0","","no","0","","","yes","6a7454a2fc7d19d634c258bd"
"כיתה ח' - מתקדם","מפורסם","גיאומטירה","ייצוג של קו ישר","לימוד","מפורסם","43","הסבר 1; סרטון 2; תרגיל 3; תרגיל 4; תרגיל 5; תרגיל 6; תרגיל 7; תרגיל 8; תרגיל 9; תרגיל 10; תרגיל 11; תרגיל 12; תרגיל 13; תרגיל 14; תרגיל 15; תרגיל 16; תרגיל 17; תרגיל 18; תרגיל 19; תרגיל 20; תרגיל 21; תרגיל 22; תרגיל 23; תרגיל 24; תרגיל 25; תרגיל 26; תרגיל 27; תרגיל 28; תרגיל 29; תרגיל 30; תרגיל 31; תרגיל 32; תרגיל 33; תרגיל 34; תרגיל 35; תרגיל 36; תרגיל 37; תרגיל 38; תרגיל 39; תרגיל 40; תרגיל 41; תרגיל 42; תרגיל 43","0","","no","0","","","yes","69eb1b86ecc3a900bbc7f2e9"
"כיתה ז׳","מפורסם","כיתה ז - אלגברה","כפל שברים","לימוד","מפורסם","10","תרגיל 1 – מנחה: מוטיבציה ולמידה ראשונית (חלק מתוך חלק); תרגיל 2 – בסיס: חוק הכפל המהיר (מונה כפול מונה, מכנה כפול מכנה); תרגיל 3 – בסיס: צמצום התוצאה בסוף התרגיל; תרגיל 4 – הבנה: אפקט ההקטנה (למה התוצאה קטנה יותר?); תרגיל 5 – הבנה: טריק ""הצמצום באלכסון"" לפני הכפל; תרגיל 6 – שילוב: בעיות מילוליות (חלק מתוך חלק); תרגיל 7 – חשיבה: כפל שבר במספר מעורב (קודם הופכים למדומה!); תרגיל 8 – מורכב: כפל שבר מעורב בשבר מעורב; תרגיל 9 – חשיבה: גיאומטריה מחיי היומיום (שטח מלבן); תרגיל 10 – חזרה מסכמת: אתגר הפדגוגי - הכנת חצי מתכון","0","","no","0","","","yes","f92ed892788fea2db608c9b8"
"כיתה י - 3 יח""ל - 172","מפורסם","בחינות סימולציה","מועד ב - 2025","בחינה","מפורסם","0","","0","","no","0","","","no","69f4a5aef56bc1d0c3f03d45"
"כיתה יא - 3 יח""ל - 371","מפורסם","בחינות בגרות","מועד ב - 2025","בחינה","מפורסם","0","","1","משולש ישר טריגונמטריהזווית-ltLIg2m9VmacTGVj4HIruQGRGOaPN4.pdf","no","0","","","yes","69f5943e3fdab2477f03c0b9"
"","","","ממוצע","לימוד","מפורסם","20","תרגיל 1 - מנחה: מוטיבציה ולמידה ראשונית של ממוצע; תרגיל 2 - בסיס: חישוב ממוצע לקבוצת נתונים גדולה יותר; תרגיל 3 - בסיס: תרגול מעורב של חישובי ממוצע; תרגיל 4 - הבנה: שימושי ממוצע בחיי היומיום; תרגיל 5 - הבנה: מציאת נתון חסר או סכום כאשר הממוצע ידוע; תרגיל 6 - חשיבה: השפעת הוספת נתון על הממוצע; תרגיל 7 - חשיבה מורכבת: חישוב השפעת נתון חדש במספרים; תרגיל 8 - שילוב: מציאת ממוצע מתוך טבלאות נתונים; תרגיל 9 - מורכב: קבוצות נתונים עם תדירויות (ממוצע כשערכים חוזרים); תרגיל 10 - חזרה מסכמת: אתגר פדגוגי מסכם; תרגיל 7 - חשיבה מורכבת: חישוב השפעת נתון חדש במספרים; תרגיל 5 - הבנה: מציאת נתון חסר או סכום כאשר הממוצע ידוע; תרגיל 3 - בסיס: תרגול מעורב של חישובי ממוצע; תרגיל 6 - חשיבה: השפעת הוספת נתון על הממוצע; תרגיל 8 - שילוב: מציאת ממוצע מתוך טבלאות נתונים; תרגיל 2 - בסיס: חישוב ממוצע לקבוצת נתונים גדולה יותר; תרגיל 9 - מורכב: קבוצות נתונים עם תדירויות (ממוצע כשערכים חוזרים); תרגיל 1 - מנחה: מוטיבציה ולמידה ראשונית של ממוצע; תרגיל 10 - חזרה מסכמת: אתגר פדגוגי מסכם; תרגיל 4 - הבנה: שימושי ממוצע בחיי היומיום","0","","no","0","","","yes","c6b5cc602d64aa191d68adb8"
"","","","ממוצע","לימוד","מפורסם","10","תרגיל 1 - מנחה: מוטיבציה ולמידה ראשונית של ממוצע; תרגיל 2 - בסיס: חישוב ממוצע לקבוצת נתונים גדולה יותר; תרגיל 3 - בסיס: תרגול מעורב של חישובי ממוצע; תרגיל 4 - הבנה: שימושי ממוצע בחיי היומיום; תרגיל 5 - הבנה: מציאת נתון חסר או סכום כאשר הממוצע ידוע; תרגיל 6 - חשיבה: השפעת הוספת נתון על הממוצע; תרגיל 7 - חשיבה מורכבת: חישוב השפעת נתון חדש במספרים; תרגיל 8 - שילוב: מציאת ממוצע מתוך טבלאות נתונים; תרגיל 9 - מורכב: קבוצות נתונים עם תדירויות (ממוצע כשערכים חוזרים); תרגיל 10 - חזרה מסכמת: אתגר פדגוגי מסכם","0","","no","0","","","yes","6a688d6a90e1ad0cfe0c85cc"
"","","","ממוצע","לימוד","מפורסם","20","תרגיל 1 - מנחה: מוטיבציה ולמידה ראשונית של ממוצע; תרגיל 2 - בסיס: חישוב ממוצע לקבוצת נתונים גדולה יותר; תרגיל 3 - בסיס: תרגול מעורב של חישובי ממוצע; תרגיל 4 - הבנה: שימושי ממוצע בחיי היומיום; תרגיל 5 - הבנה: מציאת נתון חסר או סכום כאשר הממוצע ידוע; תרגיל 6 - חשיבה: השפעת הוספת נתון על הממוצע; תרגיל 7 - חשיבה מורכבת: חישוב השפעת נתון חדש במספרים; תרגיל 8 - שילוב: מציאת ממוצע מתוך טבלאות נתונים; תרגיל 9 - מורכב: קבוצות נתונים עם תדירויות (ממוצע כשערכים חוזרים); תרגיל 10 - חזרה מסכמת: אתגר פדגוגי מסכם; תרגיל 1 - מנחה: מוטיבציה ולמידה ראשונית של ממוצע; תרגיל 4 - הבנה: שימושי ממוצע בחיי היומיום; תרגיל 6 - חשיבה: השפעת הוספת נתון על הממוצע; תרגיל 9 - מורכב: קבוצות נתונים עם תדירויות (ממוצע כשערכים חוזרים); תרגיל 2 - בסיס: חישוב ממוצע לקבוצת נתונים גדולה יותר; תרגיל 7 - חשיבה מורכבת: חישוב השפעת נתון חדש במספרים; תרגיל 3 - בסיס: תרגול מעורב של חישובי ממוצע; תרגיל 5 - הבנה: מציאת נתון חסר או סכום כאשר הממוצע ידוע; תרגיל 10 - חזרה מסכמת: אתגר פדגוגי מסכם; תרגיל 8 - שילוב: מציאת ממוצע מתוך טבלאות נתונים","0","","no","0","","","yes","c317073cead787cb0384ef12"
"הכנה לכיתה ז","מפורסם","","מספרים טבעיים - אומדן","לימוד","מפורסם","10","מבוא לעיגול מספרים לעשרת הקרובה — תרגיל 1; עיגול מספרים למאה הקרובה ויישומו — תרגיל 2; אומדן של פעולת כפל במספרים חד-ספרתיים ודו-ספרתיים — תרגיל 3; אומדן יתר מול אומדן חסר ומשמעותם — תרגיל 4; התאמת מספרים לעיגול ומצבי קנייה מורכבים — תרגיל 5; עיגול מספרים גדולים לאלפים ולרבבות — תרגיל 6; הבנת גבולות העיגול וטווחי מספרים — תרגיל 7; השלמת וניתוח טבלאות אומדן מורכבות — תרגיל 8; חישובים משולבים ואנליזה של שגיאות — תרגיל 9; אתגר האומדן הגדול ומיומנות מתקדמת — תרגיל 10","0","","no","0","","","yes","574ae36ca002b616058624d6"
"הכנה לז' גיבוי","טיוטה","מספרים טבעיים","מספרים טבעיים - אומדן","לימוד","טיוטה","10","מבוא לעיגול מספרים לעשרת הקרובה — תרגיל 1; עיגול מספרים למאה הקרובה ויישומו — תרגיל 2; אומדן של פעולת כפל במספרים חד-ספרתיים ודו-ספרתיים — תרגיל 3; אומדן יתר מול אומדן חסר ומשמעותם — תרגיל 4; התאמת מספרים לעיגול ומצבי קנייה מורכבים — תרגיל 5; עיגול מספרים גדולים לאלפים ולרבבות — תרגיל 6; הבנת גבולות העיגול וטווחי מספרים — תרגיל 7; השלמת וניתוח טבלאות אומדן מורכבות — תרגיל 8; חישובים משולבים ואנליזה של שגיאות — תרגיל 9; אתגר האומדן הגדול ומיומנות מתקדמת — תרגיל 10","0","","no","0","","","yes","6a7454a2fc7d19d634c258c2"
"הכנה לכיתה ז","מפורסם","מספרים טבעיים","מספרים טבעיים - חילוק ארוך","לימוד","טיוטה","10","יסודות החילוק הארוך - מספר דו-ספרתי בחד-ספרתי — תרגיל 1; תרגול נוסף של חילוק ארוך בסיסי — תרגיל 2; התמודדות עם אפס במנה (מספר תלת-ספרתי בחד-ספרתי) — תרגיל 3; הערכת מנה ובדיקת התוצאה — תרגיל 4; חילוק עם שארית — תרגיל 5; חילוק במספר דו-ספרתי — תרגיל 6; פתרון בעיה מילולית ומשמעות השארית — תרגיל 7; ניתוח טבלאות חילוק ובקרת נתונים — תרגיל 8; חילוק מספר ארבע-ספרתי בדו-ספרתי — תרגיל 9; אתגר מורכב משולב — תרגיל 10","0","","no","0","","","yes","6a6a96c5e20edfb96aeb3cad"
"","","","מספרים עשרוניים - כפל בבסיס 10","לימוד","מפורסם","12","כפל ב-10; כפל ב-100 וב-1000; כפל מספר עשרוני בשלם; כפל בשלם עם מעבר שלם; שימושי כסף ובעיות יומיום; כפל עשרוני בעשרוני; כפל עשרוני בעשרוני עם מאיות; שטחים וגיאומטריה; תרגול מיומנויות משולבות; אתגר פדגוגי מסכם; כפל מספר עשרוני ב-10, 100, 1000; כפל מספר עשרוני ב-10, 100, 1000","0","","no","0","","","yes","6a3a9087451986e33d4554ea"
"","","","מספרים עשרוניים - כפל בבסיס 10","לימוד","מפורסם","12","כפל ב-10; כפל ב-100 וב-1000; כפל מספר עשרוני בשלם; כפל בשלם עם מעבר שלם; שימושי כסף ובעיות יומיום; כפל עשרוני בעשרוני; כפל עשרוני בעשרוני עם מאיות; שטחים וגיאומטריה; תרגול מיומנויות משולבות; אתגר פדגוגי מסכם; כפל מספר עשרוני ב-10, 100, 1000; כפל מספר עשרוני ב-10, 100, 1000","0","","no","0","","","yes","6a688d6a90e1ad0cfe0c85ce"
"","","","מספרים עשרוניים - כפל בבסיס 10","לימוד","מפורסם","12","כפל ב-10; כפל ב-100 וב-1000; כפל מספר עשרוני בשלם; כפל בשלם עם מעבר שלם; שימושי כסף ובעיות יומיום; כפל עשרוני בעשרוני; כפל עשרוני בעשרוני עם מאיות; שטחים וגיאומטריה; תרגול מיומנויות משולבות; אתגר פדגוגי מסכם; כפל מספר עשרוני ב-10, 100, 1000; כפל מספר עשרוני ב-10, 100, 1000","0","","no","0","","","yes","45e23b65d4a8e6d0bfda871e"
"הכנה לכיתה ז","מפורסם","Orphaned lessons","מעגל","תרגול","מפורסם","0","","1","הכנה-כיתה-ז16-מעגל-xBUdZKpkRJIvgJk9b8Y2rJTGs4BJqS.pdf","no","0","","","yes","6a05cd9eb9a5cb55a25ba9dc"
"הכנה לכיתה ז","מפורסם","Orphaned lessons","מעגל","תרגול","מפורסם","0","","1","הכנה-כיתה-ז16-מעגל-xBUdZKpkRJIvgJk9b8Y2rJTGs4BJqS.pdf","no","0","","","yes","6a688d6a90e1ad0cfe0c85d1"
"הכנה לכיתה ז","מפורסם","Orphaned lessons","מעגל","תרגול","מפורסם","0","","1","הכנה-כיתה-ז16-מעגל-xBUdZKpkRJIvgJk9b8Y2rJTGs4BJqS.pdf","no","0","","","yes","3e88729e497a4622d3e013f0"
"כיתה ח' - מתקדם","מפורסם","אלגברה","מערכת משוואות  - 2 נעלמים","תרגול","מפורסם","0","","1","כיתה ח – יחידה 8 -  מערכת משוואות - 2 נעלמים-g4LEh1VHLwjsNS6tRlHp7FoDDU3OUe.pdf","no","0","","","yes","69e77f589a832cc31db742c7"
"כיתה י - 5 יח""ל","מפורסם","גיאומטריה","מפגש תיכונים","תרגול","מפורסם","0","","1","מפגש תיכונים-AOIbYvHWSczsTtB0jPSPThmOAuAYSF.pdf","no","0","","","yes","69d10f64f0ddeb5a0a1e4baf"
"כיתה ח' - מתקדם","מפורסם","פונקציה","מצב הדדי בין ישרים","תרגול","מפורסם","0","","1","כיתה ח - יחידה 2 - פונקציות - מצב הדדי בין ישרים-p1pXt85jHY9PQG0lVfOHSYonyxWEFo.pdf","yes","15490","","","yes","69cce0e2802193b7bf729792"
"כיתה ח' - מתקדם","מפורסם","פונקציה","מציאת שיפוע ומשוואת ישר","תרגול","מפורסם","0","","1","כיתה ח - יחידה 2 - פונקציות - מציאת שיפוע, מציאת ימשוואת ישר ונקודות-gKY5kjrGDGclmvb7dIlSUIhBc0tmEM.pdf","yes","15490","","","yes","69cce5a554f6be82ebd174c1"
"כיתה ט - מתקדם","מפורסם","גיאומטריה","מקבילית","תרגול","מפורסם","0","","1","כיתה ט' - שיעור 21 - מקבילית - גיאומטריה -.pdf","yes","54226","","","yes","69959bc00c474dface45218c"
"כיתה ח' - בסיס","מפורסם","אלגברה","משוואה ממעלה ראשונה","לימוד","מפורסם","0","","0","","no","0","","","no","69f44a4cd87175fe0617622e"
"הכנה לז' גיבוי","טיוטה","אלגברה - הכנה","משוואות - מבוא","לימוד","טיוטה","10","הבנת שוויון – האם הצדדים שווים? — תרגיל 1; מוצאים מספר חסר בפעולה אחת ליצירת שוויון — תרגיל 2; משלימים לשוויון עם ביטוי מורכב — תרגיל 3; שומרים על שוויון בחיבור וחיסור — תרגיל 4; שומרים על שוויון בכפל וחילוק — תרגיל 5; מציאת מספר חסר בחיבור וחיסור בעזרת ""שני הצדדים"" — תרגיל 6; מציאת מספר חסר בכפל וחילוק בעזרת ""שני הצדדים"" — תרגיל 7; שוויון בשני שלבים (פעולות משולבות) — תרגיל 8; בונים שוויון ומוצאים את המספר החסר — תרגיל 9; יישום עקרונות השוויון במצבים מורכבים במקצת — תרגיל 10","0","","no","0","","","yes","6a7454a2fc7d19d634c258be"
"כיתה י - 5 יח""ל","מפורסם","אלגברה","משוואות עם פרמטרים","תרגול","מפורסם","0","","1","משוואות עם פרמטרים-S2mZcF6DOKskVLOP4jPTu1ZU0JnBKi.pdf","no","0","","","yes","69d0e7fa0ce599b0987e2ad0"
"כיתה י - 5 יח""ל","מפורסם","אלגברה","משוואות עם פרמטרים","לימוד","מפורסם","0","","1","משוואות עם פרמטרים-S2mZcF6DOKskVLOP4jPTu1ZU0JnBKi.pdf","no","0","","","yes","69f5b077f82492c97531629c"
"כיתה י - 4 יח""ל","מפורסם","גיאומטריה","משולשים - תלס ודימיון","תרגול","מפורסם","0","","0","","no","0","","","no","69eb0c3c1ee458a2a03e7977"
"כיתה י - 4 יח""ל","מפורסם","פונקציות","נגזרת, תרגילים עם פרמטר","לימוד","מפורסם","0","","1","כיתה י - שיעור 8 - נגזרת ומשוואת משיק - פולינום-469QcNICOOa0qjWJ2954gRwh1F7xh5.pdf","no","0","","","yes","69f506a289f2e29289ae9db8"
"כיתה ח' - בסיס","מפורסם","פונקציות","פונקציה קווית","לימוד","מפורסם","0","","0","","no","0","","","no","69f4493502a24f608e086a4a"
"כיתה ט - בסיס","מפורסם","פונקציה","פונקציה ריבועית - משולב","תרגול","מפורסם","0","","0","","no","0","","","no","69cec92984eb0515c8f74226"
"כיתה ט - מתקדם","מפורסם","פונקציות","פונקציה ריבועית - תרגילים מתקדמים","תרגול","מפורסם","0","","1","כיתה ט' - שיעור 14 - פונקציה ריבועית - תרגילי סיכום-1.pdf","yes","13632","","","yes","69882dd4da43627e9a3870d1"
"כיתה י - 5 יח""ל","מפורסם","פונקציה","פונקציית פולינום - תרגילי סיכום","תרגול","מפורסם","0","","1","כיתה י - שיעור 16.3 -  פונקציה רציונלית - שאלות סיכום.pdf","yes","12143","","","yes","69909bc42af0eacf3bee6e87"
"כיתה י - 5 יח""ל","מפורסם","פונקציה","פונקצית מכפלה ומורכבת","תרגול","מפורסם","0","","1","כיתה י - יחידה 6.1 - פולינום - פונקציית מכפלה ומורכבת-TYejgANePAKQQ9yY7Q6FnosLk8i1UV.pdf","no","0","","","yes","69d0eb28c2afe632f9f9f909"
"כיתה ט - מתקדם","מפורסם","אלגברה","פירוק לגורמים - גורם משותף וכפל מקוצר","תרגול","מפורסם","0","","0","","no","0","","","no","69eb9cf8f0bf2bcf31c73556"
"כיתה ט - בסיס","מפורסם","אלגברה","פירוק לגורמים - מימוש במשוואות","תרגול","מפורסם","0","","1","משוואות - כיתה ט  - בסיס-qc860q1zTsmOljOYX8C1S4M3dfp2ut.pdf","yes","8432","","","yes","69c5a260c79346a2ca294b32"
"כיתה ט - בסיס","מפורסם","אלגברה","פירוק לגורמים -צמצום שברים אלגברים","תרגול","מפורסם","0","","0","","no","0","","","no","69c5a205f567e1a5a38ef9af"
"כיתה יב - 5 יח""ל - 572","מפורסם","אנליטית","פרבולה","תרגול","מפורסם","0","","0","","no","0","","","no","69d0b6f1bae66d314416e3a3"
"כיתה ח' - בסיס","מפורסם","גיאומטריה","קטעים מיוחדים במשולש","לימוד","מפורסם","0","","1","קטעים מיוחדים במשולש-FovzrniRVRBGKyS1wbjPUcZgERI4C5.pdf","yes","22119","","","yes","69cb54e0f776e9753054b2e3"
"הכנה לכיתה ז","מפורסם","גרפים","קריאת נתונים","לימוד","מפורסם","10","קריאת נתונים מטבלה פשוטה — תרגיל 1; קריאת נתונים מגרף עמודות (בר-גרף) — תרגיל 2; קריאת נתונים מגרף עוגה — תרגיל 3; קריאת נתונים מגרף קווי — תרגיל 4; קריאת נתונים מטבלת שכיחויות — תרגיל 5; קריאת נתונים מפיקטוגרמה — תרגיל 6; השוואת נתונים משני גרפים שונים — תרגיל 7; ניתוח מגמות בגרף קווי והסקת מסקנות — תרגיל 8; קריאת נתונים מגרף עמודות מורכב (עם שתי קטגוריות) — תרגיל 9; ניתוח נתונים משולב והסקת מסקנות מעמיקות — תרגיל 10","0","","no","0","","","yes","6a732b0421add1ce87ca4e41"
"הכנה לז' גיבוי","טיוטה","גרפים","קריאת נתונים","לימוד","טיוטה","10","קריאת נתונים מטבלה פשוטה — תרגיל 1; קריאת נתונים מגרף עמודות (בר-גרף) — תרגיל 2; קריאת נתונים מגרף עוגה — תרגיל 3; קריאת נתונים מגרף קווי — תרגיל 4; קריאת נתונים מטבלת שכיחויות — תרגיל 5; קריאת נתונים מפיקטוגרמה — תרגיל 6; השוואת נתונים משני גרפים שונים — תרגיל 7; ניתוח מגמות בגרף קווי והסקת מסקנות — תרגיל 8; קריאת נתונים מגרף עמודות מורכב (עם שתי קטגוריות) — תרגיל 9; ניתוח נתונים משולב והסקת מסקנות מעמיקות — תרגיל 10","0","","no","0","","","yes","6a7454a2fc7d19d634c258bc"
"","","","שבר מעורב","לימוד","מפורסם","20","תרגיל 1 – מנחה: למידה ראשונית של שבר מעורב - מה זה בכלל?; תרגיל 2 – בסיס: תרגום סיפור מהחיים לשבר מעורב; תרגיל 3 – הבנה: היכרות עם ""שבר מדומה"" (כשהמונה גדול מהמכנה); תרגיל 4 – הבנה: מעבר משבר מדומה לשבר מעורב (בדרך של חיבור והיגיון); תרגיל 5 – חשיבה: מעבר משבר מדומה למעורב בעזרת חילוק; תרגיל 6 – חשיבה מורכבת: מעבר משבר מעורב לשבר מדומה (הכיוון ההפוך); תרגיל 7 – בסיס: תרגול שוטף של מעבר ממעורב למדומה; תרגיל 8 – הבנה: השוואת שברים מעורבים; תרגיל 9 – מורכב: בעיות מילוליות משולבות; תרגיל 10 – חזרה מסכמת: אתגר המאפייה; תרגיל 1 – מנחה: למידה ראשונית של שבר מעורב - מה זה בכלל?; תרגיל 2 – בסיס: תרגום סיפור מהחיים לשבר מעורב; תרגיל 3 – הבנה: היכרות עם ""שבר מדומה"" (כשהמונה גדול מהמכנה); תרגיל 4 – הבנה: מעבר משבר מדומה לשבר מעורב (בדרך של חיבור והיגיון); תרגיל 5 – חשיבה: מעבר משבר מדומה למעורב בעזרת חילוק; תרגיל 6 – חשיבה מורכבת: מעבר משבר מעורב לשבר מדומה (הכיוון ההפוך); תרגיל 7 – בסיס: תרגول שוטף של מעבר ממעורב למדומה; תרגיל 9 – מורכב: בעיות מילוליות משולבות; תרגיל 10 – חזרה מסכמת: אתגר המאפייה; תרגיל 8 – הבנה: השוואת שברים מעורבים","0","","no","0","","","yes","6a42642bd877fe005107a346"
"","","","שבר מעורב","לימוד","מפורסם","20","תרגיל 1 – מנחה: למידה ראשונית של שבר מעורב - מה זה בכלל?; תרגיל 2 – בסיס: תרגום סיפור מהחיים לשבר מעורב; תרגיל 3 – הבנה: היכרות עם ""שבר מדומה"" (כשהמונה גדול מהמכנה); תרגיל 4 – הבנה: מעבר משבר מדומה לשבר מעורב (בדרך של חיבור והיגיון); תרגיל 5 – חשיבה: מעבר משבר מדומה למעורב בעזרת חילוק; תרגיל 6 – חשיבה מורכבת: מעבר משבר מעורב לשבר מדומה (הכיוון ההפוך); תרגיל 7 – בסיס: תרגול שוטף של מעבר ממעורב למדומה; תרגיל 8 – הבנה: השוואת שברים מעורבים; תרגיל 9 – מורכב: בעיות מילוליות משולבות; תרגיל 10 – חזרה מסכמת: אתגר המאפייה; תרגיל 1 – מנחה: למידה ראשונית של שבר מעורב - מה זה בכלל?; תרגיל 2 – בסיס: תרגום סיפור מהחיים לשבר מעורב; תרגיל 3 – הבנה: היכרות עם ""שבר מדומה"" (כשהמונה גדול מהמכנה); תרגיל 4 – הבנה: מעבר משבר מדומה לשבר מעורב (בדרך של חיבור והיגיון); תרגיל 5 – חשיבה: מעבר משבר מדומה למעורב בעזרת חילוק; תרגיל 6 – חשיבה מורכבת: מעבר משבר מעורב לשבר מדומה (הכיוון ההפוך); תרגיל 7 – בסיס: תרגول שוטף של מעבר ממעורב למדומה; תרגיל 9 – מורכב: בעיות מילוליות משולבות; תרגיל 10 – חזרה מסכמת: אתגר המאפייה; תרגיל 8 – הבנה: השוואת שברים מעורבים","0","","no","0","","","yes","8f4f353b02233bcd571d1cbe"
"הכנה לכיתה ז","מפורסם","שבר עשרוני","שבר עשרוני - חיבור וחיסור","לימוד","מפורסם","10","הכרת המבנה והיישור בשבר עשרוני — תרגיל 1; חיבור וחיסור שברים עשרוניים ללא המרה (רגרופ) - עזרים ויזואליים — תרגיל 2; חיבור שברים עשרוניים ללא המרה (Regrouping) — תרגיל 3; חיסור שברים עשרוניים ללא המרה (Borrowing) — תרגיל 4; חיבור שברים עשרוניים עם המרה (Regrouping) — תרגיל 5; חיסור שברים עשרוניים עם המרה (Borrowing) — תרגיל 6; חיבור וחיסור שברים עשרוניים עם מספר שונה של ספרות אחרי הנקודה — תרגיל 7; בעיות מילוליות חד-שלביות — תרגיל 8; בעיות מילוליות רב-שלביות — תרגיל 9; איתור טעויות, השלמת נתונים ויצירה — תרגיל 10","0","","no","0","","","yes","6a7345d71ed68ccbee47e518"
"הכנה לז' גיבוי","טיוטה","שבר עשרוני","שבר עשרוני- כפל","לימוד","טיוטה","10","למידה ראשונית של כפל שבר עשרוני במספר שלם — תרגיל 1; כפל עשרוני בשלם עם מעבר עשרת (יצירת שלמים) — תרגיל 2; כפל עשרוני שהופך למספר שלם — תרגיל 3; למידה ראשונית של כפל עשרוני בעשרוני — תרגיל 4; הוספת אפסים שומרי מקום לאחר כפל — תרגיל 5; כפל עשרוני בעשרוני עם מספרים מעל שלם אחד — תרגיל 6; חישובי שטחים (גיאומטריה) — תרגיל 7; שימושי כסף מחיי היומיום — תרגיל 8; מציאת המספר החסר והשוואת מכפלות — תרגיל 9; אתגר הקנייה הרב-שלבית — תרגיל 10","0","","no","0","","","yes","6a7454a2fc7d19d634c258bf"
"הכנה לכיתה ז","מפורסם","שברים","שברים - צמצום והרחבה","לימוד","מפורסם","10","מוטיבציה ולמידה ראשונית של שברים שקולים — תרגיל 1; פעולת ההרחבה (כפל המונה והמכנה באותו מספר) — תרגיל 2; מציאת הגורם החסר בהרחבה — תרגיל 3; פעולת הצמצום (חילוק המונה והמכנה באותו מספר) — תרגיל 4; מציאת הגורם החסר בצמצום — תרגיל 5; שבר מצומצם ביותר (עד הסוף) — תרגיל 6; שימוש בהרחבה לצורך השוואת שברים — תרגיל 7; בעיות מילוליות מחיי היומיום — תרגיל 8; שרשרת של פעולות — תרגיל 9; אתגר יום ההולדת והמתכונים! — תרגיל 10","0","","no","0","","","yes","6a73219c21add1ce87ca175e"
"הכנה לז' גיבוי","טיוטה","שברים","שברים - שבר מעורב","לימוד","טיוטה","10","למידה ראשונית של שבר מעורב - מה זה בכלל? — תרגיל 1; תרגום סיפור מהחיים לשבר מעורב — תרגיל 2; היכרות עם ""שבר מדומה"" (כשהמונה גדול מהמכנה) — תרגיל 3; מעבר משבר מדומה לשבר מעורב (בדרך של חיבור והיגיון) — תרגיל 4; מעבר משבר מדומה למעורב בעזרת חילוק — תרגיל 5; מעבר משבר מעורב לשבר מדומה (הכיוון ההפוך) — תרגיל 6; תרגול שוטף של מעבר ממעורב למדומה — תרגיל 7; השוואת שברים מעורבים — תרגיל 8; בעיות מילוליות משולבות — תרגיל 9; אתגר המאפייה — תרגיל 10","0","","no","0","","","yes","6a7454a2fc7d19d634c258c0"
"","","","שברים כפל שברים","תרגול","טיוטה","10","מוטיבציה ולמידה ראשונית (חלק מתוך חלק) — תרגיל 1; חוק הכפל המהיר (מונה כפול מונה, מכנה כפול מכנה) — תרגיל 2; צמצום התוצאה בסוף התרגיל — תרגיל 3; אפקט ההקטנה (למה התוצאה קטנה יותר?) — תרגיל 4; טריק ""הצמצום באלכסון"" לפני הכפל — תרגיל 5; בעיות מילוליות (חלק מתוך חלק) — תרגיל 6; כפל שבר במספר מעורב (קודם הופכים למדומה!) — תרגיל 7; כפל שבר מעורב בשבר מעורב — תרגיל 8; גיאומטריה מחיי היומיום (שטח מלבן) — תרגיל 9; אתגר הפדגוגי - הכנת חצי מתכון — תרגיל 10","0","","no","0","","","yes","6a73260e80fc90dffd8eea30"
"כיתה ז׳","מפורסם","כיתה ז - גיאומטריה","שטח והיקף מלבן","תרגול","מפורסם","0","","1","כיתה ז - יחידה 12 - שטח והיקף מלבן-nzqhgLt1c7UsHnQctX2OENgC8XhG9T.pdf","no","0","","","yes","69e768a7796ea2a13ea785a8"
"10th Grade - 5 Units","מפורסם","Geometry","Circle - angles","תרגול","מפורסם","0","","0","","no","0","","","no","69c4ef17b14972e2128d60a0"
"כיתה יב - 5 יח""ל - 572","מפורסם","בגרות","2025 - קיץ","בחינה","מפורסם","0","","1","572-  2025- S-5Ky89uAWY2kgxI743SlUJpJTrbb4y0.pdf","yes","10079","","","yes","69d0b1dd5a9d1c73cd4ce3ec"
"כיתה י - 5 יח""ל","מפורסם","אלגברה","אי שוויון - ריבועי","לימוד","מפורסם","0","","1","כיתה י - יחידה 4 - אי שוויון-s03RhXxQ2zjz6Us8XrLDV1tWQANDoN.pdf","no","0","","","yes","69f5b0913d98ae1113b9f1e3"
"כיתה י - 5 יח""ל","מפורסם","אלגברה","אי שוויון - רציונאלי","תרגול","מפורסם","0","","1","כיתה י - יחידה 4 - אי שוויון-s03RhXxQ2zjz6Us8XrLDV1tWQANDoN.pdf","no","0","","","yes","69d0e865c2afe632f9f9f7ed"
"כיתה י - 5 יח""ל","מפורסם","אלגברה","אי שוויון - רציונלי","לימוד","מפורסם","0","","1","כיתה י - יחידה 4 - אי שוויון-s03RhXxQ2zjz6Us8XrLDV1tWQANDoN.pdf","no","0","","","yes","69f5b0b51226cd2e9f91799c"
"כיתה יב - 5 יח""ל - 572","מפורסם","אנליטית","אליפסה","תרגול","מפורסם","0","","0","","no","0","","","no","69d0b71594cebedfb49f7b2e"
"כיתה ז׳","מפורסם","מבחנים","בחינה 3 - דף חזרה - ביטוים אלגברים, מספרים מכוונים, ישרים מקבילים וישרים מאונכים","בחינה","מפורסם","0","","1","כיתה ז' - בחינה סימולציה 3 – ביטויים אלגברים, מספרים מכוונים, ניצבות והקבלה-3.pdf","yes","5473","","","yes","69638a03bf473289fb393e53"
"כיתה ט - מתקדם","מפורסם","בחינות","בחינה 3 - משוואות, פונקציות ומקביליות - שמיר 19.4.26","בחינה","מפורסם","0","","1","שמיר4- כיתה ט-LhFxDfrxdFOYTsDvyyJV9l8zckaRhh.pdf","yes","10872","","","yes","69cd0874f0854e56bdc30fba"
"כיתה ח' - מתקדם","מפורסם","אלגברה","בעיות מילוליות 2","תרגול","מפורסם","0","","1","כיתה ח - יחידה 11 - בעיות מילוליות - סיכום-v5cWpLqE8MgbAvsI3U8tm1b9bmdApA.pdf","no","0","","","yes","69cce83fb0471d02833c64a0"
"הכנה לכיתה ז","מפורסם","גאומטריה","גיאומטריה - משולש גבהים","לימוד","מפורסם","10","הכרת הגובה במשולש — תרגיל 1; זיהוי גבהים — תרגיל 2; גובה במשולש ישר זווית — תרגיל 3; הגבהים בתוך/מחוץ למשולש — תרגיל 4; מפגש גבהים — תרגיל 5; בניית גובה (כלי מדידה) — תרגיל 6; קשר בין גובה לשטח — תרגיל 7; סוגי משולשים ומפגש גבהים — תרגיל 8; סיכום מושגים — תרגיל 9; אתגר הגבהים והשטחים! — תרגיל 10","0","","no","0","","","yes","6a7427058307e9dfa54da126"
"כיתה י - 5 יח""ל","מפורסם","גיאומטריה","דימיון משולשים","תרגול","מפורסם","0","","0","","no","0","","","no","69f2139cf57392cf30022da7"
"כיתה יב - 5 יח""ל - 572","מפורסם","אנליטית","היפרבולה","תרגול","מפורסם","0","","0","","no","0","","","no","69f221e4446b199cccef3a19"
"כיתה ט - מתקדם","מפורסם","סטטיסטיקה והסתברות","הסתברות - עץ","לימוד","מפורסם","0","","0","","yes","27550","","","yes","69ecfee04ec57fb9fcd3ec32"
"","","","השוואת שברים","לימוד","מפורסם","50","תרגיל 1; תרגיל 2; תרגיל 3; תרגיל 4; תרגיל 5; תרגיל 6; תרגיל 7; תרגיל 8; תרגיל 9; תרגיל 10; תרגיל 11; תרגיל 12; תרגיל 13; תרגיל 14; תרגיל 15; תרגיל 16; תרגיל 17; תרגיל 18; תרגיל 19; תרגיל 20; תרגיל 21; תרגיל 22; תרגיל 23; תרגיל 24; תרגיל 25; תרגיל 25; תרגיל 6; תרגיל 10; תרגיל 7; תרגיל 4; תרגיל 1; תרגיל 8; תרגיל 24; תרגיל 13; תרגיל 15; תרגיל 9; תרגיל 21; תרגיל 11; תרגיל 3; תרגיל 18; תרגיל 22; תרגיל 19; תרגיל 23; תרגיל 12; תרגיל 2; תרגיל 14; תרגיל 20; תרגיל 16; תרגיל 17; תרגיל 5","0","","no","0","","","yes","90564f2a3277823e25f96e19"
"","","","השוואת שברים","לימוד","מפורסם","27","תרגיל 1; תרגיל 2; תרגיל 3; תרגיל 4; תרגיל 5; תרגיל 6; תרגיל 7; תרגיל 8; תרגיל 9; תרגיל 10; תרגיל 11; תרגיל 12; תרגיל 13; תרגיל 14; תרגיל 15; תרגיל 16; תרגיל 17; תרגיל 18; תרגיל 19; תרגיל 20; תרגיל 21; תרגיל 22; תרגיל 23; תרגיל 24; תרגיל 25; תרגיל 25; תרגיל 17","0","","no","0","","","yes","6a688d6a90e1ad0cfe0c85d4"
"","","","השוואת שברים","לימוד","מפורסם","50","תרגיל 1; תרגיל 2; תרגיל 3; תרגיל 4; תרגיל 5; תרגיל 6; תרגיל 7; תרגיל 8; תרגיל 9; תרגיל 10; תרגיל 11; תרגיל 12; תרגיל 13; תרגיל 14; תרגיל 15; תרגיל 16; תרגיל 17; תרגיל 18; תרגיל 19; תרגיל 20; תרגיל 21; תרגיל 22; תרגיל 23; תרגיל 24; תרגיל 25; תרגיל 25; תרגיל 23; תרגיל 3; תרגיל 11; תרגיל 21; תרגיל 14; תרגיל 12; תרגיל 6; תרגיל 7; תרגיל 17; תרגיל 1; תרגיל 5; תרגיל 16; תרגיל 4; תרגיל 22; תרגיל 2; תרגיל 10; תרגיל 9; תרגיל 18; תרגיל 20; תרגיל 24; תרגיל 15; תרגיל 19; תרגיל 13; תרגיל 8","0","","no","0","","","yes","5863f306188fa635b234535e"
"כיתה יא - 4 יח""ל - 471","מפורסם","שאלון בגרות","התפלגות נורמלית","תרגול","מפורסם","0","","1","471- התפלגות נורמלית-nk9M1VVqyeC9qPlQ7Rf0x1G8BJb0Z5.pdf","yes","31145","","","yes","69ae62ed5c712c6396a6a4a2"
"כיתה ח' - בסיס","מפורסם","פונקציות","חיוביות ושליליות","לימוד","מפורסם","0","","0","","no","0","","","no","69f449084a229d08c99623ce"
"כיתה ט - מתקדם","מפורסם","אלגברה","ט | שיעור מספר 3 - אלגברה - פתרון משוואות וחישוב ביטויים","לימוד","מפורסם","29","הסבר 1; סרטון 2; תרגיל 3; תרגיל 4; תרגיל 5; תרגיל 6; תרגיל 7; תרגיל 8; תרגיל 9; תרגיל 10; תרגיל 11; תרגיל 12; תרגיל 13; תרגיל 14; תרגיל 15; תרגיל 16; תרגיל 17; תרגיל 18; תרגיל 19; תרגיל 20; תרגיל 21; תרגיל 22; תרגיל 23; תרגיל 24; תרגיל 25; תרגיל 26; תרגיל 27; תרגיל 28; תרגיל 29","0","","no","0","","","yes","69eb1b86ecc3a900bbc7f2fd"
"","","","ישרים מקבילים וניצבים","לימוד","מפורסם","11","תרגיל 1; תרגיל 1 – מנחה: למידה ראשונית של קטעים מקבילים; תרגיל 2 – קטעים ניצבים; תרגיל 2; תרגיל 3 – סימון מתמטי; תרגיל 3; תרגיל 4 – זיהוי במלבן; תרגיל 4; תרגיל 5 – המרחק בין קווים מקבילים; תרגיל 5; תרגיל 6","0","","no","0","","","yes","6a439679aaaac12fb8535534"
"","","","ישרים מקבילים וניצבים","לימוד","מפורסם","11","תרגיל 1; תרגיל 1 – מנחה: למידה ראשונית של קטעים מקבילים; תרגיל 2 – קטעים ניצבים; תרגיל 2; תרגיל 3 – סימון מתמטי; תרגיל 3; תרגיל 4 – זיהוי במלבן; תרגיל 4; תרגיל 5 – המרחק בין קווים מקבילים; תרגיל 5; תרגיל 6","0","","no","0","","","yes","6a688d6a90e1ad0cfe0c85d3"
"","","","ישרים מקבילים וניצבים","לימוד","מפורסם","11","תרגיל 1; תרגיל 1 – מנחה: למידה ראשונית של קטעים מקבילים; תרגיל 2 – קטעים ניצבים; תרגיל 2; תרגיל 3 – סימון מתמטי; תרגיל 3; תרגיל 4 – זיהוי במלבן; תרגיל 4; תרגיל 5 – המרחק בין קווים מקבילים; תרגיל 5; תרגיל 6","0","","no","0","","","yes","dac18ba68f35db8a75ad5863"
"הכנה לכיתה ז","מפורסם","Orphaned lessons","מספרים טבעיים","תרגול","מפורסם","0","","1","הכנה-כיתה-ז1-מספרים-טבעיים-6VDlddNCtvxmBIhtqWBuKTv1fwOwqx.pdf","no","0","","","yes","6a05cec4377b8a75a3659fa4"
"הכנה לכיתה ז","מפורסם","Orphaned lessons","מספרים טבעיים","תרגול","מפורסם","0","","1","הכנה-כיתה-ז1-מספרים-טבעיים-6VDlddNCtvxmBIhtqWBuKTv1fwOwqx.pdf","no","0","","","yes","6a688d6a90e1ad0cfe0c85d5"
"הכנה לכיתה ז","מפורסם","Orphaned lessons","מספרים טבעיים","תרגול","מפורסם","0","","1","הכנה-כיתה-ז1-מספרים-טבעיים-6VDlddNCtvxmBIhtqWBuKTv1fwOwqx.pdf","no","0","","","yes","e6032218f217416c701df34e"
"הכנה לכיתה ז","מפורסם","מספרים טבעיים","מספרים טבעיים - בעיות מילוליות","לימוד","מפורסם","10","שלב אחד – למידה ראשונית של זיהוי פעולות חיבור וחיסור — תרגיל 1; שלב אחד – למידה ראשונית של זיהוי פעולות כפל וחילוק — תרגיל 2; תרגול מעורב (זיהוי הפעולה מתוך 4 פעולות החשבון) — תרגיל 3; בעיות דו-שלביות (חיבור וחיסור יחד) — תרגיל 4; בעיות דו-שלביות (שילוב כפל עם חיבור או חיסור) — תרגיל 5; בעיות דו-שלביות (שילוב חילוק עם חיבור או חיסור) — תרגיל 6; כתיבת תרגיל מלא (תרגיל שרשרת) — תרגיל 7; בעיות תלת-שלביות מהחיים (קניות ומלאי) — תרגיל 8; בעיות תלת-שלביות המשלבות חשיבה יצירתית — תרגיל 9; אתגר הפרויקט הכיתתי (כתיבת תרגיל שלם) — תרגיל 10","0","","no","0","","","yes","6a73257e80fc90dffd8ee419"
"הכנה לז' גיבוי","טיוטה","מספרים טבעיים","מספרים טבעים - אתגר","לימוד","טיוטה","10","יסודות המספרים הטבעיים — תרגיל 1; זיהוי וספירה — תרגיל 2; יישום קבוצות ומספרים — תרגיל 3; מיקום וערך מקומי — תרגיל 4; פעולות יסוד במספרים טבעיים — תרגיל 5; חוקי פעולות — תרגיל 6; סדר פעולות חשבון — תרגיל 7; בעיות מילוליות והסקת מסקנות — תרגיל 8; מבחן קצר — תרגיל 9; אתגר מסכם — תרגיל 10","0","","no","0","","","yes","6a7454a2fc7d19d634c258c3"
"","","","מספרים עשרוניים - כפל","לימוד","מפורסם","10","תרגיל 1 — מנחה: למידה ראשונית של כפל שבר עשרוני במספר שלם; תרגיל 2 — בסיס: כפל עשרוני בשלם עם מעבר עשרת (יצירת שלמים); תרגיל 3 — בסיס: כפל עשרוני שהופך למספר שלם; תרגיל 4 — מנחה: למידה ראשונית של כפל עשרוני בעשרוני; תרגיל 5 — הבנה: הוספת אפסים שומרי מקום לאחר כפל; תרגיל 6 — הבנה: כפל עשרוני בעשרוני עם מספרים מעל שלם אחד; תרגיל 7 — חשיבה מורכבת: חישובי שטחים (גיאומטריה); תרגיל 8 — חשיבה מורכבת: שימושי כסף מחיי היומיום; תרגיל 9 — חזרה: מציאת המספר החסר והשוואת מכפלות; תרגיל 10 — חזרה מסכמת: אתגר משולב","0","","no","0","","","yes","6a42c226b5888ed244f3f8f3"
"","","","מספרים עשרוניים - כפל","לימוד","מפורסם","10","תרגיל 1 — מנחה: למידה ראשונית של כפל שבר עשרוני במספר שלם; תרגיל 2 — בסיס: כפל עשרוני בשלם עם מעבר עשרת (יצירת שלמים); תרגיל 3 — בסיס: כפל עשרוני שהופך למספר שלם; תרגיל 4 — מנחה: למידה ראשונית של כפל עשרוני בעשרוני; תרגיל 5 — הבנה: הוספת אפסים שומרי מקום לאחר כפל; תרגיל 6 — הבנה: כפל עשרוני בעשרוני עם מספרים מעל שלם אחד; תרגיל 7 — חשיבה מורכבת: חישובי שטחים (גיאומטריה); תרגיל 8 — חשיבה מורכבת: שימושי כסף מחיי היומיום; תרגיל 9 — חזרה: מציאת המספר החסר והשוואת מכפלות; תרגיל 10 — חזרה מסכמת: אתגר משולב","0","","no","0","","","yes","6a688d6a90e1ad0cfe0c85d2"
"","","","מספרים עשרוניים - כפל","לימוד","מפורסם","10","תרגיל 1 — מנחה: למידה ראשונית של כפל שבר עשרוני במספר שלם; תרגיל 2 — בסיס: כפל עשרוני בשלם עם מעבר עשרת (יצירת שלמים); תרגיל 3 — בסיס: כפל עשרוני שהופך למספר שלם; תרגיל 4 — מנחה: למידה ראשונית של כפל עשרוני בעשרוני; תרגיל 5 — הבנה: הוספת אפסים שומרי מקום לאחר כפל; תרגיל 6 — הבנה: כפל עשרוני בעשרוני עם מספרים מעל שלם אחד; תרגיל 7 — חשיבה מורכבת: חישובי שטחים (גיאומטריה); תרגיל 8 — חשיבה מורכבת: שימושי כסף מחיי היומיום; תרגיל 9 — חזרה: מציאת המספר החסר והשוואת מכפלות; תרגיל 10 — חזרה מסכמת: אתגר משולב","0","","no","0","","","yes","95883ee6cdd23e2e5309e902"
"כיתה ז׳","מפורסם","כיתה ז - גרפים ופונקציות","מערכת צירים","לימוד","מפורסם","62","הסבר 1; סרטון 2; תרגיל 3; תרגיל 4; תרגיל 5; תרגיל 6; תרגיל 7; תרגיל 8; תרגיל 9; תרגיל 10; תרגיל 11; תרגיל 12; תרגיל 13; תרגיל 14; תרגיל 15; תרגיל 16; תרגיל 17; תרגיל 18; תרגיל 19; תרגיל 20; תרגיל 21; תרגיל 22; תרגיל 23; תרגיל 24; תרגיל 25; תרגיל 26; תרגיל 27; תרגיל 28; תרגיל 29; תרגיל 30; תרגיל 31; תרגיל 32; תרגיל 33; תרגיל 34; תרגיל 35; תרגיל 36; תרגיל 37; תרגיל 38; תרגיל 39; תרגיל 40; תרגיל 41; תרגיל 42; תרגיל 43; תרגיל 44; תרגיל 45; תרגיל 46; תרגיל 47; תרגיל 48; תרגיל 49; תרגיל 50; תרגיל 51; תרגיל 52; תרגיל 53; תרגיל 54; תרגיל 55; תרגיל 56; תרגיל 57; תרגיל 58; תרגיל 59; תרגיל 60; תרגיל 61; תרגיל 62","0","","no","0","","","yes","69eb1b86ecc3a900bbc7f317"
"כיתה י - 4 יח""ל","מפורסם","גיאומטריה","מציאת נקודות חיתוך עם הצירים או עם פונקציות","תרגול","מפורסם","0","","1","כיתה י - שיעור 6 - אנליטית.pdf","yes","9019","","","yes","6996a45db92b5ef8f1f473c1"
"כיתה י - 4 יח""ל","מפורסם","פונקציות","מציאת נקודות קיצון","לימוד","מפורסם","1","מציאת נקודות קיצון","0","","no","0","","","yes","69a262cc2be76554cce371ea"
"כיתה י - 4 יח""ל","מפורסם","גיאומטריה","מציאת נקודת אמצע קטע ומציאת מרחק בין 2 נקודות","תרגול","מפורסם","0","","1","כיתה י - שיעור 6 - אנליטית.pdf","yes","9019","","","yes","69f50b8c1bc1bf27a75f239a"
"כיתה ט - מתקדם","מפורסם","גיאומטריה","מקביליות - מלבן, מעויין וריבוע","תרגול","מפורסם","0","","1","כיתה ט' - שיעור 22 - מקביליות מיוחדות - גיאומטריה-1.pdf","no","0","","","yes","699598d9fbec44ba75cc3e83"
"כיתה ח' - בסיס","מפורסם","אלגברה","משוואה ממעלה ראשונה - עם שברים","לימוד","מפורסם","0","","0","","no","0","","","no","69f44c764a229d08c9962427"
"הכנה לכיתה ז","מפורסם","כיתה ז","משוואות - מבוא","לימוד","מפורסם","10","הבנת שוויון – האם הצדדים שווים? — תרגיל 1; מוצאים מספר חסר בפעולה אחת ליצירת שוויון — תרגיל 2; משלימים לשוויון עם ביטוי מורכב — תרגיל 3; שומרים על שוויון בחיבור וחיסור — תרגיל 4; שומרים על שוויון בכפל וחילוק — תרגיל 5; מציאת מספר חסר בחיבור וחיסור בעזרת ""שני הצדדים"" — תרגיל 6; מציאת מספר חסר בכפל וחילוק בעזרת ""שני הצדדים"" — תרגיל 7; שוויון בשני שלבים (פעולות משולבות) — תרגיל 8; בונים שוויון ומוצאים את המספר החסר — תרגיל 9; יישום עקרונות השוויון במצבים מורכבים במקצת — תרגיל 10","0","","no","0","","","yes","6a7328d121add1ce87ca34c5"
"כיתה ח' - בסיס","מפורסם","גיאומטריה","משולש שווה שוקיים - חישוב","תרגול","מפורסם","0","","1","שווה שוקיים - חישוב-UFPgdr0Z3JWa5AjflXv8VVC2PscPvE.pdf","yes","28511","","","yes","69ccf06f55c6ba17c56d547e"
"הכנה לכיתה ז","מפורסם","Orphaned lessons","סדר פעולות חשבון","תרגול","מפורסם","0","","1","הכנה-כיתה-ז20-סדר-פעולות-thNF9iOCYzkVxPdTMTfdJQCDb4tOpR.pdf","no","0","","","yes","6a05cb3452f59648f7078a02"
"הכנה לכיתה ז","מפורסם","Orphaned lessons","סדר פעולות חשבון","תרגול","מפורסם","0","","1","הכנה-כיתה-ז20-סדר-פעולות-thNF9iOCYzkVxPdTMTfdJQCDb4tOpR.pdf","no","0","","","yes","6a688d6a90e1ad0cfe0c85d6"
"הכנה לכיתה ז","מפורסם","Orphaned lessons","סדר פעולות חשבון","תרגול","מפורסם","0","","1","הכנה-כיתה-ז20-סדר-פעולות-thNF9iOCYzkVxPdTMTfdJQCDb4tOpR.pdf","no","0","","","yes","6348aad596b38305b8f11a70"
"כיתה ז׳","מפורסם","כיתה ז - אלגברה","סדר פעולות חשבון","לימוד","מפורסם","10","מילון מונחים והסדר הנכון — תרגיל 1; זיהוי הפעולה הבאה — תרגיל 2; זיהוי השורה הבאה בפתרון — תרגיל 3; פותרים תרגילים שלמים עם שתי פעולות — תרגיל 4; ""מצא את הטעות"" וניסוח מילולי — תרגיל 5; שלוש פעולות חשבון מעורבות — תרגיל 6; סוגריים שמכילים יותר מפעולה אחת! — תרגיל 7; הכל יחד - סוגריים, כפל וחילוק מאותה שורה — תרגיל 8; קו שבר כמחליף לסוגריים! — תרגיל 9; אתגר המפלצת! — תרגיל 10","0","","no","0","","","yes","6a8d8e30765f5e08932966e5"
"כיתה ט - בסיס","מפורסם","פונקציה","פונקציה ריבועית - אוריינות","תרגול","מפורסם","0","","0","","no","0","","","no","69cec8edad9e25ede9496c13"
"כיתה ט - מתקדם","מפורסם","פונקציות","פונקציה ריבועית - אתגר","תרגול","מפורסם","0","","1","כיתה ט - יחידה 8.3 - פוקציה ריבועית - תרגילי אתגר-G1WTNXZ26KwPPyLZYJsV1el6MV8bOC.pdf","no","0","","","yes","69e78f6fdf26da3b402207aa"
"כיתה ט - מתקדם","מפורסם","אלגברה","פירוק לגורמים - טרינום קצר וארוך","תרגול","מפורסם","0","","1","פירוק לגורמים - 2-WBOnKINl7e3oJNicw0xGXcwMB2qIUe.pdf","no","0","","","yes","69c59d180f5889bc6061afb4"
"כיתה יא - 3 יח""ל - 371","מפורסם","אלגברה","פתרון משוואות","לימוד","מפורסם","0","","1","משולש ישר טריגונמטריהזווית-ltLIg2m9VmacTGVj4HIruQGRGOaPN4.pdf","no","0","","","yes","69f5122905d12302a978251f"
"כיתה ז׳","מפורסם","כיתה ז - גיאומטריה","קווים מקבילים","תרגול","מפורסם","0","","1","כיתה ז - יחידה 14 קווים מקבילים-0eBXF2mFZuz9Xa3p2dSO1278jHGXuZ.pdf","no","0","","","yes","69ccc9db68dc61051f9b80ed"
"כיתה יב - 4 יח""ל - 472","מפורסם","בגרויות","קיץ - 2025","בחינה","מפורסם","0","","1","processed_Math - 4units - 472 - 2025 - summer (13)-GUOUDj4ESdWhvwj3k88uwuuQ7uJz49.pdf","no","0","","","yes","69efaa46bc2a1ee1fc99a45a"
"כיתה יא - 3 יח""ל - 371","מפורסם","בחינות בגרות","קיץ - 2025","בחינה","מפורסם","0","","1","משולש ישר טריגונמטריהזווית-ltLIg2m9VmacTGVj4HIruQGRGOaPN4.pdf","no","0","","","yes","69f59457281ca1d9409c643e"
"כיתה י - 3 יח""ל - 172","מפורסם","בחינות סימולציה","קיץ 2025","בחינה","מפורסם","0","","0","","no","0","","","no","69f4a3bd4af1c313a2c624c0"
"הכנה לז' גיבוי","טיוטה","שבר עשרוני","שבר עשרוני - חילוק","לימוד","טיוטה","10","למידה ראשונית של חילוק שבר עשרוני במספר שלם — תרגיל 1; חילוק עם שארית ומעבר לשלב הבא (פריטה) — תרגיל 2; חילוק הדורש הוספת אפסים בסוף — תרגיל 3; כלל הקסם – חילוק בעשרוני (הזזת הנקודה) — תרגיל 4; חילוק בעשרוני עם הוספת אפסים שומרי מקום — תרגיל 5; חילוק מספר שלם במספר עשרוני — תרגיל 6; בעיות מילוליות (כסף ומידות) — תרגיל 7; אפקט החילוק (למה המספר גדל?) — תרגיל 8; מציאת מספרים חסרים ומשוואות הפוכות — תרגיל 9; אתגר הפדגוגי - הפיצרייה — תרגיל 10","0","","no","0","","","yes","6a7454a2fc7d19d634c258c4"
"הכנה לכיתה ז","מפורסם","שבר עשרוני","שבר עשרוני - כפל ב-10 100 1000","לימוד","מפורסם","10","כפל ב-10 – הזזת הנקודה העשרונית — תרגיל 1; כפל ב-10 – תרגול והטמעה — תרגיל 2; כפל ב-100 – הזזה בשני מקומות — תרגיל 3; כפל ב-100 – תרגול והטמעה — תרגיל 4; כפל ב-1000 – הזזה בשלושה מקומות — תרגיל 5; כפל ב-1000 – תרגול והטמעה — תרגיל 6; כפל ב-10, 100, 1000 – השוואת תוצאות — תרגיל 7; פיתוח חשיבה לאחור — תרגיל 8; יישום יומיומי של כפל בשבר עשרוני — תרגיל 9; כפל בשבר עשרוני – מורכבות ויישום — תרגיל 10","0","","no","0","","","yes","6a7332b1c7aae941db3d7c24"
"הכנה לכיתה ז","מפורסם","שברים","שברים - השוואת שברים","לימוד","מפורסם","10","למידה ראשונית של השוואת שברים עם מכנה זהה — תרגיל 1; השוואה בעזרת ""נקודת עיגון"" (יותר מחצי או פחות מחצי) — תרגיל 2; שימוש בחצי כדי להשוות שני שברים שונים — תרגיל 3; השוואה בעזרת הרחבת שבר אחד (מכנה משותף) — תרגיל 4; השוואה בעזרת צמצום של שבר אחד — תרגיל 5; יישום בבעיות מילוליות (שימוש בחצי או מכנה זהה) — תרגיל 6; יישום בבעיות מילוליות (הרחבה וצמצום) — תרגיל 7; סידור קבוצת שברים מהקטן לגדול — תרגיל 8; בחירת האסטרטגיה הנכונה ביותר להשוואה — תרגיל 9; אתגר הפדגוגי - תחרות האפייה! — תרגיל 10","0","","no","0","","","yes","6a73210a21add1ce87ca1108"
"כיתה י - 4 יח""ל","מפורסם","גיאומטריה","שימוש בנקודה ייצוגית","תרגול","מפורסם","0","","1","כיתה י - שיעור 6 - אנליטית.pdf","yes","9019","","","yes","69f50bc06d74ad9c1212d421"
"כיתה יב - 5 יח""ל - 572","מפורסם","בגרות","2025 - חורף","בחינה","מפורסם","0","","1","572- 2025 - w-JjfqXXDpvPaX7t3BPf0wnB2OKahTX2.pdf","yes","22807","","","yes","69cfecbc56423919408951ed"
"כיתה ח' - מתקדם","מפורסם","אלגברה","אחוזים","תרגול","מפורסם","0","","1","כיתה ח' - יחידה 5 - אחוזים - אלגברה-cJvR8OuOXKqhXDuWkGYxvGhy11k4K2.pdf","no","0","","","yes","69e779d5a052731552aa1873"
"כיתה ח' - בסיס","מפורסם","אלגברה","אי שוויון ממעלה ראשונה","לימוד","מפורסם","0","","0","","no","0","","","no","69f44c9b2f281c2ffad56fed"
"כיתה ז׳","מפורסם","מבחנים","בחינה 4 - סדר פעולות, ציר מספרים, משוואות ומשולש ומלבן","בחינה","מפורסם","0","","1","כיתה ז - מבחן סימולציה 4 - חוקיות , ביטוים אלגברים ומלבנים-2-2xWEJTe7jQ85DRphId20eB21f6FjIw.pdf","yes","2697","","","yes","6963890d98aa8e56fa04852e"
"הכנה לכיתה ז","מפורסם","גאומטריה","גיאומטריה - מצולעים","לימוד","מפורסם","10","זיהוי מצולעים ותכונותיהם הבסיסיות — תרגיל 1; ספירת צלעות וקודקודים — תרגיל 2; היקף של מצולע — תרגיל 3; סוגי מצולעים לפי מספר צלעות — תרגיל 4; מצולעים משוכללים — תרגיל 5; חישוב היקף עם יחידות שונות — תרגיל 6; אלכסונים במצולעים — תרגיל 7; סיכום זוויות פנימיות — תרגיל 8; שילוב מושגים — תרגיל 9; אתגר המצולעים הגדול! — תרגיל 10","0","","no","0","","","yes","6a74281b8307e9dfa54daecc"
"","","","הגדרת המקבילית","לימוד","מפורסם","10","מוטיבציה ולמידה ראשונית של הגדרת המקבילית — תרגיל 1; תכונת האורך של הצלעות הנגדיות (שוות זו לזו) — תרגיל 2; תכונת הגודל של הזוויות הנגדיות (שוות זו לזו) — תרגיל 3; תכונת הזוויות הסמוכות במקבילית (משלימות ל-180 מעלות) — תרגיל 4; תכונת האלכסונים במקבילית (חוצים זה את זה) — תרגיל 5; היקף המקבילית — תרגיל 6; מציאת אורך צלע חסרה מתוך ההיקף — תרגיל 7; חישוב כל זוויות המקבילית מתוך נתון של זווית אחת בלבד — תרגיל 8; חישוב חלקי אלכסונים משולבים במקבילית — תרגיל 9; אתגר פארק המקבילית של הוועד הכיתתי! — תרגיל 10","0","","no","0","","","yes","6a453b7ee358d5a9b78700c5"
"","","","הגדרת המקבילית","לימוד","מפורסם","10","מוטיבציה ולמידה ראשונית של הגדרת המקבילית — תרגיל 1; תכונת האורך של הצלעות הנגדיות (שוות זו לזו) — תרגיל 2; תכונת הגודל של הזוויות הנגדיות (שוות זו לזו) — תרגיל 3; תכונת הזוויות הסמוכות במקבילית (משלימות ל-180 מעלות) — תרגיל 4; תכונת האלכסונים במקבילית (חוצים זה את זה) — תרגיל 5; היקף המקבילית — תרגיל 6; מציאת אורך צלע חסרה מתוך ההיקף — תרגיל 7; חישוב כל זוויות המקבילית מתוך נתון של זווית אחת בלבד — תרגיל 8; חישוב חלקי אלכסונים משולבים במקבילית — תרגיל 9; אתגר פארק המקבילית של הוועד הכיתתי! — תרגיל 10","0","","no","0","","","yes","3df7064da2d65d9ff60218a1"
"כיתה ז׳","מפורסם","כיתה ז - גיאומטריה","זוויות - קודקודיות וצמודות","תרגול","מפורסם","0","","1","כיתה ז - יחידה 9 - זוויות צמודות וקודקודיות-1-xX0tg2YrYyqdpbBI4oOR82P13IrWqg.pdf","no","0","","","yes","69ccc78cc23aa924cb31fe9a"
"כיתה ט - בסיס","מפורסם","אלגברה","חוקי חזקות","לימוד","מפורסם","0","","0","","no","0","","","no","69c596e0c3590e7def20295a"
"כיתה י - 3 יח""ל - 172","מפורסם","בחינות סימולציה","חורף - 2025","בחינה","מפורסם","0","","0","","no","0","","","no","69f4a5da5872de915806ccb1"
"כיתה יא - 3 יח""ל - 371","מפורסם","בחינות בגרות","חורף - 2025","בחינה","מפורסם","0","","1","משולש ישר טריגונמטריהזווית-ltLIg2m9VmacTGVj4HIruQGRGOaPN4.pdf","no","0","","","yes","69f5946745a07eb19320f77f"
"כיתה ז׳","מפורסם","כיתה ז - אלגברה","חזקות ושורשים","לימוד","מפורסם","37","תרגיל 1; תרגיל 2; תרגיל 3; תרגיל 4; תרגיל 5; תרגיל 6; תרגיל 7; תרגיל 8; תרגיל 9; תרגיל 10; תרגיל 11; תרגיל 12; תרגיל 13; תרגיל 14; תרגיל 15; תרגיל 16; תרגיל 17; תרגיל 18; תרגיל 19; תרגיל 20; תרגיל 16; תרגיל 1; תרגיל 22; תרגיל 333; תרגיל 4444; תרגיל 55; תרגיל 6; תרגיל 7; תרגיל 888; תרגיל 9; תתרגיל 10; תתרגיל 11; תרגיל 12; תרגיל 13; תרגיל 14; תרגיל 15; תרגיל 14","0","","no","0","","","yes","6a096813ecc0a21080ab5b36"
"","","","חיבור וחיסור - מכנים זהים","לימוד","מפורסם","10","תרגיל 1 – מנחה: מוטיבציה ולמידה ראשונית של חיבור שברים (מכנה זהה); תרגיל 2 – בסיס: חיסור שברים עם מכנה זהה; תרגיל 3 – הבנה: חיבור המשלים ל-1 שלם; תרגיל 4 – הבנה: מעבר לשלם (חיבור שיוצר שבר מדומה ומעורב); תרגיל 5 – הבנה: חיסור שבר מתוך 1 שלם (פריטה); תרגיל 6 – חשיבה: חיבור וחיסור שברים מעורבים (ללא פריטה); תרגיל 7 – שילוב: משוואות וגילוי המספר החסר; תרגיל 8 – מורכב: בעיות מילוליות בנות שלב אחד מחיי היומיום; תרגיל 9 – מורכב: בעיות מילוליות דו-שלביות (חיבור ואז חיסור); תרגיל 10 – חזרה מסכמת: אתגר הפיקניק (רב-שלבי)","0","","no","0","","","yes","6a426082279595ae36be0a75"
"","","","חיבור וחיסור - מכנים זהים","לימוד","מפורסם","10","תרגיל 1 – מנחה: מוטיבציה ולמידה ראשונית של חיבור שברים (מכנה זהה); תרגיל 2 – בסיס: חיסור שברים עם מכנה זהה; תרגיל 3 – הבנה: חיבור המשלים ל-1 שלם; תרגיל 4 – הבנה: מעבר לשלם (חיבור שיוצר שבר מדומה ומעורב); תרגיל 5 – הבנה: חיסור שבר מתוך 1 שלם (פריטה); תרגיל 6 – חשיבה: חיבור וחיסור שברים מעורבים (ללא פריטה); תרגיל 7 – שילוב: משוואות וגילוי המספר החסר; תרגיל 8 – מורכב: בעיות מילוליות בנות שלב אחד מחיי היומיום; תרגיל 9 – מורכב: בעיות מילוליות דו-שלביות (חיבור ואז חיסור); תרגיל 10 – חזרה מסכמת: אתגר הפיקניק (רב-שלבי)","0","","no","0","","","yes","6a688d6a90e1ad0cfe0c85d9"
"","","","חיבור וחיסור - מכנים זהים","לימוד","מפורסם","10","תרגיל 1 – מנחה: מוטיבציה ולמידה ראשונית של חיבור שברים (מכנה זהה); תרגיל 2 – בסיס: חיסור שברים עם מכנה זהה; תרגיל 3 – הבנה: חיבור המשלים ל-1 שלם; תרגיל 4 – הבנה: מעבר לשלם (חיבור שיוצר שבר מדומה ומעורב); תרגיל 5 – הבנה: חיסור שבר מתוך 1 שלם (פריטה); תרגיל 6 – חשיבה: חיבור וחיסור שברים מעורבים (ללא פריטה); תרגיל 7 – שילוב: משוואות וגילוי המספר החסר; תרגיל 8 – מורכב: בעיות מילוליות בנות שלב אחד מחיי היומיום; תרגיל 9 – מורכב: בעיות מילוליות דו-שלביות (חיבור ואז חיסור); תרגיל 10 – חזרה מסכמת: אתגר הפיקניק (רב-שלבי)","0","","no","0","","","yes","5d4d078e92707dfa9129857b"
"כיתה ט - מתקדם","מפורסם","אלגברה","ט | פילוג מורחב ונוסחאות כפל מקוצר - חוק הפילוג","לימוד","מפורסם","27","תרגיל 1; תרגיל 2; תרגיל 3; תרגיל 4; תרגיל 5; תרגיל 6; תרגיל 7; תרגיל 8; תרגיל 9; תרגיל 10; תרגיל 11; תרגיל 12; תרגיל 13; תרגיל 14; תרגיל 15; תרגיל 16; תרגיל 17; תרגיל 18; תרגיל 19; תרגיל 20; תרגיל 21; תרגיל 22; תרגיל 23; תרגיל 24; תרגיל 25; תרגיל 26; תרגיל 27","0","","no","0","","","yes","69eb1b86ecc3a900bbc7f2ff"
"כיתה י - 4 יח""ל","מפורסם","גיאומטריה","טריגונמטירה - משולש ישר זווית","תרגול","מפורסם","0","","1","משולש ישר טריגונמטריהזווית-ltLIg2m9VmacTGVj4HIruQGRGOaPN4.pdf","no","0","","","yes","69e9eeeb025d4838e71431a1"
"","","","מבוא - יחס","לימוד","מפורסם","10","מוטיבציה ולמידה ראשונית של מושג היחס — תרגיל 1; כתיבה וקריאה של יחס מתוך סיפור — תרגיל 2; הרחבה וצמצום של יחס (שמירה על יחס קבוע) — תרגיל 3; חלוקה לפי יחס נתון - מציאת ערך של חלק אחד — תרגיל 4; חחלוקה לפי יחס נתון - מציאת הכמויות המלאות — תרגיל 5; מציאת השלם או הכמות השנייה מתוך נתון בודד — תרגיל 6; שימוש ביחס בבעיות גיאומטריות (היקפים וצלעות) — תרגיל 7; יחס בעל שלושה רכיבים (שלישיית יחס) — תרגיל 8; קנה מידה במפות כמקרה פרטי של יחס — תרגיל 9; אתגר פרויקט הפונץ' החגיגי של מסיבת סוף השנה! — תרגיל 10","0","","no","0","","","yes","6a4624a529c42600193ac69e"
"","","","מבוא - יחס","לימוד","מפורסם","10","מוטיבציה ולמידה ראשונית של מושג היחס — תרגיל 1; כתיבה וקריאה של יחס מתוך סיפור — תרגיל 2; הרחבה וצמצום של יחס (שמירה על יחס קבוע) — תרגיל 3; חלוקה לפי יחס נתון - מציאת ערך של חלק אחד — תרגיל 4; חחלוקה לפי יחס נתון - מציאת הכמויות המלאות — תרגיל 5; מציאת השלם או הכמות השנייה מתוך נתון בודד — תרגיל 6; שימוש ביחס בבעיות גיאומטריות (היקפים וצלעות) — תרגיל 7; יחס בעל שלושה רכיבים (שלישיית יחס) — תרגיל 8; קנה מידה במפות כמקרה פרטי של יחס — תרגיל 9; אתגר פרויקט הפונץ' החגיגי של מסיבת סוף השנה! — תרגיל 10","0","","no","0","","","yes","6a688d6a90e1ad0cfe0c85d8"
"","","","מבוא - יחס","לימוד","מפורסם","10","מוטיבציה ולמידה ראשונית של מושג היחס — תרגיל 1; כתיבה וקריאה של יחס מתוך סיפור — תרגיל 2; הרחבה וצמצום של יחס (שמירה על יחס קבוע) — תרגיל 3; חלוקה לפי יחס נתון - מציאת ערך של חלק אחד — תרגיל 4; חחלוקה לפי יחס נתון - מציאת הכמויות המלאות — תרגיל 5; מציאת השלם או הכמות השנייה מתוך נתון בודד — תרגיל 6; שימוש ביחס בבעיות גיאומטריות (היקפים וצלעות) — תרגיל 7; יחס בעל שלושה רכיבים (שלישיית יחס) — תרגיל 8; קנה מידה במפות כמקרה פרטי של יחס — תרגיל 9; אתגר פרויקט הפונץ' החגיגי של מסיבת סוף השנה! — תרגיל 10","0","","no","0","","","yes","4a21532bbb4023fbeb0f51b0"
"הכנה לז' גיבוי","טיוטה","מספרים טבעיים","מספרים טבעיים כפל ארוך","לימוד","טיוטה","10","כפל מספר דו-ספרתי בחד-ספרתי (ללא המרה) — תרגיל 1; כפל מספר דו-ספרתי בחד-ספרתי (עם המרה) — תרגיל 2; כפל מספר תלת-ספרתי בחד-ספרתי (עם המרה) — תרגיל 3; כפל מספר דו-ספרתי בדו-ספרתי (ללא המרה ראשונית) — תרגיל 4; כפל מספר דו-ספרתי בדו-ספרתי (עם המרות מלאות) — תרגיל 5; כפל מספר תלת-ספרתי בדו-ספרתי — תרגיל 6; כפל מספר תלת-ספרתי בתלת-ספרתי — תרגיל 7; בעיות מילוליות עם כפל ארוך — תרגיל 8; זיהוי ותיקון טעויות בכפל ארוך — תרגיל 9; אתגרים מורכבים בכפל ארוך — תרגיל 10","0","","no","0","","","yes","6a7454a2fc7d19d634c258c5"
"הכנה לכיתה ז","מפורסם","מספרים טבעיים","מספרים טבעים - אתגר","לימוד","מפורסם","10","יסודות המספרים הטבעיים — תרגיל 1; זיהוי וספירה — תרגיל 2; יישום קבוצות ומספרים — תרגיל 3; מיקום וערך מקומי — תרגיל 4; פעולות יסוד במספרים טבעיים — תרגיל 5; חוקי פעולות — תרגיל 6; סדר פעולות חשבון — תרגיל 7; בעיות מילוליות והסקת מסקנות — תרגיל 8; מבחן קצר — תרגיל 9; אתגר מסכם — תרגיל 10","0","","no","0","","","yes","6a733f8860b4b53b84ae559b"
"כיתה ט - בסיס","מפורסם","כיתה ט - בסיס - אלגברה","מקביליות","לימוד","מפורסם","0","","0","","no","0","","","no","695d08f1526775758cf7ba2e"
"כיתה יב - 5 יח""ל - 572","מפורסם","אנליטית","מקומות גאומטרים","תרגול","מפורסם","0","","0","","no","0","","","no","69d0b75fc2982144e97c380c"
"כיתה י - 5 יח""ל","מפורסם","אלגברה","משוואות אי רציונליות","תרגול","מפורסם","0","","1","כיתה י - יחידה 3 - משוואות אי רציונאליות-J63PYRAORdcokhvoTGb42bcQvhIGYu.pdf","no","0","","","yes","69d0e82d0ce599b0987e2af2"
"כיתה י - 5 יח""ל","מפורסם","אלגברה","משוואות אי רציונליות","לימוד","מפורסם","0","","1","כיתה י - יחידה 3 - משוואות אי רציונאליות-J63PYRAORdcokhvoTGb42bcQvhIGYu.pdf","no","0","","","yes","69f5b0cba3a5acccb89539a7"
"כיתה י - 5 יח""ל","מפורסם","גיאומטריה","משפט חוצה זווית","תרגול","מפורסם","0","","1","כיתה י - יחידה 12 - גיאומטריה - משפט חוצה זווית --28qen0PXp5tCPSZOyBzbfhv0yJNYgo.pdf","no","0","","","yes","69d110b67a5e06602635e344"
"כיתה י - 4 יח""ל","מפורסם","פונקציות","נגרת, שיפוע ומשוואת משיק","תרגול","מפורסם","0","","1","כיתה י - שיעור 8 - נגזרת ומשוואת משיק - פולינום-469QcNICOOa0qjWJ2954gRwh1F7xh5.pdf","no","0","","","yes","69e9ecfe8414e1f74ebfd8f8"
"כיתה ט - מתקדם","מפורסם","פונקציות","פונקציה ריבועית - אוריינות","תרגול","מפורסם","0","","1","פרבולה - אוריינות-Iweuj5UbBhYX2jPOXOrvstaIXxEnnQ.pdf","no","0","","","yes","69e78f410d06a6cb351e9d65"
"כיתה י - 4 יח""ל","מפורסם","פונקציות","פונקציית פולינום - חקירה","לימוד","מפורסם","0","","1","כיתה י - יחידה 7 - פולינום - חקירת פונקציה-ste83fBbn8PdbugNPUe4vX3GWDGu2L.pdf","no","0","","","yes","69f507247577803ff43131b2"
"כיתה ט - מתקדם","מפורסם","אלגברה","פירוק לגורמים -צמצום שברים אלגברים","תרגול","מפורסם","0","","1","כיתה ט' - יחידה 4 - צמצום שברים אלגברים - גיא קורן-LcciCPR0vrGO98WLiYcXUnpzu33Zl9.pdf","yes","2520","","","yes","69c5a1a1a6e6b8611ccf1c8f"
"כיתה ט - בסיס","מפורסם","אלגברה","פירוק לגורמים -צמצום שברים אלגברים","לימוד","מפורסם","0","","0","","no","0","","","no","69c5a1bec79346a2ca294b11"
"כיתה ט - מתקדם","מפורסם","גיאומטריה","קטע אמצעים במשולש","תרגול","מפורסם","0","","1","כיתה ט' - יחידה 22 - קטע אמצעים - גיאומטריה-7CJMTB0AwllUi4dfZbcQTqcSltPZ3m.pdf","no","0","","","yes","69ccf9f15567d80b54329590"
"כיתה ח' - בסיס","מפורסם","גיאומטריה","קטעים","לימוד","מפורסם","0","","0","","no","0","","","no","69f459d86c4962c9b6e62b97"
"כיתה י - 5 יח""ל","מפורסם","פונקציה","קשר בין גרף הנגזרת לפונקציה","תרגול","מפורסם","0","","1","כיתה י - שיעור 12 - קשר בין גרף הפונקציה לנגזרת - פולינום.pdf","yes","8468","","","yes","6995c46d85fad200ecb231e8"
"הכנה לז' גיבוי","טיוטה","שבר עשרוני","שבר עשרוני - בעיות מילוליות","לימוד","טיוטה","10","למידה ראשונית (זיהוי חיבור וחיסור בבעיות מילוליות) — תרגיל 1; למידה ראשונית (זיהוי כפל וחילוק בבעיות מילוליות) — תרגיל 2; תרגול מעורב של שלב אחד — תרגיל 3; בעיות דו-שלביות (חיבור וחיסור בקניות) — תרגיל 4; בעיות דו-שלביות (כפל ואז חיסור או חיבור) — תרגיל 5; חלוקת תשלומים שווה בשווה (חיבור ואז חילוק) — תרגיל 6; גיאומטריה והמרת מידות — תרגיל 7; בעיות היגיון מרובות שלבים — תרגיל 8; חילוץ נתונים מתוך טבלה — תרגיל 9; אתגר קונדיטוריית העוגות — תרגיל 10","0","","no","0","","","yes","6a7454a2fc7d19d634c258c6"
"הכנה לכיתה ז","מפורסם","שבר עשרוני","שבר עשרוני - חילוק ב-10 100 1000","לימוד","מפורסם","10","מוטיבציה ולמידה ראשונית של חילוק ב-10 — תרגיל 1; חילוק ב-100 וב-1000 — תרגיל 2; חילוק שדורש הוספת אפסים שומרי מקום (padding) — תרגיל 3; שימושים מהחיים - המרת יחידות מידה — תרגיל 4; שימושים מהחיים - כסף וחלוקה לקבוצות — תרגיל 5; מציאת המחלק (למה חילקנו?) — תרגיל 6; השוואה בין כפל ב-10 לחילוק ב-10 — תרגיל 7; חילוק חוזר (שרשרת של חילוקים) — תרגיל 8; השלמת פערים במשקל (חילוק ואז כפל) — תרגיל 9; אתגר הפדגוגי - מפעל המיץ — תרגיל 10","0","","no","0","","","yes","6a7323b721add1ce87ca2446"
"הכנה לכיתה ז","מפורסם","שברים","שברים - חיבור וחיסור - Copy","לימוד","טיוטה","10","מהו שבר? – חלקי שלם — תרגיל 1; שברים שווים – פיצה באותה כמות, פרוסות שונות — תרגיל 2; מכנים זהים – ""לאסוף פרוסות"" — תרגיל 3; מכנים זהים – ""לקחת פרוסות"" — תרגיל 4; חיבור וחיסור – ""שלם וחלקי"" — תרגיל 5; מכנה משותף – ""לפרוס מחדש את העוגה"" — תרגיל 6; הרחבת שברים למכנה משותף – ""לייצר פרוסות שוות"" — תרגיל 7; מכנים שונים – ""מכינים לאיסוף"" — תרגיל 8; מכנים שונים – ""מכינים ללקיחה"" — תרגיל 9; מגוון פעולות בשברים – ""לשלב הכל"" — תרגיל 10","0","","no","0","","","yes","6a897da891c7c4ecca855ce6"
"הכנה לז' גיבוי","טיוטה","שברים","שברים - כפל - בשלם","לימוד","טיוטה","10","מוטיבציה ולמידה ראשונית של כפל שבר בשלם (חיבור חוזר) — תרגיל 1; הכלל המהיר - כפל שלם במונה — תרגיל 2; כפל שיוצר שבר מדומה ושבר מעורב — תרגיל 3; כפל שלם בשבר מעורב (שיטת הפילוג/הפיצול) — תרגיל 4; כפל שלם בשבר מעורב (עם מעבר לשלם נוסף) — תרגיל 5; הבנת התוצאה (חלק מתוך שלם) — תרגיל 6; שיטה חלופית - כפל דרך שבר מדומה — תרגיל 7; בעיות מילוליות בסיסיות (כפל שבר בשלם) — תרגיל 8; בעיות מילוליות עם שבר מעורב בשלם — תרגיל 9; אתגר מסיבת הכיתה — תרגיל 10","0","","no","0","","","yes","6a7454a2fc7d19d634c258c7"
"כיתה ח' - בסיס","מפורסם","פונקציות","שיפוע ומציאת ייצוג אלגברי,","לימוד","מפורסם","0","","0","","no","0","","","no","69f44853ef95e59f293fb459"
"כיתה יא - 3 יח""ל - 371","מפורסם","אלגברה","t גדילה מערכית - מציאת  תקופה","לימוד","מפורסם","0","","1","משולש ישר טריגונמטריהזווית-ltLIg2m9VmacTGVj4HIruQGRGOaPN4.pdf","no","0","","","yes","69f5141c05d12302a9782564"
"כיתה יב - 5 יח""ל - 572","מפורסם","בגרות","2024 - מועד ב","בחינה","מפורסם","0","","1","processed_Math - 5units - 572 - 2024 - moed b --zfo5IWpfRSHvJZSqPJy3FRkcpkq6xe.pdf","no","0","","","yes","69cfece22b590bfdf8e42caf"
"כיתה ז׳","מפורסם","כיתה ז - אלגברה","אחד ואפס","לימוד","מפורסם","0","","0","","no","0","","","no","69eb1b86ecc3a900bbc7f2d1"
"הכנה לכיתה ז","מפורסם","אחוזים","אחוז - התייקרות והנחה","לימוד","מפורסם","10","מוטיבציה ולמידה ראשונית של המושג ""הנחה"" (הוזלה) — תרגיל 1; למידה ראשונית של המושג ""התייקרות"" (תוספת מחיר) — תרגיל 2; תרגול מעורב של הנחות (כולל אחוזים נפוצים כמו 50% ו-25%) — תרגיל 3; שיטה מהירה לחישוב המחיר החדש (האחוז המשלים) — תרגיל 4; זיהוי האחוז מתוך שינוי המחיר (מה האחוז?) — תרגיל 5; שינוי אחרי שינוי (התייקרות ואז הנחה) — תרגיל 6; השוואת מבצעים - מה משתלם יותר? — תרגיל 7; כפל מבצעים (קנה פריט שני ב-X% הנחה) — תרגיל 8; שיחזור המחיר המקורי (הפוך) — תרגיל 9; אתגר הקניות האולטימטיבי — תרגיל 10","0","","no","0","","","yes","6a73171e8f6de4ea6a48d3a7"
"הכנה לז' גיבוי","טיוטה","אחוזים","אחוז - התייקרות והנחה","לימוד","טיוטה","10","מוטיבציה ולמידה ראשונית של המושג ""הנחה"" (הוזלה) — תרגיל 1; למידה ראשונית של המושג ""התייקרות"" (תוספת מחיר) — תרגיל 2; תרגול מעורב של הנחות (כולל אחוזים נפוצים כמו 50% ו-25%) — תרגיל 3; שיטה מהירה לחישוב המחיר החדש (האחוז המשלים) — תרגיל 4; זיהוי האחוז מתוך שינוי המחיר (מה האחוז?) — תרגיל 5; שינוי אחרי שינוי (התייקרות ואז הנחה) — תרגיל 6; השוואת מבצעים - מה משתלם יותר? — תרגיל 7; כפל מבצעים (קנה פריט שני ב-X% הנחה) — תרגיל 8; שיחזור המחיר המקורי (הפוך) — תרגיל 9; אתגר הקניות האולטימטיבי — תרגיל 10","0","","no","0","","","yes","6a7454a2fc7d19d634c258ca"
"כיתה ח' - מתקדם","מפורסם","אלגברה","אי שוויון","תרגול","מפורסם","0","","1","פרק 4.5 - משוואות ואי שיוון - כיתה ח-GkTKN7lSnfZUVgRS52XM85xGxdqh5O.pdf","no","0","","","yes","69e778a0a052731552aa17ed"
"כיתה יא - 5 יח""ל - 571","מפורסם","שאלוני בגרות 571","אינדוקציה - 1","תרגול","מפורסם","0","","1","שאלון 571 - שיעור 5 - אינדוקציה1-4qnxZzfX9z4Doq11D3jcThidfv6JOt.pdf","yes","9389","","","yes","69bd32c1c192db94ea48ab38"
"כיתה יא - 5 יח""ל - 571","מפורסם","שאלוני בגרות 571","אינדוקציה - 2","תרגול","מפורסם","0","","1","שאלון 571 - שיעור 5 - אינדוקציה2-mhSzJztMZ0rRVxqtyptd7H8BkyAqEu.pdf","yes","9907","","","yes","69bd330db082c4fad4a6c1bb"
"כיתה ז׳","מפורסם","מבחנים","בחינה 5 - סדר פעולות, ציר מספרים, משוואות ומשולש ומלבן","בחינה","מפורסם","0","","1","כיתה ז - מבחן סימולציה 5 - חוקיות , ביטוים אלגברים ומלבנים-1.pdf","yes","2786","","","yes","69638a131fdb2dbbed38207e"
"כיתה יא - 3 יח""ל - 371","מפורסם","אלגברה","גדילה מערכית - מציאת q","לימוד","מפורסם","0","","1","משולש ישר טריגונמטריהזווית-ltLIg2m9VmacTGVj4HIruQGRGOaPN4.pdf","no","0","","","yes","69f513c7e94e64fadfc740af"
"הכנה לכיתה ז","מפורסם","גאומטריה","גיאומטריה - קטעים ניצבים ומקבילים","לימוד","מפורסם","10","למידה ראשונית של קטעים מקבילים — תרגיל 1; למידה ראשונית של קטעים ניצבים (זווית ישרה) — תרגיל 2; סימון מתמטי ( $\parallel$ ו- $\perp$ ) — תרגיל 3; זיהוי במלבן — תרגיל 4; המרחק בין קווים מקבילים — תרגיל 5; המשולש ישר הזווית — תרגיל 6; הטרפז (רק זוג אחד של מקבילים) — תרגיל 7; נחתכים אך לא ניצבים! — תרגיל 8; בעיות מהחיים האמיתיים (מפת רחובות) — תרגיל 9; אתגר הפדגוגי - צורת הבית — תרגיל 10","0","","no","0","","","yes","6a731bf583fa000655cdcadb"
"","","","היקף מקבילית","לימוד","מפורסם","10","מוטיבציה ולמידה ראשונית של היקף מקבילית — תרגיל 1; חישוב היקף מקבילית — תרגיל 2; מציאת צלע חסרה מתוך ההיקף — תרגיל 3; מוטיבציה ולמידה ראשונית של שטח מקבילית — תרגיל 4; חישוב שטח מקבילית — תרגיל 5; זיהוי הגובה המתאים לצלע (זהירות ממסיחים!) — תרגיל 6; מציאת נתון חסר (בסיס או גובה) מתוך השטח — תרגיל 7; חישוב שטח והיקף יחד — תרגיל 8; מקבילית אחת עם שני גבהים שונים — תרגיל 9; אתגר פרויקט הדשא והגידור בחצר בית הספר! — תרגיל 10","0","","no","0","","","yes","6a45402b3ec32104e10b9af8"
"","","","היקף מקבילית","לימוד","מפורסם","10","מוטיבציה ולמידה ראשונית של היקף מקבילית — תרגיל 1; חישוב היקף מקבילית — תרגיל 2; מציאת צלע חסרה מתוך ההיקף — תרגיל 3; מוטיבציה ולמידה ראשונית של שטח מקבילית — תרגיל 4; חישוב שטח מקבילית — תרגיל 5; זיהוי הגובה המתאים לצלע (זהירות ממסיחים!) — תרגיל 6; מציאת נתון חסר (בסיס או גובה) מתוך השטח — תרגיל 7; חישוב שטח והיקף יחד — תרגיל 8; מקבילית אחת עם שני גבהים שונים — תרגיל 9; אתגר פרויקט הדשא והגידור בחצר בית הספר! — תרגיל 10","0","","no","0","","","yes","65f31a6123ff2d0ed83f6cb3"
"כיתה יא - 4 יח""ל - 471","מפורסם","שאלון בגרות","הסתברות - עץ - 471","תרגול","מפורסם","0","","1","הסתברות - עץ - 471-Ray622ji2vbaCWtCx3O7Y6fSArbvbF.pdf","yes","23267","הסתברות  - עץ","","yes","69b5515c3a76df545db0d427"
"כיתה י - 5 יח""ל","מפורסם","פונקציה","זוגיות ואי זוגית","תרגול","מפורסם","0","","1","כיתה י - יחידה 7.2 - פולינום - זוגית ואי זוגית והזזות-eVLxFo3RdXGEJw3F5zN3SP1QnhD9wA.pdf","no","0","","","yes","69d0eaeec68dd5a29db4b0ce"
"כיתה ח' - בסיס","מפורסם","גיאומטריה","זוויות","לימוד","מפורסם","0","","0","","no","0","","","no","69f44fa00c48e9b0c73f3b9e"
"כיתה יב - 4 יח""ל - 472","מפורסם","בגרויות","חורף - 2025","בחינה","מפורסם","0","","1","processed_Math - 4units - 472 - 2025 - winter (2)-24jip57uLzRK5S1ahlBf5EbmJAV9un.pdf","no","0","","","yes","69efaa17bc2a1ee1fc99a42f"
"","","","חיבור וחיסור - מציאת מכנה משותף","לימוד","מפורסם","10","תרגיל 1 – מנחה: מוטיבציה ולמידה ראשונית (למה צריך מכנה משותף?); תרגיל 2 – בסיס: זיהוי מכנה משותף (כשאחד המכנים הוא כפולה של השני); תרגיל 3 – בסיס: זיהוי מכנה משותף (כפל המכנים זה בזה); תרגיל 4 – הבנה: מציאת המכנה המשותף הקטן ביותר; תרגיל 5 – הבנה: פתרון תרגיל חיבור שלם (הרחבת שבר אחד); תרגיל 6 – חשיבה: פתרון תרגיל חיבור שלם (הרחבת שני השברים); תרגיל 7 – חשיבה: פתרון תרגיל חיסור שלם; תרגיל 8 – שילוב: תרגול מעורב של חיבור וחיסור; תרגיל 9 – מורכב: בעיות מילוליות והשלמת משוואות; תרגיל 10 – חזרה מסכמת: אתגר הפדגוגי (שרשרת שברים)","0","","no","0","","","yes","6a425c70feac715844a93251"
"","","","חיבור וחיסור - מציאת מכנה משותף","לימוד","מפורסם","10","תרגיל 1 – מנחה: מוטיבציה ולמידה ראשונית (למה צריך מכנה משותף?); תרגיל 2 – בסיס: זיהוי מכנה משותף (כשאחד המכנים הוא כפולה של השני); תרגיל 3 – בסיס: זיהוי מכנה משותף (כפל המכנים זה בזה); תרגיל 4 – הבנה: מציאת המכנה המשותף הקטן ביותר; תרגיל 5 – הבנה: פתרון תרגיל חיבור שלם (הרחבת שבר אחד); תרגיל 6 – חשיבה: פתרון תרגיל חיבור שלם (הרחבת שני השברים); תרגיל 7 – חשיבה: פתרון תרגיל חיסור שלם; תרגיל 8 – שילוב: תרגול מעורב של חיבור וחיסור; תרגיל 9 – מורכב: בעיות מילוליות והשלמת משוואות; תרגיל 10 – חזרה מסכמת: אתגר הפדגוגי (שרשרת שברים)","0","","no","0","","","yes","6a688d6a90e1ad0cfe0c85db"
"","","","חיבור וחיסור - מציאת מכנה משותף","לימוד","מפורסם","10","תרגיל 1 – מנחה: מוטיבציה ולמידה ראשונית (למה צריך מכנה משותף?); תרגיל 2 – בסיס: זיהוי מכנה משותף (כשאחד המכנים הוא כפולה של השני); תרגיל 3 – בסיס: זיהוי מכנה משותף (כפל המכנים זה בזה); תרגיל 4 – הבנה: מציאת המכנה המשותף הקטן ביותר; תרגיל 5 – הבנה: פתרון תרגיל חיבור שלם (הרחבת שבר אחד); תרגיל 6 – חשיבה: פתרון תרגיל חיבור שלם (הרחבת שני השברים); תרגיל 7 – חשיבה: פתרון תרגיל חיסור שלם; תרגיל 8 – שילוב: תרגול מעורב של חיבור וחיסור; תרגיל 9 – מורכב: בעיות מילוליות והשלמת משוואות; תרגיל 10 – חזרה מסכמת: אתגר הפדגוגי (שרשרת שברים)","0","","no","0","","","yes","b17f44ae494accfcf8d1df2d"
"כיתה יא - 5 יח""ל - 571","מפורסם","שאלוני בגרות 571","חקירת שורש ומנה","תרגול","מפורסם","0","","1","571 - חקירה אי רציונלית-JDwpEwVRmjkNtHZlnqBSuP1f5HVT3y.pdf","yes","43144","","","yes","69bd594ae92f8a5326db4648"
"כיתה ט - מתקדם","מפורסם","גיאומטריה","טרפז","תרגול","מפורסם","0","","1","כיתה ט' - יחידה 13 - טרפז - גיאומטריה-pQR5WxWpCLtz0vXkek0v3ZjcjmIpqT.pdf","no","0","","","yes","69ccfa225f326f232727f611"
"כיתה ח' - בסיס","מפורסם","אלגברה","יחס ופרופרציה","תרגול","מפורסם","0","","0","","no","0","","","no","69cc1e2962563e3b4896c140"
"הכנה לכיתה ז","מפורסם","Orphaned lessons","יחס וקנה מידה","תרגול","מפורסם","0","","1","הכנה-כיתה-ז21-יחס-וקנה-מידה-DbwjcjRblItskDKsb8NPHc1fQzPWUd.pdf","no","0","","","yes","6a05cd4bc241127e67c24051"
"הכנה לכיתה ז","מפורסם","Orphaned lessons","יחס וקנה מידה","תרגול","מפורסם","0","","1","הכנה-כיתה-ז21-יחס-וקנה-מידה-DbwjcjRblItskDKsb8NPHc1fQzPWUd.pdf","no","0","","","yes","6a688d6a90e1ad0cfe0c85dc"
"הכנה לכיתה ז","מפורסם","Orphaned lessons","יחס וקנה מידה","תרגול","מפורסם","0","","1","הכנה-כיתה-ז21-יחס-וקנה-מידה-DbwjcjRblItskDKsb8NPHc1fQzPWUd.pdf","no","0","","","yes","75a1c0dcabbad51efc30fa8d"
"כיתה ח' - בסיס","מפורסם","פונקציות","ייצוג של קו ישר","לימוד","מפורסם","0","","1","כיתה ח - יחידה 2 - פונקציות - מצב הדדי בין ישרים-p1pXt85jHY9PQG0lVfOHSYonyxWEFo.pdf","yes","15490","","","yes","69f448374a229d08c99623af"
"כיתה י - 3 יח""ל - 172","מפורסם","בחינות סימולציה","מועד ב - 2024","בחינה","מפורסם","0","","0","","no","0","","","no","69f4a672fd4a08d6c60b6237"
"כיתה יא - 3 יח""ל - 371","מפורסם","בחינות בגרות","מועד ב - 2024","בחינה","מפורסם","0","","1","משולש ישר טריגונמטריהזווית-ltLIg2m9VmacTGVj4HIruQGRGOaPN4.pdf","no","0","","","yes","69f5948bc9a5ed5e7ed81f7f"
"כיתה ז׳","מפורסם","כיתה ז - גרפים ופונקציות","מערכת צירים - קרטזית","תרגול","מפורסם","0","","1","כיתה ז - מערכת צירים - תרגול-se9rQxj62c2sboBVs34pisDtZXC8lF.pdf","no","0","","","yes","69ccc73cc330a3d19739862e"
"כיתה ז׳","מפורסם","כיתה ז - גיאומטריה","מרחק, ניצבות והקבלה","תרגול","מפורסם","0","","1","כיתה ז - יחידה 11 - ניצבות והקבלה-D6BdefPze4qvlfTY2PH1K011DEGHi5.pdf","no","0","","","yes","69ccc8208a1a28cc6639062b"
"כיתה י - 4 יח""ל","מפורסם","גיאומטריה","משפט הסינוסים","תרגול","מפורסם","0","","0","","no","0","","","no","69eb274e8883c6e4c4386cd0"
"כיתה יא - 5 יח""ל - 571","מפורסם","שאלוני בגרות 571","סדרה הנדסית - 1","תרגול","מפורסם","0","","1","חמש יחל - 571 - סדרה הנדסית - איבר כללי-Xny6xRQXj4DkrdmtB29VDICQSm66SQ.pdf","yes","19431","","","yes","69bd337dc192db94ea48aba0"
"כיתה יא - 5 יח""ל - 571","מפורסם","שאלוני בגרות 571","סדרה הנדסית - 2","תרגול","מפורסם","0","","0","","no","0","","","no","69bd33a1b082c4fad4a6c1de"
"כיתה ח' - מתקדם","מפורסם","פונקציה","פונקציה קווית","תרגול","מפורסם","0","","1","כיתה ח - יחידה 5 - פונקציה קווית.pdf","yes","15490","","","yes","6997676d090ba0ddedc4cc96"
"כיתה ט - מתקדם","מפורסם","פונקציות","פונקציה ריבועית - בעיות ערך קיצון","תרגול","מפורסם","0","","1","כיתה ט - יחידה 15 - בעיות קיצון-6N1C1FN7RbnwfGdGNidmfTTSEcrUwh.pdf","no","0","","","yes","69e790e50d06a6cb351e9e58"
"כיתה י - 5 יח""ל","מפורסם","פונקציה","פונקציה רציונלית","תרגול","מפורסם","0","","1","כיתה י - שיעור 16.3 -  פונקציה רציונלית - שאלות סיכום-1.pdf","no","0","","","yes","6995db466cfb77266d63a30f"
"כיתה ז׳","מפורסם","כיתה ז - גרפים ופונקציות","פונקציות","תרגול","מפורסם","0","","1","כיתה ז - יחידה 14 - פונקציות-x53tO5fliukPlzTE1MCZK2oncPd0YO.pdf","no","0","","","yes","69ccca609f0378ce68353ba0"
"כיתה ט - מתקדם","מפורסם","אלגברה","פירוק לגורמים - מימוש במשוואות","תרגול","מפורסם","0","","1","משוואות - כיתה ט  - בסיס-qc860q1zTsmOljOYX8C1S4M3dfp2ut.pdf","yes","8432","","","yes","69ccfbd9b7f268bd91deebfe"
"כיתה ט - מתקדם","מפורסם","אלגברה","צמצום שברים אלגברים","לימוד","מפורסם","22","תרגיל 1; תרגיל 2; תרגיל 3; תרגיל 4; תרגיל 5; תרגיל 6; תרגיל 7; תרגיל 8; תרגיל 9; תרגיל 10; תרגיל 11; תרגיל 12; תרגיל 13; תרגיל 14; תרגיל 15; תרגיל 16; תרגיל 17; תרגיל 18; תרגיל 19; תרגיל 20; תרגיל 21; תרגיל 22","0","","no","0","","","yes","69eb1b86ecc3a900bbc7f301"
"הכנה לז' גיבוי","טיוטה","שבר עשרוני","שבר עשרוני - חילוק ב-10 100 1000","לימוד","טיוטה","10","מוטיבציה ולמידה ראשונית של חילוק ב-10 — תרגיל 1; חילוק ב-100 וב-1000 — תרגיל 2; חילוק שדורש הוספת אפסים שומרי מקום (padding) — תרגיל 3; שימושים מהחיים - המרת יחידות מידה — תרגיל 4; שימושים מהחיים - כסף וחלוקה לקבוצות — תרגיל 5; מציאת המחלק (למה חילקנו?) — תרגיל 6; השוואה בין כפל ב-10 לחילוק ב-10 — תרגיל 7; חילוק חוזר (שרשרת של חילוקים) — תרגיל 8; השלמת פערים במשקל (חילוק ואז כפל) — תרגיל 9; אתגר הפדגוגי - מפעל המיץ — תרגיל 10","0","","no","0","","","yes","6a7454a2fc7d19d634c258c8"
"הכנה לכיתה ז","מפורסם","שבר עשרוני","שבר עשרוני- כפל","לימוד","מפורסם","10","למידה ראשונית של כפל שבר עשרוני במספר שלם — תרגיל 1; כפל עשרוני בשלם עם מעבר עשרת (יצירת שלמים) — תרגיל 2; כפל עשרוני שהופך למספר שלם — תרגיל 3; למידה ראשונית של כפל עשרוני בעשרוני — תרגיל 4; הוספת אפסים שומרי מקום לאחר כפל — תרגיל 5; כפל עשרוני בעשרוני עם מספרים מעל שלם אחד — תרגיל 6; חישובי שטחים (גיאומטריה) — תרגיל 7; שימושי כסף מחיי היומיום — תרגיל 8; מציאת המספר החסר והשוואת מכפלות — תרגיל 9; אתגר הקנייה הרב-שלבית — תרגיל 10","0","","no","0","","","yes","6a73120a22abef8b5ed36404"
"הכנה לז' גיבוי","טיוטה","שברים","שברים - השוואת שברים","לימוד","טיוטה","10","למידה ראשונית של השוואת שברים עם מכנה זהה — תרגיל 1; השוואה בעזרת ""נקודת עיגון"" (יותר מחצי או פחות מחצי) — תרגיל 2; שימוש בחצי כדי להשוות שני שברים שונים — תרגיל 3; השוואה בעזרת הרחבת שבר אחד (מכנה משותף) — תרגיל 4; השוואה בעזרת צמצום של שבר אחד — תרגיל 5; יישום בבעיות מילוליות (שימוש בחצי או מכנה זהה) — תרגיל 6; יישום בבעיות מילוליות (הרחבה וצמצום) — תרגיל 7; סידור קבוצת שברים מהקטן לגדול — תרגיל 8; בחירת האסטרטגיה הנכונה ביותר להשוואה — תרגיל 9; אתגר הפדגוגי - תחרות האפייה! — תרגיל 10","0","","no","0","","","yes","6a7454a2fc7d19d634c258c9"
"הכנה לכיתה ז","מפורסם","שברים","שברים - כפל - בשלם","לימוד","מפורסם","10","מוטיבציה ולמידה ראשונית של כפל שבר בשלם (חיבור חוזר) — תרגיל 1; הכלל המהיר - כפל שלם במונה — תרגיל 2; כפל שיוצר שבר מדומה ושבר מעורב — תרגיל 3; כפל שלם בשבר מעורב (שיטת הפילוג/הפיצול) — תרגיל 4; כפל שלם בשבר מעורב (עם מעבר לשלם נוסף) — תרגיל 5; הבנת התוצאה (חלק מתוך שלם) — תרגיל 6; שיטה חלופית - כפל דרך שבר מדומה — תרגיל 7; בעיות מילוליות בסיסיות (כפל שבר בשלם) — תרגיל 8; בעיות מילוליות עם שבר מעורב בשלם — תרגיל 9; אתגר מסיבת הכיתה — תרגיל 10","0","","no","0","","","yes","6a731d14b3ab0cdb3571f823"
"כיתה י - 5 יח""ל","מפורסם","גיאומטריה","תלס","תרגול","מפורסם","0","","1","כיתה י - יחידה 13 - גיאומטריה - תלס-3xoU1mG4oEixEu2qamYSprd9Etgo3Y.pdf","no","0","","","yes","69d1106bb91994ec0e00c299"
"כיתה יב - 5 יח""ל - 572","מפורסם","בגרות","2024 - קיץ","בחינה","מפורסם","0","","0","","no","0","","","no","69f1d03ddb576bcd182553cf"
"כיתה ט - מתקדם","מפורסם","אלגברה","3 משוואות","לימוד","מפורסם","25","תרגיל 1; תרגיל 2; תרגיל 3; תרגיל 4; תרגיל 5; תרגיל 6; תרגיל 7; תרגיל 8; תרגיל 9; תרגיל 10; תרגיל 11; תרגיל 12; תרגיל 13; תרגיל 14; תרגיל 15; תרגיל 16; תרגיל 17; תרגיל 18; תרגיל 19; תרגיל 20; תרגיל 21; תרגיל 22; תרגיל 23; תרגיל 24; תרגיל 25","0","","no","0","","","yes","6a0765a46c692252802b42ed"
"כיתה ח' - מתקדם","מפורסם","אלגברה","אחוזים","לימוד","מפורסם","35","תרגיל 1; תרגיל 2; תרגיל 3; תרגיל 4; תרגיל 5; תרגיל 6; תרגיל 7; תרגיל 8; תרגיל 9; תרגיל 10; תרגיל 11; תרגיל 12; תרגיל 13; תרגיל 14; תרגיל 15; תרגיל 16; תרגיל 17; תרגיל 18; תרגיל 19; תרגיל 20; תרגיל 21; תרגיל 22; תרגיל 23; תרגיל 24; תרגיל 25; תרגיל 26; תרגיל 27; תרגיל 28; תרגיל 29; תרגיל 30; תרגיל 31; תרגיל 32; תרגיל 33; תרגיל 34; תרגיל 35","0","","no","0","","","yes","69eb1b86ecc3a900bbc7f2eb"
"כיתה יא - 3 יח""ל - 371","מפורסם","אלגברה","אחוזים","לימוד","מפורסם","0","","1","משולש ישר טריגונמטריהזווית-ltLIg2m9VmacTGVj4HIruQGRGOaPN4.pdf","no","0","","","yes","69f512b0e94e64fadfc7408a"
"כיתה ז׳","מפורסם","מבחנים","בחינה 6 - סדר פעולות, ציר מספרים, משוואות ומשולש ומלבן","בחינה","מפורסם","0","","1","כיתה ז - מבחן סימולציה 6 - חוקיות , ביטוים אלגברים ומלבנים-4.pdf","no","0","","","yes","69638e3b27bacd4cc5fa6aa6"
"כיתה ז׳","מפורסם","כיתה ז - אלגברה","ביטויים אלגברים","לימוד","טיוטה","0","","0","","no","0","","","no","69f3a5d7a43f6fd249d8499d"
"כיתה ט - בסיס","מפורסם","אלגברה","בעיות מילוליות - הנדסה","לימוד","מפורסם","0","","1","כיתה ט - בסיס - שיעור - 6 - בעיות - הנדסיות.pdf","no","0","","","yes","6995b912ca15cb3e9062a5c9"
"כיתה ט - מתקדם","מפורסם","פונקציות","בעיות ערך קיצון - גיאומטריות","לימוד","מפורסם","0","","0","","yes","27550","","","yes","69ecfbb3f4d2cca1574a289f"
"הכנה לכיתה ז","מפורסם","Orphaned lessons","גבהים ושטחים במשולשים ומרובעים","תרגול","מפורסם","0","","1","הכנה-כיתה-ז12-גבהים-ושטחים-במשולשים-ובמרובעים-IWZZuz0OAHYwkDI070tpM62RNvGjGk.pdf","no","0","","","yes","6a05ce5152f59648f7078bc4"
"הכנה לכיתה ז","מפורסם","Orphaned lessons","גבהים ושטחים במשולשים ומרובעים","תרגול","מפורסם","0","","1","הכנה-כיתה-ז12-גבהים-ושטחים-במשולשים-ובמרובעים-IWZZuz0OAHYwkDI070tpM62RNvGjGk.pdf","no","0","","","yes","6a688d6a90e1ad0cfe0c85e0"
"הכנה לכיתה ז","מפורסם","Orphaned lessons","גבהים ושטחים במשולשים ומרובעים","תרגול","מפורסם","0","","1","הכנה-כיתה-ז12-גבהים-ושטחים-במשולשים-ובמרובעים-IWZZuz0OAHYwkDI070tpM62RNvGjGk.pdf","no","0","","","yes","a3afe406838dc9de22f684b7"
"הכנה לכיתה ז","מפורסם","גאומטריה","גיאומטריה - מעגל - שטח והיקף","לימוד","מפורסם","10","הכרת מושגים ונוסחאות בסיסיות של המעגל — תרגיל 1; יישום בסיסי של נוסחאות היקף ושטח — תרגיל 2; מציאת רדיוס/קוטר מהיקף או שטח — תרגיל 3; יחידות מידה וקשרים בין גדלים — תרגיל 4; זיהוי שגיאות ויישומים בהקשרים — תרגיל 5; חלקי מעגל - חצאי ורבעי מעגל — תרגיל 6; בעיות מילוליות וחישובים מורכבים — תרגיל 7; ניתוח נתונים בטבלאות — תרגיל 8; חישובים מורכבים ומושגים משולבים — תרגיל 9; אתגר המעגלים והשטחים! — תרגיל 10","0","","no","0","","","yes","6a7428a48307e9dfa54db4e3"
"כיתה ט - מתקדם","מפורסם","גיאומטריה","דלתון - הוכחה","לימוד","מפורסם","0","","0","","yes","27550","","","yes","69ecfdb7f4d2cca1574a29f4"
"כיתה ט - מתקדם","מפורסם","גיאומטריה","דלתון - תכונות","לימוד","מפורסם","0","","0","","yes","27550","","","yes","69ecfd9c20ded134b53d1bf6"
"כיתה יא - 4 יח""ל - 471","מפורסם","שאלון בגרות","הסתברות - טבלה - 471","תרגול","מפורסם","0","","1","הסתברות - - טבלה 471-k3yn80w2zg15Rl4iq3vkfvVzlNYCUj.pdf","yes","24233","","","yes","69ae63275c712c6396a6a4bb"
"כיתה ז׳","מפורסם","כיתה ז - גיאומטריה","חישוב שטח והיקף - משולש","תרגול","מפורסם","0","","1","כיתה ז - יחידה 13 - שטח משולש-2-CQQn2K37H7UlV3twJYdSUIoTDNDL5d.pdf","no","0","","","yes","69ccc92be8e6511c087db688"
"כיתה ח' - בסיס","מפורסם","גיאומטריה","חפיפת משולשים","לימוד","מפורסם","0","","0","","no","0","","","no","69f44fcf5724b9b8e1d4cc2d"
"כיתה ט - מתקדם","מפורסם","גיאומטריה","חפיפת משולשיפ 3","לימוד","מפורסם","0","","0","","yes","27550","","","yes","69ecfc0ce62e5f5d5fd1e382"
"כיתה ט - מתקדם","מפורסם","גיאומטריה","טרפז - תכונות","לימוד","מפורסם","0","","0","","yes","27550","","","yes","69ecfd8af4d2cca1574a29ce"
"כיתה יב - 4 יח""ל - 472","מפורסם","בגרויות","מועד ב - 2024","בחינה","מפורסם","0","","1","processed_Math - 4units - 472 - 2024 - moed b (1)-Oy1xM861mxiYk7pQU9yUTUdmkhSMU5.pdf","no","0","","","yes","69ef9d11b48edbe115df8716"
"כיתה ט - מתקדם","מפורסם","גיאומטריה","מלבן - הוכחה","לימוד","מפורסם","0","","0","","yes","27550","","","yes","69ecfd01f4d2cca1574a2967"
"כיתה ט - מתקדם","מפורסם","גיאומטריה","מלבן - תכונות","לימוד","מפורסם","0","","0","","yes","27550","","","yes","69ecfccb9c7158202447226f"
"","","","מספרים עשרוניים - חילוק","לימוד","מפורסם","10","תרגיל 1 — מנחה: למידה ראשונית של חילוק שבר עשרוני במספר שלם; תרגיל 2 — בסיס: חילוק עם שארית ומעבר לשלב הבא (פריטה); תרגיל 3 — הבנה: חילוק הדורש הוספת אפסים בסוף; תרגיל 4 — מנחה: כלל הקסם – חילוק בעשרוני (הזזת הנקודה); תרגיל 5 — הבנה: חילוק בעשרוני עם הוספת אפסים שומרי מקום; תרגיל 6 — מורכב: חילוק מספר שלם במספר עשרוני; תרגיל 7 — שילוב: בעיות מילוליות (כסף ומידות); תרגיל 8 — חשיבה: אפקט החילוק (למה המספר גדל?); תרגיל 9 — חזרה: מציאת מספרים חסרים ומשוואות הפוכות; תרגיל 10 — חזרה מסכמת: אתגר הפדגוגי - הפיצרייה","0","","no","0","","","yes","6a42d33e37940fcce9df55f1"
"","","","מספרים עשרוניים - חילוק","לימוד","מפורסם","10","תרגיל 1 — מנחה: למידה ראשונית של חילוק שבר עשרוני במספר שלם; תרגיל 2 — בסיס: חילוק עם שארית ומעבר לשלב הבא (פריטה); תרגיל 3 — הבנה: חילוק הדורש הוספת אפסים בסוף; תרגיל 4 — מנחה: כלל הקסם – חילוק בעשרוני (הזזת הנקודה); תרגיל 5 — הבנה: חילוק בעשרוני עם הוספת אפסים שומרי מקום; תרגיל 6 — מורכב: חילוק מספר שלם במספר עשרוני; תרגיל 7 — שילוב: בעיות מילוליות (כסף ומידות); תרגיל 8 — חשיבה: אפקט החילוק (למה המספר גדל?); תרגיל 9 — חזרה: מציאת מספרים חסרים ומשוואות הפוכות; תרגיל 10 — חזרה מסכמת: אתגר הפדגוגי - הפיצרייה","0","","no","0","","","yes","6a688d6a90e1ad0cfe0c85de"
"","","","מספרים עשרוניים - חילוק","לימוד","מפורסם","10","תרגיל 1 — מנחה: למידה ראשונית של חילוק שבר עשרוני במספר שלם; תרגיל 2 — בסיס: חילוק עם שארית ומעבר לשלב הבא (פריטה); תרגיל 3 — הבנה: חילוק הדורש הוספת אפסים בסוף; תרגיל 4 — מנחה: כלל הקסם – חילוק בעשרוני (הזזת הנקודה); תרגיל 5 — הבנה: חילוק בעשרוני עם הוספת אפסים שומרי מקום; תרגיל 6 — מורכב: חילוק מספר שלם במספר עשרוני; תרגיל 7 — שילוב: בעיות מילוליות (כסף ומידות); תרגיל 8 — חשיבה: אפקט החילוק (למה המספר גדל?); תרגיל 9 — חזרה: מציאת מספרים חסרים ומשוואות הפוכות; תרגיל 10 — חזרה מסכמת: אתגר הפדגוגי - הפיצרייה","0","","no","0","","","yes","e4fb671771c0e06dc43e40e9"
"כיתה ט - מתקדם","מפורסם","גיאומטריה","מעוין - הוכחה","לימוד","מפורסם","0","","0","","yes","27550","","","yes","69ecfd2920ded134b53d1b88"
"כיתה ט - מתקדם","מפורסם","גיאומטריה","מעוין - תכונות","לימוד","מפורסם","10","תרגיל 1; תרגיל 2; תרגיל 3; תרגיל 4; תרגיל 5; תרגיל 6; תרגיל 7; תרגיל 8; תרגיל 9; תרגיל 10: חישובים במעוין","0","","yes","14611","","מעויין - שיעור-HDmHg0g6yNXqGbZLuoIR7ZBL2N2uv8.tex","yes","69ecfd104ec57fb9fcd3eb71"
"כיתה ח' - בסיס","מפורסם","אלגברה","מערכת משוואות ממעלה ראשונה","לימוד","מפורסם","0","","1","כיתה ז - יחידה 7 - משוואות-1.pdf","no","0","","","yes","69f45b9931bd390777c0a5d0"
"כיתה ח' - בסיס","מפורסם","פונקציות","מצב הדדי בין ישרים","לימוד","מפורסם","0","","1","כיתה ח - יחידה 2 - פונקציות - מצב הדדי בין ישרים-p1pXt85jHY9PQG0lVfOHSYonyxWEFo.pdf","yes","15490","","","yes","69f4265c083813ea61f4dcd8"
"כיתה י - 5 יח""ל","מפורסם","גיאומטריה","מצולעים","תרגול","מפורסם","0","","1","מצולעים-3CqfoH7FtFoLy4mLOBMPAP2JUq4itD.pdf","no","0","","","yes","69d110fef0ddeb5a0a1e4c1b"
"כיתה ט - מתקדם","מפורסם","פונקציות","מציאת נקודות חיתוך בין פונקציות","לימוד","מפורסם","0","","0","","yes","27550","","","yes","69ecfb709c715820244721fd"
"כיתה ט - מתקדם","מפורסם","גיאומטריה","מקבילית - תכונות","לימוד","מפורסם","0","","0","","yes","27550","","","yes","69ecfcb620ded134b53d1b24"
"כיתה ט - בסיס","מפורסם","אלגברה","משוואות","לימוד","מפורסם","0","","0","","no","0","","","no","69eb1b86ecc3a900bbc7f303"
"כיתה ט - מתקדם","מפורסם","אלגברה","משוואות רצינאליות","תרגול","מפורסם","0","","1","משוואות רצינאליות - כיתה ט-5b01zW3hoxI5qVjHLxMsupHYB1zgRd.pdf","yes","8326","","","yes","69e366329e08f11b024a8768"
"כיתה ט - מתקדם","מפורסם","גיאומטריה","משולש  שווה שוקיים  - הוכחה","לימוד","מפורסם","0","","0","","yes","27550","","","yes","69ecfc3c20ded134b53d1ac6"
"כיתה ט - מתקדם","מפורסם","גיאומטריה","משולש ישר זווית - הוכחה","לימוד","מפורסם","0","","0","","yes","27550","","","yes","69ecfca39c71582024472244"
"כיתה ט - מתקדם","מפורסם","גיאומטריה","משולש ישר זווית - תכונות","לימוד","מפורסם","0","","0","","yes","27550","","","yes","69ecfc854ec57fb9fcd3eb14"
"כיתה ט - מתקדם","מפורסם","פונקציות","פונקציה ריבועית - בסיס","לימוד","מפורסם","0","","1","פונקציה ריבועית בסיס-AdSqM4Y14mhwRFau71ATquCbBnfMbp.pdf","yes","27550","","","yes","69c62d34ba67c0973156e835"
"כיתה ט - מתקדם","מפורסם","פונקציות","פונקציה ריבועית - הצגה קודקודית","לימוד","מפורסם","0","","0","","yes","27550","","","yes","69ecfa9a4ec57fb9fcd3eaa4"
"כיתה ט - מתקדם","מפורסם","פונקציות","פונקציה ריבועית - הצגות שונות","לימוד","מפורסם","0","","0","","yes","27550","","","yes","69ecfb4ee62e5f5d5fd1e305"
"כיתה ט - מתקדם","מפורסם","פונקציות","פונקציה ריבועית - נקודות אפס ותחומי חיוביות ושליליות","לימוד","מפורסם","0","","0","","yes","27550","","","yes","69ecfb1820ded134b53d1a4a"
"כיתה ט - מתקדם","מפורסם","פונקציות","פונקציה ריבועית - קודקוד, ציר סנטריה ועלייה וירידה","לימוד","מפורסם","0","","0","","yes","27550","","","yes","69ecfae8e62e5f5d5fd1e2d4"
"כיתה ט - מתקדם","מפורסם","פונקציות","פונקציה ריבועית -חקירה","לימוד","מפורסם","0","","0","","yes","27550","","","yes","69ecfb3b9c715820244721da"
"כיתה ט - מתקדם","מפורסם","פונקציות","פונקציות - כתיב מתמטי","לימוד","מפורסם","0","","0","","yes","27550","","","yes","69ecfb8e144bff1bc1938a6c"
"כיתה י - 4 יח""ל","מפורסם","פונקציות","פונקציית פולינום - חקירה","תרגול","מפורסם","0","","1","כיתה י - יחידה 7 - פולינום - חקירת פונקציה-ste83fBbn8PdbugNPUe4vX3GWDGu2L.pdf","no","0","","","yes","69e9f40e025d4838e7143409"
"כיתה ט - מתקדם","מפורסם","גיאומטריה","קטע אמצעים בטרפז - הוכחה","לימוד","מפורסם","0","","0","","yes","27550","","","yes","69ecfe0df4d2cca1574a2a81"
"כיתה ט - מתקדם","מפורסם","גיאומטריה","קטע אמצעים בטרפז - תכונות","לימוד","מפורסם","0","","0","","yes","27550","","","yes","69ecfdeb4ec57fb9fcd3ebb2"
"כיתה ט - מתקדם","מפורסם","גיאומטריה","קטע אמצעים במשולש - הוכחה","לימוד","מפורסם","0","","0","","yes","27550","","","yes","69ecfddff4d2cca1574a2a18"
"כיתה ט - מתקדם","מפורסם","גיאומטריה","קטע אמצעים במשולש - תכונות","לימוד","מפורסם","0","","0","","yes","27550","","","yes","69ecfdc620ded134b53d1c1b"
"כיתה י - 3 יח""ל - 172","מפורסם","בחינות סימולציה","קיץ - 2024","בחינה","מפורסם","0","","0","","no","0","","","no","69f4a68e7df3372397f0c513"
"כיתה יא - 3 יח""ל - 371","מפורסם","בחינות בגרות","קיץ - 2024","בחינה","מפורסם","0","","1","משולש ישר טריגונמטריהזווית-ltLIg2m9VmacTGVj4HIruQGRGOaPN4.pdf","no","0","","","yes","69f5948085f66461b5dff99b"
"","","","קריאת נתונים מטבלאות","לימוד","מפורסם","10","מוטיבציה ולמידה ראשונית של קריאת נתונים מטבלאות — תרגיל 1; קריאת נתונים מטבלה פשוטה — תרגיל 2; השוואה וחישוב הפרשים מתוך טבלה — תרגיל 3; קריאת דיאגרמת עמודות - זיהוי ערכים — תרגיל 4; דיאגרמת עמודות - השוואה וחישובים — תרגיל 5; קריאת דיאגרמת קו - מגמות לאורך זמן — תרגיל 6; שילוב פעולות חשבון מתוך נתוני טבלה — תרגיל 7; חישוב ממוצע מתוך נתוני טבלה — תרגיל 8; מציאת נתון חסר בטבלה מתוך הסך הכל — תרגיל 9; אתגר פרויקט דוכני המכירות של יום השיא הבית-ספרי! — תרגיל 10","0","","no","0","","","yes","6a462610961bb578f219d90a"
"","","","קריאת נתונים מטבלאות","לימוד","מפורסם","10","מוטיבציה ולמידה ראשונית של קריאת נתונים מטבלאות — תרגיל 1; קריאת נתונים מטבלה פשוטה — תרגיל 2; השוואה וחישוב הפרשים מתוך טבלה — תרגיל 3; קריאת דיאגרמת עמודות - זיהוי ערכים — תרגיל 4; דיאגרמת עמודות - השוואה וחישובים — תרגיל 5; קריאת דיאגרמת קו - מגמות לאורך זמן — תרגיל 6; שילוב פעולות חשבון מתוך נתוני טבלה — תרגיל 7; חישוב ממוצע מתוך נתוני טבלה — תרגיל 8; מציאת נתון חסר בטבלה מתוך הסך הכל — תרגיל 9; אתגר פרויקט דוכני המכירות של יום השיא הבית-ספרי! — תרגיל 10","0","","no","0","","","yes","6a688d6a90e1ad0cfe0c85dd"
"","","","קריאת נתונים מטבלאות","לימוד","מפורסם","10","מוטיבציה ולמידה ראשונית של קריאת נתונים מטבלאות — תרגיל 1; קריאת נתונים מטבלה פשוטה — תרגיל 2; השוואה וחישוב הפרשים מתוך טבלה — תרגיל 3; קריאת דיאגרמת עמודות - זיהוי ערכים — תרגיל 4; דיאגרמת עמודות - השוואה וחישובים — תרגיל 5; קריאת דיאגרמת קו - מגמות לאורך זמן — תרגיל 6; שילוב פעולות חשבון מתוך נתוני טבלה — תרגיל 7; חישוב ממוצע מתוך נתוני טבלה — תרגיל 8; מציאת נתון חסר בטבלה מתוך הסך הכל — תרגיל 9; אתגר פרויקט דוכני המכירות של יום השיא הבית-ספרי! — תרגיל 10","0","","no","0","","","yes","5a00ab7321a58b255029e5b6"
"כיתה ט - מתקדם","מפורסם","גיאומטריה","ריבוע - הוכחה","לימוד","מפורסם","0","","0","","yes","27550","","","yes","69ecfd7e20ded134b53d1bb9"
"כיתה ט - מתקדם","מפורסם","גיאומטריה","ריבוע - תכונות","לימוד","מפורסם","11","תרגיל 1; תרגיל 2; תרגיל 3; תרגיל 4; תרגיל 5; תרגיל 6; תרגיל 7; תרגיל 8; תרגיל 9; תרגיל 10: השוואה וחישוב בין ריבועים; Exercise 1","0","","yes","21459","","ריבוע - שיעור-mPpxVlaoWGgTz90ylpjata75NMguVO.tex","yes","69ecfd3ee62e5f5d5fd1e401"
"כיתה ט - בסיס","מפורסם","גיאומטריה","ריבוע - תכונות","לימוד","מפורסם","0","","0","","yes","21459","","ריבוע - שיעור-mPpxVlaoWGgTz90ylpjata75NMguVO.tex","yes","69f972500cef3c8ec0ab161f"
"הכנה לכיתה ז","מפורסם","שבר עשרוני","שבר עשרוני - חילוק","לימוד","מפורסם","10","למידה ראשונית של חילוק שבר עשרוני במספר שלם — תרגיל 1; חילוק עם שארית ומעבר לשלב הבא (פריטה) — תרגיל 2; חילוק הדורש הוספת אפסים בסוף — תרגיל 3; כלל הקסם – חילוק בעשרוני (הזזת הנקודה) — תרגיל 4; חילוק בעשרוני עם הוספת אפסים שומרי מקום — תרגיל 5; חילוק מספר שלם במספר עשרוני — תרגיל 6; בעיות מילוליות (כסף ומידות) — תרגיל 7; אפקט החילוק (למה המספר גדל?) — תרגיל 8; מציאת מספרים חסרים ומשוואות הפוכות — תרגיל 9; אתגר הפדגוגי - הפיצרייה — תרגיל 10","0","","no","0","","","yes","6a73131922abef8b5ed36a8d"
"הכנה לכיתה ז","מפורסם","שברים","שברים - כפל","לימוד","מפורסם","10","כפל מספר טבעי בשבר – הבנה ויזואלית — תרגיל 1; כפל מספר טבעי בשבר – מציאת השלם — תרגיל 2; כפל מספר טבעי בשבר – עם צמצום — תרגיל 3; כפל מספר טבעי בשבר – בעיות מילוליות — תרגיל 4; הבנה ויזואלית – ""חלק של חלק"" — תרגיל 5; כפל שבר בשבר – המונה במונה והמכנה במכנה — תרגיל 6; אסטרטגיה חכמה — תרגיל 7; הכנה לכפל — תרגיל 8; עם מספר טבעי או שבר פשוט — תרגיל 9; כפל שברים מעורבים – בעיות מילוליות — תרגיל 10","0","","no","0","","","yes","6a732d2fb95aefb9e55d79b6"
"הכנה לכיתה ז","מפורסם","שברים","שברים - כפל","לימוד","טיוטה","10","כפל מספר טבעי בשבר – הבנה ויזואלית — תרגיל 1; כפל מספר טבעי בשבר – מציאת השלם — תרגיל 2; כפל מספר טבעי בשבר – עם צמצום — תרגיל 3; כפל מספר טבעי בשבר – בעיות מילוליות — תרגיל 4; הבנה ויזואלית – ""חלק של חלק"" — תרגיל 5; כפל שבר בשבר – המונה במונה והמכנה במכנה — תרגיל 6; אסטרטגיה חכמה — תרגיל 7; הכנה לכפל — תרגיל 8; עם מספר טבעי או שבר פשוט — תרגיל 9; כפל שברים מעורבים – בעיות מילוליות — תרגיל 10","0","","no","0","","","yes","6a8d3c43cf728c8a81892c59"
"","","","שברים - כפל שבר בשלם","לימוד","מפורסם","10","תרגיל 1 – מנחה: מוטיבציה ולמידה ראשונית של כפל שבר בשלם (חיבור חוזר); תרגיל 2 – בסיס: הכלל המהיר - כפל שלם במונה; תרגיל 3 – הבנה: כפל שיוצר שבר מדומה ושבר מעורב; תרגיל 4 – מנחה: כפל שלם בשבר מעורב (שיטת הפילוג/הפיצול); תרגיל 5 – בסיס: כפל שלם בשבר מעורב (עם מעבר לשלם נוסף); תרגיל 6 – הבנה: הבנת התוצאה (חלק מתוך שלם); תרגיל 7 – חשיבה: שיטה חלופית - כפל דרך שבר מדומה; תרגיל 8 – שילוב: בעיות מילוליות בסיסיות (כפל שבר בשלם); תרגיל 9 – מורכב: בעיות מילוליות עם שבר מעורב בשלם; תרגיל 10 – חזרה מסכמת: אתגר מסיבת הכיתה","0","","no","0","","","yes","6a42575b8f4f1223e576a655"
"","","","שברים - כפל שבר בשלם","לימוד","מפורסם","10","תרגיל 1 – מנחה: מוטיבציה ולמידה ראשונית של כפל שבר בשלם (חיבור חוזר); תרגיל 2 – בסיס: הכלל המהיר - כפל שלם במונה; תרגיל 3 – הבנה: כפל שיוצר שבר מדומה ושבר מעורב; תרגיל 4 – מנחה: כפל שלם בשבר מעורב (שיטת הפילוג/הפיצול); תרגיל 5 – בסיס: כפל שלם בשבר מעורב (עם מעבר לשלם נוסף); תרגיל 6 – הבנה: הבנת התוצאה (חלק מתוך שלם); תרגיל 7 – חשיבה: שיטה חלופית - כפל דרך שבר מדומה; תרגיל 8 – שילוב: בעיות מילוליות בסיסיות (כפל שבר בשלם); תרגיל 9 – מורכב: בעיות מילוליות עם שבר מעורב בשלם; תרגיל 10 – חזרה מסכמת: אתגר מסיבת הכיתה","0","","no","0","","","yes","6a688d6a90e1ad0cfe0c85df"
"","","","שברים - כפל שבר בשלם","לימוד","מפורסם","10","תרגיל 1 – מנחה: מוטיבציה ולמידה ראשונית של כפל שבר בשלם (חיבור חוזר); תרגיל 2 – בסיס: הכלל המהיר - כפל שלם במונה; תרגיל 3 – הבנה: כפל שיוצר שבר מדומה ושבר מעורב; תרגיל 4 – מנחה: כפל שלם בשבר מעורב (שיטת הפילוג/הפיצול); תרגיל 5 – בסיס: כפל שלם בשבר מעורב (עם מעבר לשלם נוסף); תרגיל 6 – הבנה: הבנת התוצאה (חלק מתוך שלם); תרגיל 7 – חשיבה: שיטה חלופית - כפל דרך שבר מדומה; תרגיל 8 – שילוב: בעיות מילוליות בסיסיות (כפל שבר בשלם); תרגיל 9 – מורכב: בעיות מילוליות עם שבר מעורב בשלם; תרגיל 10 – חזרה מסכמת: אתגר מסיבת הכיתה","0","","no","0","","","yes","51f7cd695adf67818f58de7d"
"הכנה לז' גיבוי","טיוטה","שברים","שברים - צמצום והרחבה","לימוד","טיוטה","10","מוטיבציה ולמידה ראשונית של שברים שקולים — תרגיל 1; פעולת ההרחבה (כפל המונה והמכנה באותו מספר) — תרגיל 2; מציאת הגורם החסר בהרחבה — תרגיל 3; פעולת הצמצום (חילוק המונה והמכנה באותו מספר) — תרגיל 4; מציאת הגורם החסר בצמצום — תרגיל 5; שבר מצומצם ביותר (עד הסוף) — תרגיל 6; שימוש בהרחבה לצורך השוואת שברים — תרגיל 7; בעיות מילוליות מחיי היומיום — תרגיל 8; שרשרת של פעולות — תרגיל 9; אתגר יום ההולדת והמתכונים! — תרגיל 10","0","","no","0","","","yes","6a7454a2fc7d19d634c258cb"
"כיתה ח' - מתקדם","מפורסם","פונקציה","שיפוע של ישר וייצוג אלגברי של ישר","תרגול","מפורסם","0","","1","כיתה ח - יחידה 2 - פונקציות - ייצוג אלגברי לקו ישר וגרף של ישר-vBjMf0WztmYptfxXF7rhAstAtgjUmD.pdf","no","0","","","yes","69cce4dc199baaba55216c3c"
"כיתה יב - 5 יח""ל - 572","מפורסם","בגרות","2024 - חורף","בחינה","מפורסם","0","","1","processed_Math - 5units - 572 - 2024 - moed b --zfo5IWpfRSHvJZSqPJy3FRkcpkq6xe.pdf","no","0","","","yes","69f1ce85876a78cdffc778cb"
"הכנה לכיתה ז","מפורסם","אחוזים","אחוז - בעיות מילוליות","לימוד","מפורסם","10","מציאת אחוז מכמות (הבסיס) — תרגיל 1; מציאת השלם כאשר נתון חלק באחוזים — תרגיל 2; מציאת האחוז שחלק מהווה מהשלם — תרגיל 3; עליות וירידות באחוזים — תרגיל 4; מספר שינויים באחוזים — תרגיל 5; מציאת ערך מקורי לאחר שינוי באחוזים — תרגיל 6; אחוזים והקשרם (יחסים וכמויות) — תרגיל 7; בעיות השוואה מורכבות — תרגיל 8; בעיות מילוליות מרובות נתונים מהחיים — תרגיל 9; בעיה מקיפה עם מגוון אתגרים — תרגיל 10","0","","no","0","","","yes","6a73475ea9b2fc645d0293a1"
"הכנה לז' גיבוי","טיוטה","אחוזים","אחוז - בעיות מילוליות","לימוד","טיוטה","10","מציאת אחוז מכמות (הבסיס) — תרגיל 1; מציאת השלם כאשר נתון חלק באחוזים — תרגיל 2; מציאת האחוז שחלק מהווה מהשלם — תרגיל 3; עליות וירידות באחוזים — תרגיל 4; מספר שינויים באחוזים — תרגיל 5; מציאת ערך מקורי לאחר שינוי באחוזים — תרגיל 6; אחוזים והקשרם (יחסים וכמויות) — תרגיל 7; בעיות השוואה מורכבות — תרגיל 8; בעיות מילוליות מרובות נתונים מהחיים — תרגיל 9; בעיה מקיפה עם מגוון אתגרים — תרגיל 10","0","","no","0","","","yes","6a7454a2fc7d19d634c258cc"
"כיתה ז׳","מפורסם","מבחנים","בחינה 7 - סדר פעולות, משוואות בעיות, משולש ומלבן","בחינה","מפורסם","0","","1","כיתה ז - מבחן סימולציה 7 - חוקיות , ביטוים אלגברים, מערכת צירים משולשים ומלבנים-1-HuDF2O0RHkgD5SqtOS8XBlpdS8YRew.pdf","no","0","","","yes","69638a6f98aa8e56fa048583"
"כיתה ט - מתקדם","מפורסם","אלגברה","בעיות מילוליות - הנדסה","תרגול","מפורסם","0","","1","כיתה ט - שיעור 8.1 - בעיות - הנדסיות.pdf","yes","8172","","","yes","6995b212bf79d335e5819b44"
"כיתה יא - 4 יח""ל - 471","מפורסם","שאלון בגרות","גיאומטריה אנליטית - ללא מעגל","תרגול","מפורסם","0","","0","","no","0","","","no","69ae637a5c712c6396a6a4f0"
"כיתה ט - מתקדם","מפורסם","גיאומטריה","גיאומטריה במערכת צירים","תרגול","מפורסם","0","","1","כיתה ט - יחידה 25 - הנדסה במערכת צירים-MKC2DJJELYmifQztKJ87gwmawokr0y.pdf","no","0","","","yes","69ccfb29b7f268bd91deebde"
"כיתה ז׳","מפורסם","כיתה ז - גיאומטריה","זוויות קוקודיות וצמודות","לימוד","מפורסם, לא פעיל","0","","1","כיתה ז - יחידה 9 - זוויות צמודות וקודקודיות.pdf","no","0","","","yes","695fd580a8a93f174bd08702"
"כיתה ז׳","מפורסם","כיתה ז - אלגברה","חוקיות","לימוד","מפורסם","32","הסבר 1; סרטון 2; תרגיל 3; תרגיל 4; תרגיל 5; תרגיל 6; תרגיל 7; תרגיל 8; תרגיל 9; תרגיל 10; תרגיל 11; תרגיל 12; תרגיל 13; תרגיל 14; תרגיל 15; תרגיל 16; תרגיל 17; תרגיל 18; תרגיל 19; תרגיל 20; תרגיל 21; תרגיל 22; תרגיל 23; תרגיל 24; תרגיל 25; תרגיל 26; תרגיל 27; תרגיל 28; תרגיל 29; תרגיל 30; תרגיל 31; תרגיל 32","0","","no","0","","","yes","69eb1b86ecc3a900bbc7f2cd"
"כיתה י - 3 יח""ל - 172","מפורסם","בחינות סימולציה","חורף - 2024","בחינה","מפורסם","0","","0","","no","0","","","no","69f4a6a8d9d317b6eb4e3c4d"
"כיתה יא - 3 יח""ל - 371","מפורסם","בחינות בגרות","חורף - 2024","בחינה","מפורסם","0","","1","משולש ישר טריגונמטריהזווית-ltLIg2m9VmacTGVj4HIruQGRGOaPN4.pdf","no","0","","","yes","69f59473ef7ee56187b462d2"
"כיתה ט - מתקדם","מפורסם","אלגברה","ט | שיעור מספר 10 - משוואות","לימוד","מפורסם","26","תרגיל 1; תרגיל 2; תרגיל 3; תרגיל 4; תרגיל 5; תרגיל 6; תרגיל 7; תרגיל 8; תרגיל 9; תרגיל 10; תרגיל 11; תרגיל 12; תרגיל 13; תרגיל 14; תרגיל 15; תרגיל 16; תרגיל 17; תרגיל 18; תרגיל 19; תרגיל 20; תרגיל 21; תרגיל 22; תרגיל 23; תרגיל 24; תרגיל 25; תרגיל 1","0","","no","0","","","yes","69eb1b86ecc3a900bbc7f305"
"כיתה ח' - בסיס","מפורסם","אלגברה","יחס ופורופורציה","לימוד","מפורסם","0","","0","","no","0","","","no","69f44cb86d4875f3f6e4f012"
"","","","כפל שברים","לימוד","מפורסם","10","תרגיל 1 – מנחה: מוטיבציה ולמידה ראשונית (חלק מתוך חלק); תרגיל 2 – בסיס: חוק הכפל המהיר (מונה כפול מונה, מכנה כפול מכנה); תרגיל 3 – בסיס: צמצום התוצאה בסוף התרגיל; תרגיל 4 – הבנה: אפקט ההקטנה (למה התוצאה קטנה יותר?); תרגיל 5 – הבנה: טריק ""הצמצום באלכסון"" לפני הכפל; תרגיל 6 – שילוב: בעיות מילוליות (חלק מתוך חלק); תרגיל 7 – חשיבה: כפל שבר במספר מעורב (קודם הופכים למדומה!); תרגיל 8 – מורכב: כפל שבר מעורב בשבר מעורב; תרגיל 9 – חשיבה: גיאומטריה מחיי היומיום (שטח מלבן); תרגיל 10 – חזרה מסכמת: אתגר הפדגוגי - הכנת חצי מתכון","0","","no","0","","","yes","6a42557a6de66e300ab26a0b"
"","","","כפל שברים","לימוד","מפורסם","10","תרגיל 1 – מנחה: מוטיבציה ולמידה ראשונית (חלק מתוך חלק); תרגיל 2 – בסיס: חוק הכפל המהיר (מונה כפול מונה, מכנה כפול מכנה); תרגיל 3 – בסיס: צמצום התוצאה בסוף התרגיל; תרגיל 4 – הבנה: אפקט ההקטנה (למה התוצאה קטנה יותר?); תרגיל 5 – הבנה: טריק ""הצמצום באלכסון"" לפני הכפל; תרגיל 6 – שילוב: בעיות מילוליות (חלק מתוך חלק); תרגיל 7 – חשיבה: כפל שבר במספר מעורב (קודם הופכים למדומה!); תרגיל 8 – מורכב: כפל שבר מעורב בשבר מעורב; תרגיל 9 – חשיבה: גיאומטריה מחיי היומיום (שטח מלבן); תרגיל 10 – חזרה מסכמת: אתגר הפדגוגי - הכנת חצי מתכון","0","","no","0","","","yes","6a688d6a90e1ad0cfe0c85e3"
"","","","מספרים עשרוניים - בעיות מילוליות","לימוד","מפורסם","10","תרגיל 1 — מנחה: למידה ראשונית (זיהוי חיבור וחיסור בבעיות מילוליות); תרגיל 2 — מנחה: למידה ראשונית (זיהוי כפל וחילוק בבעיות מילוליות); תרגיל 3 — בסיס: תרגול מעורב של שלב אחד; תרגיל 4 — הבנה: בעיות דו-שלביות (חיבור וחיסור בקניות); תרגיל 5 — הבנה: בעיות דו-שלביות (כפל ואז חיסור או חיבור); תרגיל 6 — חשיבה: חלוקת תשלומים שווה בשווה (חיבור ואז חילוק); תרגיל 7 — חשיבה מורכבת: גיאומטריה והמרת מידות; תרגיל 8 — שילוב: בעיות היגיון מרובות שלבים; תרגיל 9 — מורכב: חילוץ נתונים מתוך טבלה; תרגיל 10 — חזרה מסכמת: אתגר קונדיטוריית העוגות","0","","no","0","","","yes","6a42df301f64254da318f228"
"","","","מספרים עשרוניים - בעיות מילוליות","לימוד","מפורסם","10","תרגיל 1 — מנחה: למידה ראשונית (זיהוי חיבור וחיסור בבעיות מילוליות); תרגיל 2 — מנחה: למידה ראשונית (זיהוי כפל וחילוק בבעיות מילוליות); תרגיל 3 — בסיס: תרגול מעורב של שלב אחד; תרגיל 4 — הבנה: בעיות דו-שלביות (חיבור וחיסור בקניות); תרגיל 5 — הבנה: בעיות דו-שלביות (כפל ואז חיסור או חיבור); תרגיל 6 — חשיבה: חלוקת תשלומים שווה בשווה (חיבור ואז חילוק); תרגיל 7 — חשיבה מורכבת: גיאומטריה והמרת מידות; תרגיל 8 — שילוב: בעיות היגיון מרובות שלבים; תרגיל 9 — מורכב: חילוץ נתונים מתוך טבלה; תרגיל 10 — חזרה מסכמת: אתגר קונדיטוריית העוגות","0","","no","0","","","yes","6a688d6a90e1ad0cfe0c85e2"
"","","","מספרים עשרוניים - בעיות מילוליות","לימוד","מפורסם","10","תרגיל 1 — מנחה: למידה ראשונית (זיהוי חיבור וחיסור בבעיות מילוליות); תרגיל 2 — מנחה: למידה ראשונית (זיהוי כפל וחילוק בבעיות מילוליות); תרגיל 3 — בסיס: תרגול מעורב של שלב אחד; תרגיל 4 — הבנה: בעיות דו-שלביות (חיבור וחיסור בקניות); תרגיל 5 — הבנה: בעיות דו-שלביות (כפל ואז חיסור או חיבור); תרגיל 6 — חשיבה: חלוקת תשלומים שווה בשווה (חיבור ואז חילוק); תרגיל 7 — חשיבה מורכבת: גיאומטריה והמרת מידות; תרגיל 8 — שילוב: בעיות היגיון מרובות שלבים; תרגיל 9 — מורכב: חילוץ נתונים מתוך טבלה; תרגיל 10 — חזרה מסכמת: אתגר קונדיטוריית העוגות","0","","no","0","","","yes","8f18bb86d890df27b45a8002"
"כיתה י - 5 יח""ל","מפורסם","גיאומטריה","מעגל - בסיס","תרגול","מפורסם","0","","1","כיתה י - מעגל - משפטי בסיס וזוויות (1)-ohbhp3v0k79lGAkILUZuIAKK8PZYyU.pdf","no","0","","","yes","69d1149a7fdd11a95932c162"
"כיתה ח' - בסיס","מפורסם","פונקציות","מצב הדדי בין ישרים","תרגול","מפורסם","0","","1","כיתה ח - יחידה 2 - פונקציות - מצב הדדי בין ישרים-p1pXt85jHY9PQG0lVfOHSYonyxWEFo.pdf","yes","15490","","","yes","69ccef9e7bcad8f604ca6d38"
"כיתה ח' - בסיס","מפורסם","גיאומטריה","משולש שווה שוקיים","לימוד","מפורסם","0","","0","","no","0","","","no","69f458990dd97c526f9a65f9"
"כיתה י - 4 יח""ל","מפורסם","פונקציות","פונקצית מכפלה ומורכבת","לימוד","מפורסם","0","","1","כיתה י - יחידה 6.1 - פולינום - פונקציית מכפלה ומורכבת-TYejgANePAKQQ9yY7Q6FnosLk8i1UV.pdf","no","0","","","yes","69f4ae96b2cc57c8e784cc45"
"כיתה ט - מתקדם","מפורסם","גיאומטריה","קטע אמצעים בטרפז","תרגול","מפורסם","0","","1","כיתה ט' - יחידה 23 - קטע אמצעים -טרפז - גיאומטריה-vGz4qhoASERfT3Jz3fpop9Yk9fGarZ.pdf","no","0","","","yes","69ccfafb5f326f232727f689"
"כיתה יב - 4 יח""ל - 472","מפורסם","בגרויות","קיץ - 2024","בחינה","מפורסם","0","","1","processed_Math - 4units - 472 - 2024 - summer (2)-T2OooIRly0T9pIM7SsazbQ1pgh5mBb.pdf","no","0","","","yes","69ef9d8c7c5cc2a81f00dfcc"
"הכנה לכיתה ז","מפורסם","Orphaned lessons","שאלות חשיבה ושאלות מחיי היום יום","תרגול","מפורסם","0","","1","הכנה-כיתה-ז25-שאלות-מחיי-היום-יום-erKnIgV6CApsdwjk9cGkNis3Cxg0F2.pdf","no","0","","","yes","6a05ccfae2ffc5bd1dcdc2ee"
"הכנה לכיתה ז","מפורסם","Orphaned lessons","שאלות חשיבה ושאלות מחיי היום יום","תרגול","מפורסם","0","","1","הכנה-כיתה-ז25-שאלות-מחיי-היום-יום-erKnIgV6CApsdwjk9cGkNis3Cxg0F2.pdf","no","0","","","yes","6a688d6a90e1ad0cfe0c85e5"
"הכנה לכיתה ז","מפורסם","Orphaned lessons","שאלות חשיבה ושאלות מחיי היום יום","תרגול","מפורסם","0","","1","הכנה-כיתה-ז25-שאלות-מחיי-היום-יום-erKnIgV6CApsdwjk9cGkNis3Cxg0F2.pdf","no","0","","","yes","a02b6685613f7920f4356070"
"הכנה לכיתה ז","מפורסם","שבר עשרוני","שבר עשרוני - בעיות מילוליות","לימוד","מפורסם","10","למידה ראשונית (זיהוי חיבור וחיסור בבעיות מילוליות) — תרגיל 1; למידה ראשונית (זיהוי כפל וחילוק בבעיות מילוליות) — תרגיל 2; תרגול מעורב של שלב אחד — תרגיל 3; בעיות דו-שלביות (חיבור וחיסור בקניות) — תרגיל 4; בעיות דו-שלביות (כפל ואז חיסור או חיבור) — תרגיל 5; חלוקת תשלומים שווה בשווה (חיבור ואז חילוק) — תרגיל 6; גיאומטריה והמרת מידות — תרגיל 7; בעיות היגיון מרובות שלבים — תרגיל 8; חילוץ נתונים מתוך טבלה — תרגיל 9; אתגר קונדיטוריית העוגות — תרגיל 10","0","","no","0","","","yes","6a73232b21add1ce87ca1df1"
"הכנה לז' גיבוי","טיוטה","שבר עשרוני","שבר עשרוני - כפל ב-10 100 1000","לימוד","טיוטה","10","כפל ב-10 – הזזת הנקודה העשרונית — תרגיל 1; כפל ב-10 – תרגול והטמעה — תרגיל 2; כפל ב-100 – הזזה בשני מקומות — תרגיל 3; כפל ב-100 – תרגול והטמעה — תרגיל 4; כפל ב-1000 – הזזה בשלושה מקומות — תרגיל 5; כפל ב-1000 – תרגול והטמעה — תרגיל 6; כפל ב-10, 100, 1000 – השוואת תוצאות — תרגיל 7; פיתוח חשיבה לאחור — תרגיל 8; יישום יומיומי של כפל בשבר עשרוני — תרגיל 9; כפל בשבר עשרוני – מורכבות ויישום — תרגיל 10","0","","no","0","","","yes","6a7454a2fc7d19d634c258cd"
"הכנה לכיתה ז","מפורסם","שברים","שברים - חילוק","לימוד","מפורסם","10","הכרת הופכי ושער הכניסה לחילוק שברים — תרגיל 1; חילוק שלם בשבר יחידה — תרגיל 2; חילוק שבר בשלם — תרגיל 3; חילוק שבר בשבר – שלב א' — תרגיל 4; חילוק שבר בשבר – שלב ב' (עם צמצום) — תרגיל 5; חילוק מספרים מעורבים – שלב א' (הכנה) — תרגיל 6; חילוק מספרים מעורבים – שלב ב' — תרגיל 7; סדר פעולות חשבון עם חילוק שברים — תרגיל 8; בעיות מילוליות מורכבות — תרגיל 9; אתגרי חילוק שברים — תרגיל 10","0","","no","0","","","yes","6a7327f680fc90dffd8f012c"
"","","","שטח משולש","לימוד","מפורסם","10","מוטיבציה ולמידה ראשונית של נוסחת שטח משולש — תרגיל 1; חישוב שטח משולש חד-זווית (גובה פנימי) — תרגיל 2; חישוב שטח משולש ישר-זווית (שימוש בניצבים) — תרגיל 3; חישוב שטח משולש קהה-זווית (גובה חיצוני) — תרגיל 4; זהירות ממסיחים (צלעות צידיות מיותרות) — תרגיל 5; מציאת גובה חסר מתוך השטח — תרגיל 6; מציאת בסיס חסר מתוך השטח — תרגיל 7; חישוב שטח והיקף יחד — תרגיל 8; משולש אחד עם שני גבהים שונים — תרגיל 9; אתגר מפרש הסירה המשולש של הוועד הכיתתי! — תרגיל 10","0","","no","0","","","yes","6a454a4ca9cc8ff5b903d344"
"","","","שטח משולש","לימוד","מפורסם","10","מוטיבציה ולמידה ראשונית של נוסחת שטח משולש — תרגיל 1; חישוב שטח משולש חד-זווית (גובה פנימי) — תרגיל 2; חישוב שטח משולש ישר-זווית (שימוש בניצבים) — תרגיל 3; חישוב שטח משולש קהה-זווית (גובה חיצוני) — תרגיל 4; זהירות ממסיחים (צלעות צידיות מיותרות) — תרגיל 5; מציאת גובה חסר מתוך השטח — תרגיל 6; מציאת בסיס חסר מתוך השטח — תרגיל 7; חישוב שטח והיקף יחד — תרגיל 8; משולש אחד עם שני גבהים שונים — תרגיל 9; אתגר מפרש הסירה המשולש של הוועד הכיתתי! — תרגיל 10","0","","no","0","","","yes","6a688d6a90e1ad0cfe0c85e1"
"","","","שטח משולש","לימוד","מפורסם","10","מוטיבציה ולמידה ראשונית של נוסחת שטח משולש — תרגיל 1; חישוב שטח משולש חד-זווית (גובה פנימי) — תרגיל 2; חישוב שטח משולש ישר-זווית (שימוש בניצבים) — תרגיל 3; חישוב שטח משולש קהה-זווית (גובה חיצוני) — תרגיל 4; זהירות ממסיחים (צלעות צידיות מיותרות) — תרגיל 5; מציאת גובה חסר מתוך השטח — תרגיל 6; מציאת בסיס חסר מתוך השטח — תרגיל 7; חישוב שטח והיקף יחד — תרגיל 8; משולש אחד עם שני גבהים שונים — תרגיל 9; אתגר מפרש הסירה המשולש של הוועד הכיתתי! — תרגיל 10","0","","no","0","","","yes","ba4e2b2778a03c66bc2efc18"
"כיתה יב - 5 יח""ל - 572","מפורסם","בגרות","2023 - מועד ב","בחינה","מפורסם","0","","0","","no","0","","","no","69f1cd57072df177958e7145"
"הכנה לכיתה ז","מפורסם","אחוזים","אחוז בסיס","לימוד","מפורסם","10","מהו אחוז? הבנת המושג הבסיסי — תרגיל 1; המרה – אחוז, שבר עשרוני, שבר פשוט — תרגיל 2; חישוב אחוז מכמות נתונה (מציאת חלק) — תרגיל 3; מציאת חלק בבעיה מילולית — תרגיל 4; זיהוי ה""שלם"" החסר – המבוא ל""אחוז בסיס"" — תרגיל 5; הצגת הקשר – בניית פרופורציה או משוואה — תרגיל 6; מציאת השלם – מספרים פשוטים — תרגיל 7; מציאת השלם – בעיה מילולית 1 — תרגיל 8; מציאת השלם – בעיה מילולית 2 — תרגיל 9; בעיה דו-שלבית עם אחוז בסיס — תרגיל 10","0","","no","0","","","yes","6a7444f78f2d982c3c8489cd"
"הכנה לז' גיבוי","טיוטה","אחוזים","אחוז בסיס","לימוד","טיוטה","10","מהו אחוז? הבנת המושג הבסיסי — תרגיל 1; המרה – אחוז, שבר עשרוני, שבר פשוט — תרגיל 2; חישוב אחוז מכמות נתונה (מציאת חלק) — תרגיל 3; מציאת חלק בבעיה מילולית — תרגיל 4; זיהוי ה""שלם"" החסר – המבוא ל""אחוז בסיס"" — תרגיל 5; הצגת הקשר – בניית פרופורציה או משוואה — תרגיל 6; מציאת השלם – מספרים פשוטים — תרגיל 7; מציאת השלם – בעיה מילולית 1 — תרגיל 8; מציאת השלם – בעיה מילולית 2 — תרגיל 9; בעיה דו-שלבית עם אחוז בסיס — תרגיל 10","0","","no","0","","","yes","6a7454a2fc7d19d634c258ce"
"כיתה ח' - בסיס","מפורסם","אלגברה","אחוזים","לימוד","מפורסם","0","","0","","no","0","","","no","69f44cf64a229d08c9962462"
"כיתה ז׳","מפורסם","מבחנים","בחינה 8 - סדר פעולות, משוואות בעיות, משולש ומלבן","בחינה","מפורסם","0","","1","כיתה ז - מבחן סימולציה 8 - ביטוים אלגברים, מספרים מכוונים, משוואות ומשולשים (2)-2.pdf","no","0","","","yes","69638aa71fdb2dbbed3820a6"
"כיתה ט - מתקדם","מפורסם","אלגברה","בעיות מילוליות 1","תרגול","מפורסם","0","","1","כיתה ט' - יחידה 6 - בעיות מילוליות - אלגברה - 70 תרגילים-HSqESZOMRfMB5dU6kjb1Ac7x3FLY8p.pdf","no","0","","","yes","69cce716199baaba55216d1f"
"כיתה ט - בסיס","מפורסם","גיאומטריה","דימיון משולשים","תרגול","מפורסם","0","","0","","no","0","","","no","69cec82e36f6e60c623e5f28"
"כיתה ח' - בסיס","מפורסם","גיאומטריה","דלתון","לימוד","מפורסם","0","","1","קטעים מיוחדים במשולש-FovzrniRVRBGKyS1wbjPUcZgERI4C5.pdf","yes","22119","","","yes","69f45a64866993daf0dcdc06"
"","","","הגדרת המעגל","לימוד","מפורסם","10","מוטיבציה ולמידה ראשונית של הגדרת המעגל — תרגיל 1; הרדיוס (מחבר המרכז להיקף) — תרגיל 2; הקוטר (עובר דרך המרכז) — תרגיל 3; המיתר (מחבר שתי נקודות על המעגל) — תרגיל 4; קשת וגזרה (חלקי המעגל) — תרגיל 5; מיתרים שווים והמרחק שלהם מהמרכז — תרגיל 6; זוויות במעגל - זווית מרכזית — תרגיל 7; היקף המעגל (מושג ראשוני ואינטואיציה) — תרגיל 8; משיק למעגל ותכונת האנכיות — תרגיל 9; אתגר קרוסלת גן השעשועים העגולה! — תרגיל 10","0","","no","0","","","yes","6a455a711ae7f6dc354dc0ab"
"","","","הגדרת המעגל","לימוד","מפורסם","10","מוטיבציה ולמידה ראשונית של הגדרת המעגל — תרגיל 1; הרדיוס (מחבר המרכז להיקף) — תרגיל 2; הקוטר (עובר דרך המרכז) — תרגיל 3; המיתר (מחבר שתי נקודות על המעגל) — תרגיל 4; קשת וגזרה (חלקי המעגל) — תרגיל 5; מיתרים שווים והמרחק שלהם מהמרכז — תרגיל 6; זוויות במעגל - זווית מרכזית — תרגיל 7; היקף המעגל (מושג ראשוני ואינטואיציה) — תרגיל 8; משיק למעגל ותכונת האנכיות — תרגיל 9; אתגר קרוסלת גן השעשועים העגולה! — תרגיל 10","0","","no","0","","","yes","9d7c0512a0805e13a579d45b"
"כיתה ח' - מתקדם","מפורסם","אלגברה","ח | שברים אלגבריים - יחס","תרגול","מפורסם","40","תרגיל 1; תרגיל 2; תרגיל 3; תרגיל 4; תרגיל 5; תרגיל 6; תרגיל 7; תרגיל 8; תרגיל 9; תרגיל 10; תרגיל 11; תרגיל 12; תרגיל 13; תרגיל 14; תרגיל 15; תרגיל 16; תרגיל 17; תרגיל 18; תרגיל 19; תרגיל 20; תרגיל 21; תרגיל 22; תרגיל 23; תרגיל 24; תרגיל 25; תרגיל 26; תרגיל 27; תרגיל 28; תרגיל 29; תרגיל 30; תרגיל 31; תרגיל 32; תרגיל 33; תרגיל 34; תרגיל 35; תרגיל 36; תרגיל 37; תרגיל 38; תרגיל 39; תרגיל 40","0","","no","0","","","yes","69eb1b86ecc3a900bbc7f2ed"
"כיתה יב - 4 יח""ל - 472","מפורסם","בגרויות","חורף - 2024","בחינה","מפורסם","0","","1","processed_Math - 4units - 472 - 2024 - winter (10)-Tv6iXZLlkfDoRp9CTiPLhmGIsYsHpa.pdf","no","0","","","yes","69ef9daadd9c9d0b0fff5aee"
"כיתה יא - 3 יח""ל - 371","מפורסם","בחינות בגרות","מועד ב - 2023","בחינה","מפורסם","0","","1","משולש ישר טריגונמטריהזווית-ltLIg2m9VmacTGVj4HIruQGRGOaPN4.pdf","no","0","","","yes","69f5949b3440b2a807311693"
"כיתה י - 3 יח""ל - 172","מפורסם","בחינות סימולציה","מועד ב- 2023","בחינה","מפורסם","0","","0","","no","0","","","no","69f4a7bb63acdcbaea7277ae"
"כיתה ט - בסיס","מפורסם","גיאומטריה","מלבן","תרגול","מפורסם","0","","0","","no","0","","","no","69cec7e44041e7d9e4177525"
"כיתה ז׳","מפורסם","כיתה ז - אלגברה","מספרים מכוונים","לימוד","מפורסם","0","","0","","no","0","","","no","69eb1b86ecc3a900bbc7f2d3"
"כיתה י - 5 יח""ל","מפורסם","גיאומטריה","מעגל - זוויות","תרגול","מפורסם","0","","1","כיתה י - שיעור 26 - גיאומטריה - מעגל - זוויות.pdf","no","0","","","yes","6996a61ef9264f86be82f945"
"כיתה ט - בסיס","מפורסם","גיאומטריה","מעוין","תרגול","מפורסם","0","","0","","no","0","","","no","69cec7f8ad9e25ede9496bbd"
"כיתה ז׳","מפורסם","כיתה ז - גרפים ופונקציות","מערכת צירים","לימוד","מפורסם, לא פעיל","0","","1","כיתה ז - יחידה 8- מערכת צירים.pdf","no","0","","","yes","695fd31f41b5ad694bcbff3c"
"כיתה ט - בסיס","מפורסם","גיאומטריה","מקבילית","תרגול","מפורסם","0","","0","","no","0","","","no","69cec6fc84eb0515c8f74136"
"כיתה ז׳","מפורסם","כיתה ז - גיאומטריה","מרחק, ניצבות, והקבלה","לימוד","מפורסם, לא פעיל","0","","1","כיתה ז - יחידה 11 - ניצבות והקבלה-2.pdf","no","0","","","yes","695fd5ca5cf91da562c11f7a"
"כיתה ט - מתקדם","מפורסם","אלגברה","משוואות - אתגר","תרגול","מפורסם","5","תרגיל 1; תרגיל 2; תרגיל 3; תרגיל 4; תרגיל 5","0","","no","0","","","yes","69eb1b86ecc3a900bbc7f307"
"הכנה לכיתה ז","מפורסם","גאומטריה","משולש תכונות","לימוד","מפורסם","10","הכרת המשולש – צלעות, קודקודים וזוויות — תרגיל 1; סכום הזוויות במשולש – קסם ה-180 מעלות — תרגיל 2; מציאת זווית חסרה במשולש — תרגיל 3; סיווג משולשים לפי זוויות — תרגיל 4; סיווג משולשים לפי צלעות — תרגיל 5; משולש שווה שוקיים – זוויות בסיס שוות — תרגיל 6; משולש שווה צלעות – מיוחד מאוד! — תרגיל 7; הקשר בין צלעות לזוויות – מי גדול יותר? — תרגיל 8; אי שוויון המשולש – האם אפשר לבנות משולש? — תרגיל 9; שילוב תכונות משולש — תרגיל 10","0","","no","0","","","yes","6a743867b2431a04ab094d5d"
"","","","נקודות וקטעים","לימוד","מפורסם","10","תרגיל 1; תרגיל 2; תרגיל 3; תרגיל 4; תרגיל 5; תרגיל 6; תרגיל 7; תרגיל 8; תרגיל 9; תרגיל 10","0","","no","0","","","yes","6a4376221c0cac48e621f07a"
"כיתה י - 4 יח""ל","מפורסם","פונקציות","פונקצית מכפלה ומורכבת","תרגול","מפורסם","0","","1","כיתה י - יחידה 6.1 - פולינום - פונקציית מכפלה ומורכבת-TYejgANePAKQQ9yY7Q6FnosLk8i1UV.pdf","no","0","","","yes","69f4ae83365fbd8dcb5bb5d9"
"הכנה לכיתה ז","מפורסם","Orphaned lessons","קנה מידה","תרגול","מפורסם","0","","1","הכנה-כיתה-ז22-קנה-מידה-S4TtMAOC7Wj1zNHv7yFY9BKEZyCADo.pdf","no","0","","","yes","6a4611f9685bb317cd2e4f08"
"הכנה לכיתה ז","מפורסם","Orphaned lessons","קנה מידה","תרגול","מפורסם","0","","1","הכנה-כיתה-ז22-קנה-מידה-S4TtMAOC7Wj1zNHv7yFY9BKEZyCADo.pdf","no","0","","","yes","6a688d6a90e1ad0cfe0c85e8"
"הכנה לכיתה ז","מפורסם","Orphaned lessons","קנה מידה","תרגול","מפורסם","0","","1","הכנה-כיתה-ז22-קנה-מידה-S4TtMAOC7Wj1zNHv7yFY9BKEZyCADo.pdf","no","0","","","yes","91c8808468e20f3aabcb5fd6"
"הכנה לז' גיבוי","טיוטה","שבר עשרוני","שבר עשרוני - בסיס","לימוד","טיוטה","10","הכרת העשיריות – השער לעולם העשרוני — תרגיל 1; הכרת המאיות – דיוק נוסף — תרגיל 2; מעבר משבר פשוט לשבר עשרוני (ולהפך) — תרגיל 3; קריאה וכתיבה של מספרים עשרוניים — תרגיל 4; זיהוי מקום עשרוני והערך שלו — תרגיל 5; מספרים עשרוניים גדולים מ-1 — תרגיל 6; מי יותר גדול? — תרגיל 7; שברים עשרוניים על ישר המספרים — תרגיל 8; אלפיות – קפיצה אחרונה לבסיס — תרגיל 9; בעיות מילוליות משולבות — תרגיל 10","0","","no","0","","","yes","6a7454a2fc7d19d634c258cf"
"הכנה לכיתה ז","מפורסם","שברים","שברים - בעיות מילוליות","לימוד","מפורסם","10","חיבור וחיסור שברים בעלי מכנה זהה — תרגיל 1; חיבור וחיסור שברים ממספר שלם — תרגיל 2; חיבור וחיסור שברים בעלי מכנים שונים — תרגיל 3; חיבור וחיסור של מספרים מעורבים עם מכנים שונים — תרגיל 4; כפל שבר במספר שלם (""חלק מכמות"") — תרגיל 5; כפל שבר בשבר (""חלק מחלק"") — תרגיל 6; חילוק שברים (""כמה פעמים נכנס?"") — תרגיל 7; חילוק שברים - מציאת השלם — תרגיל 8; חיבור/חיסור בשילוב עם כפל/חילוק — תרגיל 9; בעיות מורכבות יותר — תרגיל 10","0","","no","0","","","yes","6a7440758ebcff2f55557599"
"","","","שברים - חילוק","לימוד","מפורסם","10","תרגיל 1 – מנחה: מוטיבציה ולמידה ראשונית (כמה פעמים השבר נכנס בשלם?); תרגיל 2 – בסיס: הכרת המספר ה""הופכי""; תרגיל 3 – בסיס: חוק הקסם של חילוק שברים (כפל בהופכי); תרגיל 4 – הבנה: חלוקת שבר במספר שלם; תרגיל 5 – הבנה: האם חילוק תמיד מקטין?; תרגיל 6 – חשיבה: טריק הצמצום באלכסון לפני הכפל; תרגיל 7 – חשיבה מורכבת: חילוק שברים מעורבים; תרגיל 8 – שילוב: בעיות מילוליות (מי מחלק את מי?); תרגיל 9 – מורכב: בעיות רב-שלביות (חיבור/חיסור ואז חילוק); תרגיל 10 – חזרה מסכמת: אתגר המאפייה (המרות, חילוק והיגיון)","0","","no","0","","","yes","6a4273b3af869e420b834f15"
"","","","שברים - חילוק","לימוד","מפורסם","10","תרגיל 1 – מנחה: מוטיבציה ולמידה ראשונית (כמה פעמים השבר נכנס בשלם?); תרגיל 2 – בסיס: הכרת המספר ה""הופכי""; תרגיל 3 – בסיס: חוק הקסם של חילוק שברים (כפל בהופכי); תרגיל 4 – הבנה: חלוקת שבר במספר שלם; תרגיל 5 – הבנה: האם חילוק תמיד מקטין?; תרגיל 6 – חשיבה: טריק הצמצום באלכסון לפני הכפל; תרגיל 7 – חשיבה מורכבת: חילוק שברים מעורבים; תרגיל 8 – שילוב: בעיות מילוליות (מי מחלק את מי?); תרגיל 9 – מורכב: בעיות רב-שלביות (חיבור/חיסור ואז חילוק); תרגיל 10 – חזרה מסכמת: אתגר המאפייה (המרות, חילוק והיגיון)","0","","no","0","","","yes","6a688d6a90e1ad0cfe0c85e7"
"","","","שברים - חילוק","לימוד","מפורסם","10","תרגיל 1 – מנחה: מוטיבציה ולמידה ראשונית (כמה פעמים השבר נכנס בשלם?); תרגיל 2 – בסיס: הכרת המספר ה""הופכי""; תרגיל 3 – בסיס: חוק הקסם של חילוק שברים (כפל בהופכי); תרגיל 4 – הבנה: חלוקת שבר במספר שלם; תרגיל 5 – הבנה: האם חילוק תמיד מקטין?; תרגיל 6 – חשיבה: טריק הצמצום באלכסון לפני הכפל; תרגיל 7 – חשיבה מורכבת: חילוק שברים מעורבים; תרגיל 8 – שילוב: בעיות מילוליות (מי מחלק את מי?); תרגיל 9 – מורכב: בעיות רב-שלביות (חיבור/חיסור ואז חילוק); תרגיל 10 – חזרה מסכמת: אתגר המאפייה (המרות, חילוק והיגיון)","0","","no","0","","","yes","1d3d87924e00ef171855629d"
"10th Grade - 5 Units","מפורסם","Function","Polynomial function - summary exercises","תרגול","מפורסם","0","","0","","no","0","","","no","69c4ef0db14972e2128d6033"
"כיתה יב - 5 יח""ל - 572","מפורסם","בגרות","2023 - קיץ","בחינה","מפורסם","0","","0","","no","0","","","no","69f1cdef47cb09802104c0df"
"הכנה לכיתה ז","מפורסם","אחוזים","אחוז - חישוב אחוז משלם","לימוד","מפורסם","10","מוטיבציה ולמידה ראשונית של אחוזים (100% ו-50%) — תרגיל 1; קסם ה-10% (חלוקה ב-10) — תרגיל 2; שימוש ב-10% כדי למצוא כפולות (20%, 30%...) — תרגיל 3; למצוא את האחוז הבודד (1%) — תרגיל 4; בנייה של אחוזים בעזרת 1% ו-10% (למשל 5% או 3%) — תרגיל 5; שברים ואחוזים מוכרים (25%, 75%, 20%) — תרגיל 6; נוסחת חישוב האחוז (כפל בשבר) — תרגיל 7; בעיות מילוליות מחיי היומיום (הנחות והוזלות) — תרגיל 8; בעיות מילוליות (תוספות, טיפ ומע""מ) — תרגיל 9; אתגר הקנייה הרב-שלבית בסופרמרקט — תרגיל 10","0","","no","0","","","yes","6a744611f81b54eb969dbada"
"הכנה לז' גיבוי","טיוטה","אחוזים","אחוז - חישוב אחוז משלם","לימוד","טיוטה","10","מוטיבציה ולמידה ראשונית של אחוזים (100% ו-50%) — תרגיל 1; קסם ה-10% (חלוקה ב-10) — תרגיל 2; שימוש ב-10% כדי למצוא כפולות (20%, 30%...) — תרגיל 3; למצוא את האחוז הבודד (1%) — תרגיל 4; בנייה של אחוזים בעזרת 1% ו-10% (למשל 5% או 3%) — תרגיל 5; שברים ואחוזים מוכרים (25%, 75%, 20%) — תרגיל 6; נוסחת חישוב האחוז (כפל בשבר) — תרגיל 7; בעיות מילוליות מחיי היומיום (הנחות והוזלות) — תרגיל 8; בעיות מילוליות (תוספות, טיפ ומע""מ) — תרגיל 9; אתגר הקנייה הרב-שלבית בסופרמרקט — תרגיל 10","0","","no","0","","","yes","6a7454a2fc7d19d634c258d0"
"כיתה ז׳","מפורסם","מבחנים","בחינה 9 - סדר פעולות, משוואות בעיות, משולש ומלבן","בחינה","מפורסם","0","","1","כיתה ז - מבחן סימולציה 9 - חוקיות , ביטוים אלגברים ומלבנים-3-4m29InufT10rO2IiToAhOpYeJFrPRm.pdf","no","0","","","yes","69ee120d057dc90c5d022a6e"
"","","","בעיות מילוליות שברים","לימוד","מפורסם","10","תרגיל 1 – מנחה: שלב אחד – חיבור וחיסור שברים; תרגיל 2 – מנחה: שלב אחד – כפל שברים (חלק מתוך כמות); תרגיל 3 – בסיס: שלב אחד – חילוק שברים; תרגיל 4 – הבנה: זיהוי הפעולה הנכונה (מבחן מיון); תרגיל 5 – חשיבה: בעיות של שני שלבים (חיבור וחיסור מהשלם); תרגיל 6 – חשיבה מורכבת: בעיות של שני שלבים (חלק מהשארית); תרגיל 7 – שילוב: בעיות דו-שלביות (כפל עם חיבור/חיסור); תרגיל 8 – מורכב: בעיות מילוליות משולבות עם חילוק; תרגיל 9 – חשיבה: כתיבת משוואת שרשרת מתקדמת (סדר פעולות חשבון); תרגיל 10 – חזרה מסכמת: אתגר המסיבה הגדול! (כל הפעולות יחד)","0","","no","0","","","yes","6a4284d6884e1879057bad00"
"","","","בעיות מילוליות שברים","לימוד","מפורסם","10","תרגיל 1 – מנחה: שלב אחד – חיבור וחיסור שברים; תרגיל 2 – מנחה: שלב אחד – כפל שברים (חלק מתוך כמות); תרגיל 3 – בסיס: שלב אחד – חילוק שברים; תרגיל 4 – הבנה: זיהוי הפעולה הנכונה (מבחן מיון); תרגיל 5 – חשיבה: בעיות של שני שלבים (חיבור וחיסור מהשלם); תרגיל 6 – חשיבה מורכבת: בעיות של שני שלבים (חלק מהשארית); תרגיל 7 – שילוב: בעיות דו-שלביות (כפל עם חיבור/חיסור); תרגיל 8 – מורכב: בעיות מילוליות משולבות עם חילוק; תרגיל 9 – חשיבה: כתיבת משוואת שרשרת מתקדמת (סדר פעולות חשבון); תרגיל 10 – חזרה מסכמת: אתגר המסיבה הגדול! (כל הפעולות יחד)","0","","no","0","","","yes","6a688d6a90e1ad0cfe0c85eb"
"","","","בעיות מילוליות שברים","לימוד","מפורסם","10","תרגיל 1 – מנחה: שלב אחד – חיבור וחיסור שברים; תרגיל 2 – מנחה: שלב אחד – כפל שברים (חלק מתוך כמות); תרגיל 3 – בסיס: שלב אחד – חילוק שברים; תרגיל 4 – הבנה: זיהוי הפעולה הנכונה (מבחן מיון); תרגיל 5 – חשיבה: בעיות של שני שלבים (חיבור וחיסור מהשלם); תרגיל 6 – חשיבה מורכבת: בעיות של שני שלבים (חלק מהשארית); תרגיל 7 – שילוב: בעיות דו-שלביות (כפל עם חיבור/חיסור); תרגיל 8 – מורכב: בעיות מילוליות משולבות עם חילוק; תרגיל 9 – חשיבה: כתיבת משוואת שרשרת מתקדמת (סדר פעולות חשבון); תרגיל 10 – חזרה מסכמת: אתגר המסיבה הגדול! (כל הפעולות יחד)","0","","no","0","","","yes","6450a5e8eb29405ab2a82e18"
"הכנה לכיתה ז","מפורסם","גאומטריה","גיאומטריה - מקבילית - תכונות","לימוד","מפורסם","10","זיהוי מקבילית ותכונת צלעות נגדיות שוות — תרגיל 1; חישוב היקף מקבילית וצלעות חסרות — תרגיל 2; תכונת זוויות נגדיות במקבילית — תרגיל 3; תכונת זוויות סמוכות במקבילית — תרגיל 4; שילוב תכונות צלעות וזוויות — תרגיל 5; תכונת האלכסונים במקבילית — תרגיל 6; מציאת זוויות באלכסונים/משולשים — תרגיל 7; בעיית מילים עם מקבילית — תרגיל 8; מקבילית עם נעלמים אלגבריים — תרגיל 9; זיהוי וסיכום תכונות מקבילית — תרגיל 10","0","","no","0","","","yes","6a7439f9b2431a04ab0954ec"
"כיתה ז׳","מפורסם","כיתה ז - גרפים ופונקציות","ז | מערכת צירים - מערכת צירים קרטזית","לימוד","מפורסם","26","תרגיל 1; תרגיל 2; תרגיל 3; תרגיל 4; תרגיל 5; תרגיל 6; תרגיל 7; תרגיל 8; תרגיל 9; תרגיל 10; תרגיל 11; תרגיל 12; תרגיל 13; תרגיל 14; תרגיל 15; תרגיל 16; תרגיל 17; תרגיל 18; תרגיל 19; תרגיל 20; תרגיל 21; תרגיל 22; תרגיל 23; תרגיל 24; תרגיל 25; תרגיל 26","0","","no","0","","","yes","69eb1b86ecc3a900bbc7f2db"
"כיתה ט - מתקדם","מפורסם","אלגברה","ט | שאלות מילוליות - בעיות מילוליות","לימוד","מפורסם","75","תרגיל 1; תרגיל 2; תרגיל 3; תרגיל 4; תרגיל 5; תרגיל 6; תרגיל 7; תרגיל 8; תרגיל 9; תרגיל 10; תרגיל 11; תרגיל 12; תרגיל 13; תרגיל 14; תרגיל 15; תרגיל 16; תרגיל 17; תרגיל 18; תרגיל 19; תרגיל 20; תרגיל 21; תרגיל 22; תרגיל 23; תרגיל 24; תרגיל 25; תרגיל 26; תרגיל 27; תרגיל 28; תרגיל 29; תרגיל 30; תרגיל 31; תרגיל 32; תרגיל 33; תרגיל 34; תרגיל 35; תרגיל 36; תרגיל 37; תרגיל 38; תרגיל 39; תרגיל 40; תרגיל 41; תרגיל 42; תרגיל 43; תרגיל 44; תרגיל 45; תרגיל 46; תרגיל 47; תרגיל 48; תרגיל 49; תרגיל 50; תרגיל 51; תרגיל 52; תרגיל 53; תרגיל 54; תרגיל 55; תרגיל 56; תרגיל 57; תרגיל 58; תרגיל 59; תרגיל 60; תרגיל 61; תרגיל 62; תרגיל 63; תרגיל 64; תרגיל 65; תרגיל 66; תרגיל 67; תרגיל 68; תרגיל 69; תרגיל 70; תרגיל 71; תרגיל 72; תרגיל 73; תרגיל 74; תרגיל 75","0","","no","0","","","yes","69eb1b86ecc3a900bbc7f309"
"כיתה יב - 4 יח""ל - 472","מפורסם","בגרויות","מועד ב - 2023","בחינה","מפורסם","0","","1","processed_Math - 4units - 472 - 2023 - moed b (1)-BxkQKwnVRGOtFQp3Toc5wTuDAfAtb0.pdf","no","0","","","yes","69efaa97bc2a1ee1fc99a492"
"הכנה לכיתה ז","מפורסם","גאומטריה","מלבן - תכונות","לימוד","מפורסם","10","הכרת תכונת הצלעות הנגדיות במלבן — תרגיל 1; הכרת תכונת הזוויות הישרות במלבן — תרגיל 2; שילוב תכונות צלעות וזוויות — תרגיל 3; הכרת תכונת האלכסונים השווים — תרגיל 4; הכרת תכונת חציית האלכסונים — תרגיל 5; יישום משולב של תכונות האלכסונים — תרגיל 6; חישוב צלעות וזוויות באמצעות משוואות — תרגיל 7; חישוב אלכסונים באמצעות משוואות — תרגיל 8; יישום משולב של מספר תכונות — תרגיל 9; הוכחה ויישום מתקדם של תכונות המלבן — תרגיל 10","0","","no","0","","","yes","6a7437147ffea3151f49b487"
"כיתה ז׳","מפורסם","כיתה ז - אלגברה","מספרים מכוונים - חיבור וחיסור","לימוד","מפורסם","0","","0","","no","0","","","no","6a0a88e45455894ac9b6d920"
"הכנה לכיתה ז","מפורסם","Orphaned lessons","משימה מסכמת 2","תרגול","מפורסם","0","","1","הכנה-כיתה-ז18-מסכמת-חציבת-מנהרה-3LbrlCUhrl9HpIeW6bLCCmSsO0nzVy.pdf","no","0","","","yes","6a05cd7fe2ffc5bd1dcdc35d"
"הכנה לכיתה ז","מפורסם","Orphaned lessons","משימה מסכמת 2","תרגול","מפורסם","0","","1","הכנה-כיתה-ז18-מסכמת-חציבת-מנהרה-3LbrlCUhrl9HpIeW6bLCCmSsO0nzVy.pdf","no","0","","","yes","6a688d6a90e1ad0cfe0c85ec"
"הכנה לכיתה ז","מפורסם","Orphaned lessons","משימה מסכמת 2","תרגול","מפורסם","0","","1","הכנה-כיתה-ז18-מסכמת-חציבת-מנהרה-3LbrlCUhrl9HpIeW6bLCCmSsO0nzVy.pdf","no","0","","","yes","d4da7cc5f6228ffd8f4ffc73"
"כיתה ז׳","מפורסם","כיתה ז - גרפים ופונקציות","פונקציות: תרגילים","לימוד","מפורסם, לא פעיל","0","","1","כיתה ז - יחידה 9- פונקציות.pdf","no","0","","","yes","695fd3f92d097050944a2e73"
"כיתה ח' - בסיס","מפורסם","גיאומטריה","קווים מקבילים","לימוד","מפורסם","0","","0","","no","0","","","no","69f44f6e5724b9b8e1d4cbf4"
"כיתה י - 3 יח""ל - 172","מפורסם","בחינות סימולציה","קיץ - 2023","בחינה","מפורסם","0","","0","","no","0","","","no","69f4a7fe7df3372397f0c588"
"כיתה יא - 3 יח""ל - 371","מפורסם","בחינות בגרות","קיץ - 2023","בחינה","מפורסם","0","","1","משולש ישר טריגונמטריהזווית-ltLIg2m9VmacTGVj4HIruQGRGOaPN4.pdf","no","0","","","yes","69f594afef7ee56187b462f7"
"כיתה י - 4 יח""ל","מפורסם","פונקציות","קשר בין גרף הנגזרת והפונקציה","לימוד","מפורסם","0","","1","כיתה י - שיעור 12 - קשר בין גרף הפונקציה לנגזרת - פולינום.pdf","no","0","","","yes","69f4af0146d4710b341df432"
"הכנה לז' גיבוי","טיוטה","שבר עשרוני","שבר עשרוני - חיבור וחיסור","לימוד","טיוטה","10","הכרת המבנה והיישור בשבר עשרוני — תרגיל 1; חיבור וחיסור שברים עשרוניים ללא המרה (רגרופ) - עזרים ויזואליים — תרגיל 2; חיבור שברים עשרוניים ללא המרה (Regrouping) — תרגיל 3; חיסור שברים עשרוניים ללא המרה (Borrowing) — תרגיל 4; חיבור שברים עשרוניים עם המרה (Regrouping) — תרגיל 5; חיסור שברים עשרוניים עם המרה (Borrowing) — תרגיל 6; חיבור וחיסור שברים עשרוניים עם מספר שונה של ספרות אחרי הנקודה — תרגיל 7; בעיות מילוליות חד-שלביות — תרגיל 8; בעיות מילוליות רב-שלביות — תרגיל 9; איתור טעויות, השלמת נתונים ויצירה — תרגיל 10","0","","no","0","","","yes","6a7454a2fc7d19d634c258d1"
"הכנה לז' גיבוי","טיוטה","שברים","שברים - חילוק","לימוד","טיוטה","10","הכרת הופכי ושער הכניסה לחילוק שברים — תרגיל 1; חילוק שלם בשבר יחידה — תרגיל 2; חילוק שבר בשלם — תרגיל 3; חילוק שבר בשבר – שלב א' — תרגיל 4; חילוק שבר בשבר – שלב ב' (עם צמצום) — תרגיל 5; חילוק מספרים מעורבים – שלב א' (הכנה) — תרגיל 6; חילוק מספרים מעורבים – שלב ב' — תרגיל 7; סדר פעולות חשבון עם חילוק שברים — תרגיל 8; בעיות מילוליות מורכבות — תרגיל 9; אתגרי חילוק שברים — תרגיל 10","0","","no","0","","","yes","6a7454a2fc7d19d634c258d2"
"כיתה ז׳","מפורסם","כיתה ז - גיאומטריה","שטח והיקף מלבן","לימוד","מפורסם, לא פעיל","0","","1","כיתה ז - יחידה 13 - שטח משולש.pdf","yes","5742","","","yes","695fd602a8a93f174bd0871e"
"","","","תיבה וקוביה","לימוד","מפורסם","10","מוטיבציה ולמידה ראשונית של גופים תלת-ממדיים (תיבה וקוביה) — תרגיל 1; מבנה התיבה - קדקודים, מקצועות (צלעות) ופאות — תרגיל 2; תכונות הפאות של התיבה (מלבנים נגדיים וזהים) — תרגיל 3; הקוביה – מקרה פרטי מיוחד של תיבה (כל הפאות ריבועים) — תרגיל 4; חישוב נפח תיבה (אורך כפול רוחב כפול גובה) — תרגיל 5; חישוב נפח קוביה (צלע כפול צלע כפול צלע) — תרגיל 6; מציאת מימד חסר (גובה/אורך/רוחב) מתוך הנפח — תרגיל 7; חישוב שטח פנים של תיבה וקוביה (מושג ראשוני) — תרגיל 8; פריסה של תיבה וקוביה (דו-ממד לתלת-ממד) — תרגיל 9; אתגר קופסת המתנה וקוביות המשחק של הוועד! — תרגיל 10","0","","no","0","","","yes","6a461f0e284bfe6dc50ee90f"
"","","","תיבה וקוביה","לימוד","מפורסם","10","מוטיבציה ולמידה ראשונית של גופים תלת-ממדיים (תיבה וקוביה) — תרגיל 1; מבנה התיבה - קדקודים, מקצועות (צלעות) ופאות — תרגיל 2; תכונות הפאות של התיבה (מלבנים נגדיים וזהים) — תרגיל 3; הקוביה – מקרה פרטי מיוחד של תיבה (כל הפאות ריבועים) — תרגיל 4; חישוב נפח תיבה (אורך כפול רוחב כפול גובה) — תרגיל 5; חישוב נפח קוביה (צלע כפול צלע כפול צלע) — תרגיל 6; מציאת מימד חסר (גובה/אורך/רוחב) מתוך הנפח — תרגיל 7; חישוב שטח פנים של תיבה וקוביה (מושג ראשוני) — תרגיל 8; פריסה של תיבה וקוביה (דו-ממד לתלת-ממד) — תרגיל 9; אתגר קופסת המתנה וקוביות המשחק של הוועד! — תרגיל 10","0","","no","0","","","yes","6a688d6a90e1ad0cfe0c85ea"
"","","","תיבה וקוביה","לימוד","מפורסם","10","מוטיבציה ולמידה ראשונית של גופים תלת-ממדיים (תיבה וקוביה) — תרגיל 1; מבנה התיבה - קדקודים, מקצועות (צלעות) ופאות — תרגיל 2; תכונות הפאות של התיבה (מלבנים נגדיים וזהים) — תרגיל 3; הקוביה – מקרה פרטי מיוחד של תיבה (כל הפאות ריבועים) — תרגיל 4; חישוב נפח תיבה (אורך כפול רוחב כפול גובה) — תרגיל 5; חישוב נפח קוביה (צלע כפול צלע כפול צלע) — תרגיל 6; מציאת מימד חסר (גובה/אורך/רוחב) מתוך הנפח — תרגיל 7; חישוב שטח פנים של תיבה וקוביה (מושג ראשוני) — תרגיל 8; פריסה של תיבה וקוביה (דו-ממד לתלת-ממד) — תרגיל 9; אתגר קופסת המתנה וקוביות המשחק של הוועד! — תרגיל 10","0","","no","0","","","yes","e5dcde703b6cd1d14ca6e52b"
"10th Grade - 5 Units","מפורסם","Function","Rational function","תרגול","מפורסם","0","","0","","no","0","","","no","69c4ef0eb14972e2128d604f"
"כיתה יב - 5 יח""ל - 572","מפורסם","בגרות","2023 - חורף","בחינה","מפורסם","0","","0","","no","0","","","no","69f1ce201d677d617031dce8"
"כיתה יא - 4 יח""ל - 471","מפורסם","שאלון בגרות","2026 - קיץ","בחינה","מפורסם","0","","1","Math - 4units - 471 - 2026 - winter-TToNetVscFcZnMXPMSWIipDjnByRKp.pdf","yes","4664","","","yes","69cb4d4f1d7c4864391ccd79"
"כיתה ח' - בסיס","מפורסם","אלגברה","אחוזים","תרגול","מפורסם","0","","1","כיתה ז - יחידה 7 - משוואות-1.pdf","no","0","","","yes","69f45b146c4962c9b6e62c5e"
"הכנה לכיתה ז","מפורסם","גאומטריה","גיאומטריה - משולש - שטח","לימוד","מפורסם","10","שטח משולש ישר זווית כמחצית שטח מלבן — תרגיל 1; הבסיס והגובה במשולש — תרגיל 2; משולש קהה זווית — תרגיל 3; חישוב שטח לסוגי משולשים שונים — תרגיל 4; מציאת בסיס או גובה נתון שטח — תרגיל 5; חישוב שטח משולש על רשת — תרגיל 6; חישוב שטח של צורות מורכבות — תרגיל 7; שטח משולש בחיי היומיום — תרגיל 8; השפעת שינוי ממדים על השטח — תרגיל 9; יישום מלא של חישוב שטח משולש — תרגיל 10","0","","no","0","","","yes","6a743bd81ce50e0d3654e4af"
"כיתה יא - 4 יח""ל - 471","מפורסם","שאלון בגרות","גיאומטריה אנליטית - מעגל","תרגול","מפורסם","0","","1","גיאומטירה עם מעגל -  471-ep6v49kmrwoGR5FV4EKB5RMvodcF2B.pdf","yes","47764","","","yes","69ae6331740b082ba3144a8d"
"כיתה ח' - בסיס","מפורסם","גיאומטריה","דימיון משולשים","לימוד","מפורסם","0","","0","","no","0","","","no","69f44ffb9c9ceca5cee7d03b"
"כיתה י - 5 יח""ל","מפורסם","הכנה לכיתה י - 5 יח""ל","הכנה לכיתה י - מבחן סמולציה 1","בחינה","מפורסם","0","","1","עולים ל-י - 5 יחל - מבחן סימולציה 1-ADLpnS6MnvcH7rmLiDCX8O37dEBnlr.pdf","yes","23042","","","yes","6a80823b10f2309791f80cfc"
"כיתה יב - 5 יח""ל - 572","מפורסם","וקטורים","וקטורים בסיס","תרגול","מפורסם","0","","0","","no","0","","","no","69d0b7839646f4f8f5c6573f"
"כיתה ז׳","מפורסם","כיתה ז - גרפים ופונקציות","ז | פונקציות - יחידה 10 - פונקציות","תרגול","מפורסם","39","תרגיל 1; תרגיל 2; תרגיל 3; תרגיל 4; תרגיל 5; תרגיל 6; תרגיל 7; תרגיל 8; תרגיל 9; תרגיל 10; תרגיל 11; תרגיל 12; תרגיל 13; תרגיל 14; תרגיל 15; תרגיל 16; תרגיל 17; תרגיל 18; תרגיל 19; תרגיל 20; תרגיל 21; תרגיל 22; תרגיל 23; תרגיל 24; תרגיל 25; תרגיל 26; תרגיל 27; תרגיל 28; תרגיל 29; תרגיל 30; תרגיל 31; תרגיל 32; תרגיל 33; תרגיל 34; תרגיל 35; תרגיל 36; תרגיל 37; תרגיל 38; תרגיל 39","0","","no","0","","","yes","69eb1b86ecc3a900bbc7f2dd"
"כיתה ח' - מתקדם","מפורסם","אלגברה","ח | תרגילים מעורבים - בעיות מילוליות","תרגול","מפורסם","48","תרגיל 1; תרגיל 2; תרגיל 3; תרגיל 4; תרגיל 5; תרגיל 6; תרגיל 7; תרגיל 8; תרגיל 9; תרגיל 10; תרגיל 11; תרגיל 12; תרגיל 13; תרגיל 14; תרגיל 15; תרגיל 16; תרגיל 17; תרגיל 18; תרגיל 19; תרגיל 20; תרגיל 21; תרגיל 22; תרגיל 23; תרגיל 24; תרגיל 25; תרגיל 26; תרגיל 27; תרגיל 28; תרגיל 29; תרגיל 30; תרגיל 31; תרגיל 32; תרגיל 33; תרגיל 34; תרגיל 35; תרגיל 36; תרגיל 37; תרגיל 38; תרגיל 39; תרגיל 40; תרגיל 41; תרגיל 42; תרגיל 43; תרגיל 44; תרגיל 45; תרגיל 46; תרגיל 47; תרגיל 48","0","","no","0","","","yes","69eb1b86ecc3a900bbc7f2ef"
"כיתה י - 3 יח""ל - 172","מפורסם","בחינות סימולציה","חורף - 2023","בחינה","מפורסם","0","","0","","no","0","","","no","69f4a81d8a7bc4c56fcf0c95"
"כיתה יא - 3 יח""ל - 371","מפורסם","בחינות בגרות","חורף - 2023","בחינה","מפורסם","0","","1","משולש ישר טריגונמטריהזווית-ltLIg2m9VmacTGVj4HIruQGRGOaPN4.pdf","no","0","","","yes","69f594c53440b2a8073116c8"
"","","","חרוט","לימוד","מפורסם","10","מוטיבציה ולמידה ראשונית של הגדרת החרוט — תרגיל 1; רדיוס הבסיס וגובה החרוט — תרגיל 2; הקו היוצר של החרוט — תרגיל 3; פריסה של חרוט (עיגול וגזרה) — תרגיל 4; חישוב היקף הבסיס של החרוט — תרגיל 5; שטח הבסיס של החרוט — תרגיל 6; שטח המעטפת של החרוט — תרגיל 7; שטח הפנים הכולל של החרוט — תרגיל 8; חישוב נפח גליל (שטח בסיס כפול גובה) — תרגיל 9; אתגר פחית הקולה וגליל הנייר של המסיבה! — תרגיל 10","0","","no","0","","","yes","6a4622ce69d2b6c6778323db"
"","","","חרוט","לימוד","מפורסם","10","מוטיבציה ולמידה ראשונית של הגדרת החרוט — תרגיל 1; רדיוס הבסיס וגובה החרוט — תרגיל 2; הקו היוצר של החרוט — תרגיל 3; פריסה של חרוט (עיגול וגזרה) — תרגיל 4; חישוב היקף הבסיס של החרוט — תרגיל 5; שטח הבסיס של החרוט — תרגיל 6; שטח המעטפת של החרוט — תרגיל 7; שטח הפנים הכולל של החרוט — תרגיל 8; חישוב נפח גליל (שטח בסיס כפול גובה) — תרגיל 9; אתגר פחית הקולה וגליל הנייר של המסיבה! — תרגיל 10","0","","no","0","","","yes","aeeb4bb31b8161ebb7dbe6a9"
"כיתה ט - מתקדם","מפורסם","אלגברה","ט | אי-שוויון - אי שוויון","לימוד","מפורסם","25","תרגיל 1; תרגיל 2; תרגיל 3; תרגיל 4; תרגיל 5; תרגיל 6; תרגיל 7; תרגיל 8; תרגיל 9; תרגיל 10; תרגיל 11; תרגיל 12; תרגיל 13; תרגיל 14; תרגיל 15; תרגיל 16; תרגיל 17; תרגיל 18; תרגיל 19; תרגיל 20; תרגיל 21; תרגיל 22; תרגיל 23; תרגיל 24; תרגיל 25","0","","no","0","","","yes","69eb1b86ecc3a900bbc7f30b"
"כיתה י - 4 יח""ל","מפורסם","פונקציות","י | חקירת פונקציה - פולינום - שיעור 9","לימוד","מפורסם","73","תרגיל 1; תרגיל 2; תרגיל 3; תרגיל 4; תרגיל 5; תרגיל 6; תרגיל 7; תרגיל 8; תרגיל 9; תרגיל 10; תרגיל 11; תרגיל 12; תרגיל 13; תרגיל 14; תרגיל 15; תרגיל 16; תרגיל 17; תרגיל 18; תרגיל 19; תרגיל 20; תרגיל 21; תרגיל 22; תרגיל 23; תרגיל 24; תרגיל 25; תרגיל 26; תרגיל 27; תרגיל 28; תרגיל 29; תרגיל 30; תרגיל 31; תרגיל 32; תרגיל 33; תרגיל 34; תרגיל 35; תרגיל 36; תרגיל 37; תרגיל 38; תרגיל 39; תרגיל 40; תרגיל 41; תרגיל 42; תרגיל 43; תרגיל 44; תרגיל 45; תרגיל 46; תרגיל 47; תרגיל 48; תרגיל 49; תרגיל 50; תרגיל 51; תרגיל 52; תרגיל 53; תרגיל 54; תרגיל 55; תרגיל 56; תרגיל 57; תרגיל 58; תרגיל 59; תרגיל 60; תרגיל 61; תרגיל 62; תרגיל 63; תרגיל 64; תרגיל 65; תרגיל 66; תרגיל 67; תרגיל 68; תרגיל 69; תרגיל 70; תרגיל 71; תרגיל 72; תרגיל 73","0","","no","0","","","yes","69eb1b86ecc3a900bbc7f31b"
"כיתה יא - 4 יח""ל - 471","מפורסם","בחינות סימולציה","מבחן סימולציה 1","בחינה","מפורסם","0","","1","471-1-CLcPPyM3vXTFRtt8gMIHWMR3YxEjhx.pdf","yes","10249","","","yes","69fc81fc7becd12d2ab9aab9"
"כיתה יא - 4 יח""ל - 471","מפורסם","בחינות סימולציה","מבחן סימולציה 2","בחינה","מפורסם","0","","1","471-1-CLcPPyM3vXTFRtt8gMIHWMR3YxEjhx.pdf","yes","10249","","","yes","69fc89b9140c79142c393b0f"
"כיתה יא - 4 יח""ל - 471","מפורסם","בחינות סימולציה","מבחן סימולציה 2","בחינה","מפורסם","0","","0","","no","0","","","no","69fc8a4756e50c4f089d3ca8"
"כיתה יא - 4 יח""ל - 471","מפורסם","בחינות סימולציה","מבחן סימולציה 3","בחינה","מפורסם","0","","0","","no","0","","","no","69fc82a8e9431dc03ca43df8"
"כיתה יא - 4 יח""ל - 471","מפורסם","בחינות סימולציה","מבחן סימולציה 4","בחינה","מפורסם","0","","0","","no","0","","","no","69fc833ee9431dc03ca43e44"
"כיתה יא - 4 יח""ל - 471","מפורסם","בחינות סימולציה","מבחן סימולציה 5","בחינה","מפורסם","0","","0","","no","0","","","no","69fc8350a50f030df9294460"
"כיתה יא - 4 יח""ל - 471","מפורסם","בחינות סימולציה","מבחן סימולציה 6","בחינה","מפורסם","0","","0","","no","0","","","no","69fc8365e9431dc03ca43ea8"
"כיתה יא - 4 יח""ל - 471","מפורסם","בחינות סימולציה","מבחן סימולציה 7","בחינה","מפורסם","0","","0","","no","0","","","no","69fc8377f0926ca7b8d85908"
"כיתה יא - 4 יח""ל - 471","מפורסם","בחינות סימולציה","מבחן סימולציה 7","בחינה","מפורסם","0","","0","","no","0","","","no","69fc838aa50f030df9294493"
"הכנה לז' גיבוי","טיוטה","שבר עשרוני","מבנה שבר עשרוני","לימוד","טיוטה","10","הכרת המבנה הבסיסי – עשיריות — תרגיל 1; הרחבת המבנה – מאיות — תרגיל 2; המשך הרחבת המבנה – אלפיות — תרגיל 3; קריאה וכתיבה של שברים עשרוניים — תרגיל 4; פירוק שברים עשרוניים לפי מקומות — תרגיל 5; קשר בין שברים פשוטים לשברים עשרוניים — תרגיל 6; זיהוי ערך הספרה — תרגיל 7; השוואת שברים עשרוניים — תרגיל 8; סדרות של שברים עשרוניים — תרגיל 9; יישום והבנה מעמיקה של מבנה השבר העשרוני — תרגיל 10","0","","no","0","","","yes","6a7454a2fc7d19d634c258d3"
"כיתה ז׳","מפורסם","כיתה ז - אלגברה","מספרים מכוונים - כפל וחילוק","לימוד","מפורסם","47","תרגיל 1; תרגיל 2; תרגיל 3; תרגיל 4; תרגיל 5; תרגיל 6; תרגיל 7; תרגיל 8; תרגיל 9; תרגיל 10; תרגיל 11; תרגיל 12; תרגיל 13; תרגיל 14; תרגיל 15; תרגיל 16; תרגיל 17; תרגיל 18; תרגיל 19; תרגיל 20; תרגיל 21; תרגיל 22; תרגיל 23; תרגיל 24; תרגיל 25; תרגיל 26; תרגיל 27; תרגיל 28; תרגיל 29; תרגיל 30; תרגיל 31; תרגיל 32; תרגיל 33; תרגיל 34; תרגיל 35; תרגיל 36; תרגיל 37; תרגיל 38; תרגיל 39; תרגיל 40; תרגיל 41; תרגיל 42; תרגיל 43; תרגיל 44; תרגיל 45; תרגיל 46; תרגיל 47","0","","no","0","","","yes","6a0a8979d5161bf326666aba"
"כיתה י - 5 יח""ל","מפורסם","גיאומטריה","מעגל - חותכים","תרגול","מפורסם","0","","1","כיתה י - יחידה 21 - גיאומטריה - מעגל - חותכים-uLo7MA94oDliOBtNZNiLqbj7Z5pYTD.pdf","no","0","","","yes","69d11a6af748f2318b70b51b"
"כיתה י - 5 יח""ל","מפורסם","גיאומטריה","מעגל - משפטי משיק","תרגול","מפורסם","0","","1","כיתה י - שיעור 27 - גיאומטריה - משיק למעגל.pdf","yes","7401","","","yes","69907e375d30f831b004012d"
"כיתה ח' - מתקדם","מפורסם","גיאומטירה","משולש שווה שוקיים","תרגול","מפורסם","0","","1","כיתה ח - יחידה 16 - משולש שווה שוקיים.pdf","yes","17074","","","yes","6997622df7f6f9cdbe2e9c4d"
"הכנה לכיתה ז","מפורסם","Orphaned lessons","משימה מסכמת 1","תרגול","מפורסם","0","","1","הכנה-כיתה-ז11-משימה-מסכמת-jpZegqZwsGqaueTIxJUeIavQ3sTzLH.pdf","no","0","","","yes","6a05ce75b9a5cb55a25baa9a"
"הכנה לכיתה ז","מפורסם","Orphaned lessons","משימה מסכמת 1","תרגול","מפורסם","0","","1","הכנה-כיתה-ז11-משימה-מסכמת-jpZegqZwsGqaueTIxJUeIavQ3sTzLH.pdf","no","0","","","yes","6a688d6a90e1ad0cfe0c85ee"
"הכנה לכיתה ז","מפורסם","Orphaned lessons","משימה מסכמת 1","תרגול","מפורסם","0","","1","הכנה-כיתה-ז11-משימה-מסכמת-jpZegqZwsGqaueTIxJUeIavQ3sTzLH.pdf","no","0","","","yes","4c7cfcce608b41b9f790bb82"
"כיתה יב - 4 יח""ל - 472","מפורסם","בגרויות","קיץ - 2023","בחינה","מפורסם","0","","1","processed_Math - 4units - 472 - 2023 - summer (3)-O5lJ6uD7XOH8JaX2Z1CsrPs3UUnJXK.pdf","no","0","","","yes","69efaa55676c2259b907676b"
"כיתה יא - 5 יח""ל - 571","מפורסם","שאלוני בגרות 571","קיץ 2026 - שאלון 571","בחינה","מפורסם","0","","0","","no","0","","","no","69be4a9fbb445901d5842340"
"כיתה י - 4 יח""ל","מפורסם","פונקציות","קשר בין גרף הנגזרת והפונקציה","תרגול","מפורסם","0","","1","כיתה י - שיעור 12 - קשר בין גרף הפונקציה לנגזרת - פולינום.pdf","no","0","","","yes","69eb184534f6ab777bcfead0"
"כיתה ז׳","מפורסם","כיתה ז - גיאומטריה","שטח והיקף משולש","לימוד","מפורסם, לא פעיל","0","","1","כיתה ז - יחידה 13 - שטח משולש-1.pdf","yes","5742","","","yes","695fd6632d097050944a2e95"
"10th Grade - 5 Units","מפורסם","Geometry","Circle - Tangent Theorems","תרגול","מפורסם","0","","0","","no","0","","","no","69c4ef19b14972e2128d60bb"
"כיתה יב - 5 יח""ל - 572","מפורסם","בגרות","2022 - מועד ב","בחינה","מפורסם","0","","0","","no","0","","","no","69f1d0f6d712f544736fc052"
"כיתה יא - 4 יח""ל - 471","מפורסם","שאלון בגרות","2026 - חורף","בחינה","מפורסם","0","","1","Math - 4units - 471 - 2026 - winter-TToNetVscFcZnMXPMSWIipDjnByRKp.pdf","yes","4664","","","yes","69a9998186b083daaf51932b"
"כיתה יא - 5 יח""ל - 571","מפורסם","שאלוני בגרות 571","אינטגרל","תרגול","מפורסם","0","","0","","no","0","","","no","69bd5a698183e1aab922038f"
"כיתה ח' - בסיס","מפורסם","אלגברה","בעיות מילוליות","תרגול","מפורסם","0","","1","כיתה ז - יחידה 7 - משוואות-1.pdf","no","0","","","yes","69cbf75ff208f87715de11ef"
"כיתה יא - 5 יח""ל - 571","מפורסם","שאלוני בגרות 571","בעיות קיצון - גיאומטריות","תרגול","מפורסם","0","","0","","yes","9907","","","yes","69bd5a97b46ecd819faba43c"
"כיתה יא - 5 יח""ל - 571","מפורסם","שאלוני בגרות 571","בעיות קיצון - גרפיות","תרגול","מפורסם","0","","1","יחידה 10- בעיות קיצון 571- גרפיות-bBrhKFGrXW6hc03UWFXjGqksDxtEKi.pdf","yes","36299","","","yes","69bd5adc76f84c7792c42687"
"כיתה יא - 5 יח""ל - 571","מפורסם","שאלוני בגרות 571","גיאומטריה","תרגול","מפורסם","0","","1","שאלון 571 - שיעור 5 - אינדוקציה2-mhSzJztMZ0rRVxqtyptd7H8BkyAqEu.pdf","yes","9907","","","yes","69bd59f6c35653bcaa0332d4"
"הכנה לכיתה ז","מפורסם","גאומטריה","גיאומטריה - נקודה וקטע","לימוד","מפורסם","10","הכרת נקודות וקטעים — תרגיל 1; זיהוי ומדידת קטעים בסיסית — תרגיל 2; נקודת אמצע של קטע — תרגיל 3; תכונות קטעים ונקודות — תרגיל 4; קטעים חופפים ונקודת אמצע מתקדמת — תרגיל 5; חיבור וחיסור קטעים על ישר — תרגיל 6; יישום עקרונות — תרגיל 7; מיקום נקודות וחישובים בטבלה — תרגיל 8; יישומים ומושגים — תרגיל 9; אתגר מפת הדרכים והמדידות! — תרגיל 10","0","","no","0","","","yes","6a7432bf58aaa796a5ef52b7"
"כיתה ח' - בסיס","מפורסם","גיאומטריה","דלתון","תרגול","מפורסם","0","","1","כיתה ח - יחידה 13 - דלתון-6pKWkd8Ov3F2ZEz1MyZsd9Lc1DBQK5.pdf","no","0","דלתון","","yes","69cceeab3e280bda86cea618"
"כיתה יא - 5 יח""ל - 571","מפורסם","שאלוני בגרות 571","הסתברות - טבלה","תרגול","מפורסם","0","","1","שאלון 571 - שיעור 5 - אינדוקציה2-mhSzJztMZ0rRVxqtyptd7H8BkyAqEu.pdf","yes","9907","","","yes","69bd59c3b46ecd819faba3b7"
"כיתה יא - 5 יח""ל - 571","מפורסם","שאלוני בגרות 571","הסתברות - עץ","תרגול","מפורסם","0","","1","שאלון 571 - שיעור 5 - אינדוקציה2-mhSzJztMZ0rRVxqtyptd7H8BkyAqEu.pdf","yes","9907","","","yes","69bd5990bfb3924c5dc00dca"
"כיתה יב - 5 יח""ל - 572","מפורסם","וקטורים","וקטורים גיאומטרים","תרגול","מפורסם","0","","0","","no","0","","","no","69d0b84d1ddb0405b5f39def"
"כיתה יב - 4 יח""ל - 472","מפורסם","בגרויות","חורף - 2023","בחינה","מפורסם","0","","1","processed_Math - 4units - 472 - 2023 - winter (1)-7qVCYOFUsWdffrSgOCYrP4pGtaJPyO.pdf","no","0","","","yes","69efaa89ca2464d86a69e5be"
"כיתה יא - 5 יח""ל - 571","מפורסם","שאלוני בגרות 571","חורף - 2026","בחינה","מפורסם","0","","1","571 - 2026 - חורף-kHUzjnDBZmsX8n91GcJEvO1mT3MEZ2.pdf","yes","27729","","","yes","69a31dd2dbbb00e4b148bab2"
"כיתה יא - 5 יח""ל - 571","מפורסם","שאלוני בגרות 571","חקירת טריגו","תרגול","מפורסם","0","","0","","no","0","","","no","69bd5a1eb46ecd819faba3e9"
"כיתה י - 4 יח""ל","מפורסם","אלגברה","י | שיעור מספר 10 - משוואות - אלגברה","תרגול","מפורסם","24","תרגיל 2; תרגיל 3; תרגיל 4; תרגיל 5; תרגיל 6; תרגיל 7; תרגיל 8; תרגיל 9; תרגיל 10; תרגיל 11; תרגיל 12; תרגיל 13; תרגיל 14; תרגיל 15; תרגיל 16; תרגיל 17; תרגיל 18; תרגיל 19; תרגיל 20; תרגיל 21; תרגיל 22; תרגיל 23; תרגיל 24; תרגיל 25","0","","no","0","","","yes","69eb1b86ecc3a900bbc7f31d"
"כיתה י - 3 יח""ל - 172","מפורסם","בחינות סימולציה","מועד ב - 2022","בחינה","מפורסם","0","","0","","no","0","","","no","69f4a8548a7bc4c56fcf0cbd"
"כיתה יא - 3 יח""ל - 371","מפורסם","בחינות בגרות","מועד ב - 2022","בחינה","מפורסם","0","","1","משולש ישר טריגונמטריהזווית-ltLIg2m9VmacTGVj4HIruQGRGOaPN4.pdf","no","0","","","yes","69f594f1ef7ee56187b4639b"
"הכנה לכיתה ז","מפורסם","Orphaned lessons","מספרים טבעיים - שאלות אתגר","תרגול","מפורסם","0","","1","הכנה-כיתה-ז3-מספרים-טבעיים-שאלות-אתגר-cpdOtYjLr1zEkTCeVzST88scNCpa2M.pdf","no","0","","","yes","6a44c214f38b9d04c7cac728"
"הכנה לכיתה ז","מפורסם","Orphaned lessons","מספרים טבעיים - שאלות אתגר","תרגול","מפורסם","0","","1","הכנה-כיתה-ז3-מספרים-טבעיים-שאלות-אתגר-cpdOtYjLr1zEkTCeVzST88scNCpa2M.pdf","no","0","","","yes","6a688d6a90e1ad0cfe0c85ef"
"הכנה לכיתה ז","מפורסם","Orphaned lessons","מספרים טבעיים - שאלות אתגר","תרגול","מפורסם","0","","1","הכנה-כיתה-ז3-מספרים-טבעיים-שאלות-אתגר-cpdOtYjLr1zEkTCeVzST88scNCpa2M.pdf","no","0","","","yes","d884c20bd6bf1028b10eb575"
"כיתה י - 5 יח""ל","מפורסם","גיאומטריה","מעגל - חוסם חסום","תרגול","מפורסם","0","","1","כיתה י - יחידה 18 - גיאומטריה - חוסם וחסום-2MTGDFbZnprOqUoa31OTZ8v8soejxS.pdf","no","0","","","yes","69d11a047c9739ee3fd0fc80"
"כיתה יא - 5 יח""ל - 571","מפורסם","שאלוני בגרות 571","משוואות טריגונומטריות","תרגול","מפורסם","0","","1","שאלון 571 - שיעור 5 - אינדוקציה2-mhSzJztMZ0rRVxqtyptd7H8BkyAqEu.pdf","yes","9907","","","yes","69bd5afde92f8a5326db46a0"
"כיתה ז׳","מפורסם","כיתה ז - אלגברה","משוואות, תרגילים","לימוד","טיוטה","0","","1","כיתה ז - יחידה 6 - חזקות ופילוג.pdf","yes","4219","","","yes","695fce144743922815df3cd9"
"כיתה י - 4 יח""ל","מפורסם","פונקציות","פונקציה אי רצינאלית (שורש)","לימוד","מפורסם","0","","1","כיתה י - 4 יחל - שיעור 17 - פונקציה אי רצינאלית.pdf","yes","19936","","","yes","69f4af13b2cc57c8e784cc7c"
"כיתה ז׳","מפורסם","כיתה ז - גיאומטריה","קווים מקבילים","לימוד","טיוטה","0","","1","כיתה ז - יחידה 15 קווים מקבילים.pdf","yes","4925","","","yes","6979e1b33971e64a40e3efe3"
"כיתה י - 3 יח""ל - 172","מפורסם","בחינות סימולציה","קיץ - 2022","בחינה","מפורסם","0","","0","","no","0","","","no","69f4a9717df3372397f0c636"
"הכנה לז' גיבוי","טיוטה","שברים","שברים - חיבור וחיסור","לימוד","טיוטה","10","מהו שבר? – חלקי שלם — תרגיל 1; שברים שווים – פיצה באותה כמות, פרוסות שונות — תרגיל 2; מכנים זהים – ""לאסוף פרוסות"" — תרגיל 3; מכנים זהים – ""לקחת פרוסות"" — תרגיל 4; חיבור וחיסור – ""שלם וחלקי"" — תרגיל 5; מכנה משותף – ""לפרוס מחדש את העוגה"" — תרגיל 6; הרחבת שברים למכנה משותף – ""לייצר פרוסות שוות"" — תרגיל 7; מכנים שונים – ""מכינים לאיסוף"" — תרגיל 8; מכנים שונים – ""מכינים ללקיחה"" — תרגיל 9; מגוון פעולות בשברים – ""לשלב הכל"" — תרגיל 10","0","","no","0","","","yes","6a7454a2fc7d19d634c258d4"
"הכנה לכיתה ז","מפורסם","Orphaned lessons","שטחי מצולעים","תרגול","מפורסם","0","","1","הכנה-כיתה-ז13-שטחי-מצולעים-W7jTU4CfGO9MPhnlPNJ7x5lNGQw5jc.pdf","no","0","","","yes","6a05cde02ee80a69f1bd3aa4"
"הכנה לכיתה ז","מפורסם","Orphaned lessons","שטחי מצולעים","תרגול","מפורסם","0","","1","הכנה-כיתה-ז13-שטחי-מצולעים-W7jTU4CfGO9MPhnlPNJ7x5lNGQw5jc.pdf","no","0","","","yes","6a688d6a90e1ad0cfe0c85f0"
"הכנה לכיתה ז","מפורסם","Orphaned lessons","שטחי מצולעים","תרגול","מפורסם","0","","1","הכנה-כיתה-ז13-שטחי-מצולעים-W7jTU4CfGO9MPhnlPNJ7x5lNGQw5jc.pdf","no","0","","","yes","a706ae2533b8b5c322f43dc6"
"10th Grade - 5 Units","מפורסם","Function","Relationship between the derivative graph and the function","תרגול","מפורסם","0","","0","","no","0","","","no","69c4ef0fb14972e2128d606b"
"כיתה יב - 5 יח""ל - 572","מפורסם","בגרות","2022 - קיץ","בחינה","מפורסם","0","","1","processed_Math - 5units - 572 - 2022 - summer-7mWaDZexQ7VOU03GGryok40FsNjqLY.pdf","no","0","","","yes","69cba5f7c97c3d1dc6dd01d9"
"כיתה ח' - בסיס","מפורסם","אלגברה","בעיות מילוליות","לימוד","מפורסם","0","","0","","no","0","","","no","69f44ccb5ba43ec6b1a8f38e"
"הכנה לכיתה ז","מפורסם","גאומטריה","גיאומטריה - מקבילית - שטח והיקף","לימוד","מפורסם","8","זיהוי צלעות וחישוב היקף בסיסי — תרגיל 1; חישוב שטח בסיסי עם גובה — תרגיל 2; גובה מחוץ למקבילית והבחנה בין נתונים — תרגיל 3; היקף — תרגיל 4; שטח — תרגיל 5; גובה ובסיס והשפעתם על שטח — תרגיל 8; בעיות עם יחסים ואלגברה — תרגיל 9; בעיות מורכבות ורב-שלביות — תרגיל 10","0","","no","0","","","yes","6a743ca860b286ebca0ca69f"
"כיתה ח' - בסיס","מפורסם","גיאומטריה","דימיון משולשים","תרגול","מפורסם","0","","1","כיתה ח - יחידה 18 - טרפז-U0Skbt5awLzrT20OjIEgFHrHYBhp3H.pdf","no","0","","","yes","69f45c890dd97c526f9a68e2"
"כיתה ח' - מתקדם","מפורסם","גיאומטירה","דמיון משולשים","תרגול","מפורסם","0","","1","כיתה ח - יחידה 19 - דימיון משולשים-1.pdf","yes","13562","","","yes","6988ce454042ba7043a886f3"
"כיתה יב - 5 יח""ל - 572","מפורסם","וקטורים","וקטורים אלגברים 1","תרגול","מפורסם","0","","0","","no","0","","","no","69d0b87e5667f09e0f1382b1"
"כיתה ז׳","מפורסם","כיתה ז - גיאומטריה","ז | זוויות צמודות וקודקודיות - זוויות צמודות וקודקודיות","לימוד","מפורסם","17","תרגיל 1; תרגיל 2; תרגיל 3; תרגיל 4; תרגיל 5; תרגיל 6; תרגיל 7; תרגיל 8; תרגיל 9; תרגיל 10; תרגיל 11; תרגיל 12; תרגיל 13; תרגיל 14; תרגיל 15; תרגיל 16; תרגיל 17","0","","no","0","","","yes","69eb1b86ecc3a900bbc7f2df"
"כיתה י - 3 יח""ל - 172","מפורסם","בחינות סימולציה","חורף - 2022","בחינה","מפורסם","0","","0","","no","0","","","no","69f4a83bd9d317b6eb4e3cbb"
"כיתה יב  - 3 יח""ל - 372","מפורסם","בגרויות","חורף 2025","בחינה","מפורסם","0","","1","3 unit - 372 - 2025 - winter  - test-wqJut0Wec4nALhbiHe7yxyezRrOUw5.pdf","yes","24607","","","yes","69c025d54244ead7224d5dea"
"כיתה ז׳","מפורסם","כיתה ז - אלגברה","חזקות וחוק הפילוג","לימוד","מפורסם","3","תרגיל 17; תרגיל 18; תרגיל 19","0","","no","0","","","yes","69eb1b86ecc3a900bbc7f2d5"
"כיתה יא - 4 יח""ל - 471","מפורסם","שאלון בגרות","חקירת פונקציית מנה","תרגול","מפורסם","0","","1","חקירת מנה-  471-nyls0ac5lHFFTYEbIsfDohQK1udxka.pdf","yes","40992","","","yes","69ae635a5c712c6396a6a4d7"
"כיתה ט - בסיס","מפורסם","כיתה ט - בסיס - אלגברה","ט | משולשים - אחוזים","לימוד","מפורסם","46","תרגיל 1; תרגיל 2; תרגיל 3; תרגיל 4; תרגיל 5; תרגיל 6; תרגיל 7; תרגיל 8; תרגיל 9; תרגיל 10; תרגיל 11; תרגיל 12; תרגיל 13; תרגיל 14; תרגיל 15; תרגיל 16; תרגיל 17; תרגיל 18; תרגיל 19; תרגיל 20; תרגיל 21; תרגיל 22; תרגיל 23; תרגיל 24; תרגיל 25; תרגיל 26; תרגיל 27; תרגיל 28; תרגיל 29; תרגיל 30; תרגיל 31; תרגיל 32; תרגיל 33; תרגיל 34; תרגיל 35; תרגיל 36; תרגיל 37; תרגיל 38; תרגיל 39; תרגיל 40; תרגיל 41; תרגיל 42; תרגיל 43; תרגיל 44; תרגיל 45; תרגיל 46","0","","no","0","","","yes","69eb1b86ecc3a900bbc7f30d"
"כיתה י - 5 יח""ל","מפורסם","גיאומטריה","טריגונמטירה - משולש ישר זווית","תרגול","מפורסם","0","","1","משולש ישר טריגונמטריהזווית-ltLIg2m9VmacTGVj4HIruQGRGOaPN4.pdf","no","0","","","yes","69d11c197c9739ee3fd0fce0"
"כיתה ח' - בסיס","מפורסם","גיאומטריה","טרפז","תרגול","מפורסם","0","","1","כיתה ח - יחידה 18 - טרפז-U0Skbt5awLzrT20OjIEgFHrHYBhp3H.pdf","no","0","","","yes","69ccee96826e65994bf4c871"
"כיתה יב - 4 יח""ל - 472","מפורסם","בגרויות","מועד ב - 2022","בחינה","מפורסם","0","","1","processed_Math - 4units - 472 - 2022 - moed b (1)-bsVjCPGkZZQ49yy8jdYH2pCs7S1qi0.pdf","no","0","","","yes","69efaaa68062d86ff90e621b"
"כיתה יא - 4 יח""ל - 471","מפורסם","שאלון בגרות","מועד ב - 2025","בחינה","מפורסם","0","","1","Fixed_Math - 4units - 471 - 2025 - moed b_organized-V1O58u1eS8TtpDbhmlHUqpMBCoRsMF.pdf","yes","35459","","","yes","69a9ddbb6ee3ba2e01a18fe8"
"כיתה י - 4 יח""ל","מפורסם","פונקציות","פונקציה אי רצינאלית (שורש)","תרגול","מפורסם","0","","1","כיתה י - 4 יחל - שיעור 17 - פונקציה אי רצינאלית.pdf","yes","19936","","","yes","69907a395773d44d6a5794ae"
"כיתה יא - 3 יח""ל - 371","מפורסם","בחינות בגרות","קיץ - 2022","בחינה","מפורסם","0","","1","משולש ישר טריגונמטריהזווית-ltLIg2m9VmacTGVj4HIruQGRGOaPN4.pdf","no","0","","","yes","69f594d8ef7ee56187b46350"
"הכנה לז' גיבוי","טיוטה","שברים","שברים כפל שברים","לימוד","טיוטה","10","כפל מספר טבעי בשבר – הבנה ויזואלית — תרגיל 1; כפל מספר טבעי בשבר – מציאת השלם — תרגיל 2; כפל מספר טבעי בשבר – עם צמצום — תרגיל 3; כפל מספר טבעי בשבר – בעיות מילוליות — תרגיל 4; הבנה ויזואלית – ""חלק של חלק"" — תרגיל 5; כפל שבר בשבר – המונה במונה והמכנה במכנה — תרגיל 6; אסטרטגיה חכמה — תרגיל 7; הכנה לכפל — תרגיל 8; עם מספר טבעי או שבר פשוט — תרגיל 9; כפל שברים מעורבים – בעיות מילוליות — תרגיל 10","0","","no","0","","","yes","6a7454a2fc7d19d634c258d5"
"הכנה לכיתה ז","מפורסם","Orphaned lessons","תכונות מצולעים","תרגול","מפורסם","0","","1","הכנה-כיתה-ז15-תכונות-מצולעים-tEd4E0DlBlnnqgy9dwNspmFUMEgKq9.pdf","no","0","","","yes","6a05cd0f72d277e04d0a47a7"
"הכנה לכיתה ז","מפורסם","Orphaned lessons","תכונות מצולעים","תרגול","מפורסם","0","","1","הכנה-כיתה-ז15-תכונות-מצולעים-tEd4E0DlBlnnqgy9dwNspmFUMEgKq9.pdf","no","0","","","yes","6a688d6a90e1ad0cfe0c85f2"
"הכנה לכיתה ז","מפורסם","Orphaned lessons","תכונות מצולעים","תרגול","מפורסם","0","","1","הכנה-כיתה-ז15-תכונות-מצולעים-tEd4E0DlBlnnqgy9dwNspmFUMEgKq9.pdf","no","0","","","yes","810a139fc8e05ff2d7267b4a"
"כיתה יב - 5 יח""ל - 572","מפורסם","בגרות","2022 - חורף","בחינה","מפורסם","0","","0","","no","0","","","no","69f1d0af1e4d4e32c737bf88"
"כיתה יב  - 3 יח""ל - 372","מפורסם","בגרויות","2025 - מועד ב","בחינה","מפורסם","0","","1","3 unit - 372 - 2025 - moed B  - test-fL3NJMNy3zenzIWYktA08ZGgEDkD8J.pdf","yes","18002","","","yes","69c0295d2b314cb01b9638a5"
"כיתה יא - 4 יח""ל - 471","מפורסם","שאלון בגרות","2025 - קיץ","בחינה","מפורסם","0","","1","4u - 471 - 2025 - - summer-3quIscQSdxf2SFDXRn4sTl8eXQvBXH.pdf","yes","35359","","","yes","69adb366b1d8bb3db2d6c23f"
"הכנה לכיתה ז","מפורסם","Orphaned lessons","6 בחינה מסכמת","בחינה","מפורסם","0","","1","בחינה מסכמת 6-T05OJkgt3P63oMZUexPiFf0KME84oC.pdf","no","0","","","yes","69cd088f0fc6795426b104b2"
"הכנה לכיתה ז","מפורסם","Orphaned lessons","7 בחינה מסכמת","בחינה","מפורסם","0","","1","בחינה מסכמת 7-IeHtahC1lrDfjp97gPyMHzUqQ5pvf1.pdf","no","0","","","yes","69cd08ae540e5ea0c910a9d2"
"כיתה ט - מתקדם","מפורסם","בחינות סיכום","בחינה 1 - מבחן מסכם - הקבצה א ומצויינות","בחינה","מפורסם","0","","1","בחינה 1 - כיתה ט מצויינות-gfo1sYr4uXjygpRbEk6AFHbpsdTFNU.pdf","yes","10952","","","yes","69ec6b0f37d671e4c987b558"
"כיתה ט - מתקדם","מפורסם","בחינות סיכום","בחינה 2 - מבחן מסכם - הקבצה א ומצויינות","בחינה","מפורסם","0","","1","בחינה 2 - כיתה ט מצויינות-sks0I520cu2DisLoHCTyNM3MeHCCIp.pdf","no","0","","","yes","69ec6c4e07cb055a8531628b"
"כיתה ט - מתקדם","מפורסם","בחינות סיכום","בחינה 3 - מבחן מסכם - הקבצה א ומצויינות","בחינה","מפורסם","9","תרגיל 1; תרגיל 2; תרגיל 3; תרגיל 4; תרגיל 5; תרגיל 6; תרגיל 7; תרגיל 8; תרגיל 9","1","בחינה 3 - כיתה ט מצויינות-34ZmCvJiE9ZcCgASPt9Eqhz4e7DclK.pdf","no","0","","","yes","69ec6d6f37d671e4c987b70c"
"כיתה ט - מתקדם","מפורסם","בחינות סיכום","בחינה 4 - מבחן מסכם - הקבצה א ומצויינות","בחינה","מפורסם","0","","1","בחינה 4 - כיתה ט מצויינות-UqfL8YoZ6RcAuLJPV3f9Hq0bfHjZM9.pdf","no","0","","","yes","69ec8b6850999953ac015b2b"
"כיתה ט - מתקדם","מפורסם","בחינות","בחינה 4 - משווואת בעיות מילוליות, פונקציות וגיאומטריה - כפר ירוק 19.4.26","בחינה","מפורסם","0","","1","כפר ירוק 5- כיתה ט-ty8Nz1FrKBAbNsn7HPv7YtLB7wPCr1.pdf","yes","10952","","","yes","69df323b3a1ef5a506cb2eaa"
"כיתה ט - מתקדם","מפורסם","בחינות","בחינה 5 -  משוו', פונקציה, מקביליות ובע' מינ/מקס - הקבצה א","בחינה","מפורסם","0","","1","בחינה 6 - כיתה ט מצויינות-8GPGW5WNIP12CJit76hlBhycZVgTmO.pdf","no","0","","","yes","69ec8d8a35d65522fc2565ed"
"כיתה ט - מתקדם","מפורסם","בחינות סיכום","בחינה 5 - מבחן מסכם - הקבצה א ומצויינות","בחינה","מפורסם","0","","1","בחינה 5 - כיתה ט מצויינות-SANuBDlV1OSb1fT5h6jey2IixHCqCZ.pdf","no","0","","","yes","69ec8bb47d996c9211cdaa3c"
"כיתה ט - מתקדם","מפורסם","בחינות","בחינה 6 -  משוו', פונקציה, מקביליות ובע' מינ/מקס - הקבצה א","בחינה","מפורסם","0","","1","בחינה 7 - כיתה ט מצויינות-te1YGBzaQmdR5qUJXJ3thd2MLld7Dd.pdf","no","0","","","yes","69ec8e8d1400eada1fd6cb2b"
"הכנה לכיתה ז","מפורסם","Orphaned lessons","בעיות מילוליות עם מספרים עשרוניים","תרגול","מפורסם","0","","1","הכנה-כיתה-ז7-בעיות-מילוליות-עםמספרים-עשרוניים-bXONIXX3sT4qLHLDBku7Qqtjw5uPWK.pdf","no","0","","","yes","6a44e41aca4a36ef57b7d3cb"
"הכנה לכיתה ז","מפורסם","Orphaned lessons","בעיות מילוליות עם מספרים עשרוניים","תרגול","מפורסם","0","","1","הכנה-כיתה-ז7-בעיות-מילוליות-עםמספרים-עשרוניים-bXONIXX3sT4qLHLDBku7Qqtjw5uPWK.pdf","no","0","","","yes","6a688d6a90e1ad0cfe0c85f3"
"הכנה לכיתה ז","מפורסם","Orphaned lessons","בעיות מילוליות עם מספרים עשרוניים","תרגול","מפורסם","0","","1","הכנה-כיתה-ז7-בעיות-מילוליות-עםמספרים-עשרוניים-bXONIXX3sT4qLHLDBku7Qqtjw5uPWK.pdf","no","0","","","yes","637179c563ef6c74d138d939"
"הכנה לכיתה ז","מפורסם","גאומטריה","גיאומטריה - מעגל - הגדרה ותכונות","לימוד","מפורסם","10","הכרת מרכז המעגל והרדיוס — תרגיל 1; הכרת הקוטר והקשר שלו לרדיוס — תרגיל 2; זיהוי רכיבי מעגל — תרגיל 3; הכרת המיתר — תרגיל 4; הכרת הקשת — תרגיל 5; הכרת הגיזרה — תרגיל 6; מעגל לעומת עיגול — תרגיל 7; זיהוי אלמנטים מורכבים במעגל — תרגיל 8; חישובי אורך וקשרים — תרגיל 9; הבנת תכונות המעגל לעומק — תרגיל 10","0","","no","0","","","yes","6a743aff60b286ebca0c9e28"
"כיתה יב - 5 יח""ל - 572","מפורסם","וקטורים","וקטורים אלגברים 2","תרגול","מפורסם","0","","0","","no","0","","","no","69d0b8aa9646f4f8f5c657cd"
"כיתה ז׳","מפורסם","כיתה ז - גיאומטריה","ז | שטח והיקף מלבן - מלבן - היקף ושטח","לימוד","מפורסם","19","תרגיל 1; תרגיל 2; תרגיל 3; תרגיל 4; תרגיל 5; תרגיל 6; תרגיל 7; תרגיל 8; תרגיל 9; תרגיל 10; תרגיל 11; תרגיל 12; תרגיל 13; תרגיל 14; תרגיל 15; תרגיל 16; תרגיל 17; תרגיל 18; תרגיל 19","0","","no","0","","","yes","69eb1b86ecc3a900bbc7f2e1"
"כיתה יא - 3 יח""ל - 371","מפורסם","בחינות בגרות","חורף - 2022","בחינה","מפורסם","0","","1","משולש ישר טריגונמטריהזווית-ltLIg2m9VmacTGVj4HIruQGRGOaPN4.pdf","no","0","","","yes","69f594e845a07eb19320f86e"
"כיתה י - 5 יח""ל","מפורסם","גיאומטריה","טריגונמטירה - משפט הסינוסים","תרגול","מפורסם","0","","1","כיתה י - יחידה 23 - טריגונומטריה - משפט הסינוסים-fWSwBTPdZ50X53KxU03Iirt8rTQ8V3.pdf","no","0","","","yes","69d11ce4220e38496b6d4fba"
"כיתה יא - 5 יח""ל - 571","מפורסם","שאלוני בגרות 571","מועד ב - 2025","בחינה","מפורסם","0","","1","571 - 2025 - מועד ב-NRxQyuJJqQGx6u7eaM4rJACVk3V4N2.pdf","yes","35459","","","yes","69a3230902046e85ce994614"
"כיתה ז׳","מפורסם","כיתה ז - אלגברה","משוואות ממעלה ראושנה - שברים","תרגול","מפורסם","0","","1","כיתה ח - יחידה 2 - פונקציות - מצב הדדי בין ישרים-p1pXt85jHY9PQG0lVfOHSYonyxWEFo.pdf","yes","15490","","","yes","69f426910d7a4974a331aa7d"
"כיתה ח' - בסיס","מפורסם","גיאומטריה","משפט פיתגורס","תרגול","מפורסם","0","","1","כיתה ח - יחידה 20 - משפט פיתגורס-0mqoA6kBVNhdO3mGAYrO1MuONEp8DX.pdf","no","0","","","yes","69ccee8131baca4ff62eb72e"
"כיתה י - 4 יח""ל","מפורסם","פונקציות","פונקציה רציונאלית (מנה)","תרגול","מפורסם","0","","1","חקירת מנה-  471-nyls0ac5lHFFTYEbIsfDohQK1udxka.pdf","no","0","","","yes","69eb166e34f6ab777bcfea8c"
"כיתה יב - 4 יח""ל - 472","מפורסם","בגרויות","קיץ - 2022","בחינה","מפורסם","0","","1","processed_Math - 4units - 472 - 2022 - summer (1)-twIYurCyze2dBilQ2v2xo56ffQyFov.pdf","no","0","","","yes","69efaa658062d86ff90e61f9"
"הכנה לז' גיבוי","טיוטה","שברים","שברים - בעיות מילוליות","לימוד","טיוטה","10","חיבור וחיסור שברים בעלי מכנה זהה — תרגיל 1; חיבור וחיסור שברים ממספר שלם — תרגיל 2; חיבור וחיסור שברים בעלי מכנים שונים — תרגיל 3; חיבור וחיסור של מספרים מעורבים עם מכנים שונים — תרגיל 4; כפל שבר במספר שלם (""חלק מכמות"") — תרגיל 5; כפל שבר בשבר (""חלק מחלק"") — תרגיל 6; חילוק שברים (""כמה פעמים נכנס?"") — תרגיל 7; חילוק שברים - מציאת השלם — תרגיל 8; חיבור/חיסור בשילוב עם כפל/חילוק — תרגיל 9; בעיות מורכבות יותר — תרגיל 10","0","","no","0","","","yes","6a7454a2fc7d19d634c258d6"
"הכנה לכיתה ז","מפורסם","Orphaned lessons","שברים עשרוניים","תרגול","מפורסם","0","","1","הכנה-כיתה-ז6-שברים-עשרוניים-BtaLcRDfknlA7ilMMX2vlZGv1kgz4H.pdf","no","0","","","yes","6a44c64aecf4f19da0d16e0e"
"הכנה לכיתה ז","מפורסם","Orphaned lessons","שברים עשרוניים","תרגול","מפורסם","0","","1","הכנה-כיתה-ז6-שברים-עשרוניים-BtaLcRDfknlA7ilMMX2vlZGv1kgz4H.pdf","no","0","","","yes","6a688d6a90e1ad0cfe0c85f4"
"הכנה לכיתה ז","מפורסם","Orphaned lessons","שברים עשרוניים","תרגול","מפורסם","0","","1","הכנה-כיתה-ז6-שברים-עשרוניים-BtaLcRDfknlA7ilMMX2vlZGv1kgz4H.pdf","no","0","","","yes","8a0649388aa2faf4126076c8"
"כיתה יא - 4 יח""ל - 471","מפורסם","שאלון בגרות","2025 - חורף","בחינה","מפורסם","0","","1","Math - 4units - 471 - 2025 - winter-h38UgLzBIKCmI35SEUwz3C68oljpcD.pdf","no","0","","","yes","69e336b1e6759f772b110610"
"כיתה י - 4 יח""ל","מפורסם","פונקציות","בעיות קיצון - פולינום","תרגול","מפורסם","0","","0","","no","0","","","no","69eb18e8cb20aa5eaaee6ddc"
"הכנה לז' גיבוי","טיוטה","גאומטריה - הכנה","גיאומטריה - חרוט","לימוד","טיוטה","10","רכיבי החרוט – הכרת המונחים הבסיסיים — תרגיל 1; הקשר בין רדיוס, גובה ויוצרת – משפט פיתגורס — תרגיל 2; שטח בסיס החרוט – שטח מעגל — תרגיל 3; שטח בסיס במצבים שונים – הבנת הקשר — תרגיל 4; שטח מעטפת החרוט – הפריסה והנוסחה — תרגיל 5; שטח מעטפת – שילוב עם משפט פיתגורס — תרגיל 6; שטח פנים כולל של חרוט – סיכום שטחים — תרגיל 7; חישובי שטח פנים כולל – אתגרים — תרגיל 8; נפח חרוט – מילוי ומקום — תרגיל 9; נפח חרוט – מורכבות ויישומים — תרגיל 10","0","","no","0","","","yes","6a7454a2fc7d19d634c258d7"
"הכנה לכיתה ז","מפורסם","גאומטריה","גיאומטריה - מנסרות","לימוד","מפורסם","10","הכרת הפירמידה ורכיביה — תרגיל 1; פירמידות מסוגים שונים (לפי צורת הבסיס) — תרגיל 2; פירמידה ישרה ופירמידה משוכללת — תרגיל 3; פריסה של פירמידה — תרגיל 4; ספירת פאות, מקצועות וקודקודים — תרגיל 5; שטח פנים של פירמידה — תרגיל 6; נפח של פירמידה (תפיסה וחישוב) — תרגיל 7; ניתוח נתונים בטבלאות — תרגיל 8; מיון והשוואה בין גופים במרחב — תרגיל 9; אתגר הפירמידות הגדול! — תרגיל 10","0","","no","0","","","yes","6a74292f8307e9dfa54dbafb"
"כיתה יב - 4 יח""ל - 472","מפורסם","בגרויות","חורף - 2022","בחינה","מפורסם","0","","1","processed_Math - 4units - 472 - 2022 - winter (1)-z7rDFcl2yBH9OoAboLFbA3ulS1Hi1S.pdf","no","0","","","yes","69efaa73eda36a6055fcd1e9"
"כיתה יא - 4 יח""ל - 471","מפורסם","שאלון בגרות","חקירה - סעיפי חשיבה","תרגול","מפורסם","0","","1","סעיפי חשיבה -  471-6GdNekjr5LPPpAWV0lnUOqv274Sm6k.pdf","yes","14331","","","yes","69b55925ecbf6bea85daa320"
"כיתה יא - 4 יח""ל - 471","מפורסם","שאלון בגרות","חקירת פונקצית שורש","תרגול","מפורסם","0","","1","שורש471-QmjCoaOst6EhYkWR6KQITEIKVKA2po.pdf","yes","32285","","","yes","69ae636c4ed0e5b6e751c097"
"כיתה ט - בסיס","מפורסם","כיתה ט - בסיס - אלגברה","ט | פירוק לגורמים - פירוק לגורמים 2","לימוד","מפורסם","42","תרגיל 1; תרגיל 2; תרגיל 3; תרגיל 4; תרגיל 5; תרגיל 6; תרגיל 7; תרגיל 8; תרגיל 9; תרגיל 10; תרגיל 11; תרגיל 12; תרגיל 13; תרגיל 14; תרגיל 15; תרגיל 16; תרגיל 17; תרגיל 18; תרגיל 19; תרגיל 20; תרגיל 21; תרגיל 22; תרגיל 23; תרגיל 24; תרגיל 25; תרגיל 26; תרגיל 27; תרגיל 28; תרגיל 29; תרגיל 30; תרגיל 31; תרגיל 32; תרגיל 33; תרגיל 34; תרגיל 35; תרגיל 36; תרגיל 37; תרגיל 38; תרגיל 39; תרגיל 40; תרגיל 41; תרגיל 42","0","","no","0","","","yes","69eb1b86ecc3a900bbc7f30f"
"כיתה י - 5 יח""ל","מפורסם","גיאומטריה","טריגונמטירה - משפט הקוסינוסים","תרגול","מפורסם","0","","1","כיתה י - יחידה 24 - משפט הקוסינוסים-F3URRZr4Pykefe5HwsiaeG0hklScZh.pdf","no","0","","","yes","69d11d10e01816ee34130901"
"","","","מספרים עשרוניים - חילוק בבסיס 10","לימוד","מפורסם","10","תרגיל 1 - מנחה: מוטיבציה ולמידה ראשונית של חילוק ב-10; תרגיל 2 - בסיס: חילוק ב-100 וב-1000; תרגיל 3 - הבנה: חילוק שדורש הוספת אפסים שומרי מקום (padding); תרגיל 4 - הבנה: שימושים מהחיים - המרת יחידות מידה; תרגיל 5 - הבנה: שימושים מהחיים - כסף וחלוקה לקבוצות; תרגיל 6 - חשיבה: מציאת המחלק (למה חילקנו?); תרגיל 7 - הבנה: השוואה בין כפל ב-10 לחילוק ב-10; תרגיל 8 - שילוב: חילוק חוזר (שרשרת של חילוקים); תרגיל 9 - חשיבה מורכבת: השלמת פערים במשקל (חילוק ואז כפל); תרגיל 10 - חזרה מסכמת: אתגר הפדגוגי - מפעל המיץ","0","","no","0","","","yes","6a42bd6db5888ed244f3f8e7"
"","","","מספרים עשרוניים - חילוק בבסיס 10","לימוד","מפורסם","10","תרגיל 1 - מנחה: מוטיבציה ולמידה ראשונית של חילוק ב-10; תרגיל 2 - בסיס: חילוק ב-100 וב-1000; תרגיל 3 - הבנה: חילוק שדורש הוספת אפסים שומרי מקום (padding); תרגיל 4 - הבנה: שימושים מהחיים - המרת יחידות מידה; תרגיל 5 - הבנה: שימושים מהחיים - כסף וחלוקה לקבוצות; תרגיל 6 - חשיבה: מציאת המחלק (למה חילקנו?); תרגיל 7 - הבנה: השוואה בין כפל ב-10 לחילוק ב-10; תרגיל 8 - שילוב: חילוק חוזר (שרשרת של חילוקים); תרגיל 9 - חשיבה מורכבת: השלמת פערים במשקל (חילוק ואז כפל); תרגיל 10 - חזרה מסכמת: אתגר הפדגוגי - מפעל המיץ","0","","no","0","","","yes","6a688d6a90e1ad0cfe0c85f5"
"","","","מספרים עשרוניים - חילוק בבסיס 10","לימוד","מפורסם","10","תרגיל 1 - מנחה: מוטיבציה ולמידה ראשונית של חילוק ב-10; תרגיל 2 - בסיס: חילוק ב-100 וב-1000; תרגיל 3 - הבנה: חילוק שדורש הוספת אפסים שומרי מקום (padding); תרגיל 4 - הבנה: שימושים מהחיים - המרת יחידות מידה; תרגיל 5 - הבנה: שימושים מהחיים - כסף וחלוקה לקבוצות; תרגיל 6 - חשיבה: מציאת המחלק (למה חילקנו?); תרגיל 7 - הבנה: השוואה בין כפל ב-10 לחילוק ב-10; תרגיל 8 - שילוב: חילוק חוזר (שרשרת של חילוקים); תרגיל 9 - חשיבה מורכבת: השלמת פערים במשקל (חילוק ואז כפל); תרגיל 10 - חזרה מסכמת: אתגר הפדגוגי - מפעל המיץ","0","","no","0","","","yes","dde2cfbf825afdd3e4799b4b"
"כיתה ז׳","מפורסם","כיתה ז - אלגברה","משוואות ממעלה ראושנה - שברים","לימוד","מפורסם","0","","1","כיתה ח - יחידה 2 - פונקציות - מצב הדדי בין ישרים-p1pXt85jHY9PQG0lVfOHSYonyxWEFo.pdf","yes","15490","","","yes","69f4276a7f6a2eb92785fddf"
"כיתה יא - 5 יח""ל - 571","מפורסם","שאלוני בגרות 571","קיץ - 2025","בחינה","מפורסם","0","","1","Math - 5units - 571 - 2025 - summer-9IDHpPP6St1BlzElGxZAqIQCXVbgvy.pdf","no","0","","","yes","69a323534f7d486fa226810a"
"כיתה יב  - 3 יח""ל - 372","מפורסם","בגרויות","קיץ 2026","בחינה","מפורסם","0","","1","3 unit - 372 - 2025 - summer  - test-5l69TGETgyDHhGwbkhFvD68lTH4Nkz.pdf","yes","24168","","","yes","69c029f89ccbacc0fcc4f2b9"
"כיתה ז׳","מפורסם","כיתה ז - גיאומטריה","שטח והיקף משולשים","לימוד","מפורסם","29","תרגיל 1; תרגיל 2; תרגיל 3; תרגיל 4; תרגיל 5; תרגיל 6; תרגיל 7; תרגיל 8; תרגיל 9; תרגיל 10; תרגיל 11; תרגיל 12; תרגיל 13; תרגיל 14; תרגיל 15; תרגיל 16; תרגיל 17; תרגיל 18; תרגיל 19; תרגיל 20; תרגיל 21; תרגיל 22; תרגיל 23; תרגיל 24; תרגיל 25; תרגיל 26; תרגיל 27; תרגיל 28; תרגיל 29","0","","no","0","","","yes","69eb1b86ecc3a900bbc7f2e3"
"כיתה יא - 4 יח""ל - 471","מפורסם","שאלון בגרות","2024 - מועד ב","בחינה","מפורסם","0","","1","4u - 471 - 2024 -moed b - latex-VZKLg2rdj1xY2sPWULtIXyIfHnFHqM.pdf","yes","31436","","","yes","69adb40291bc965fa80937a3"
"כיתה יא - 5 יח""ל - 571","מפורסם","שאלוני בגרות 571","2025 - חורף","בחינה","מפורסם","0","","1","Math - 5units - 571 - 2025 - winter-rSHkEb3CbJq5HuXG59w8QQyKoSr2HI.pdf","no","0","","","yes","69a5c1a65259e717610c55d7"
"כיתה י - 4 יח""ל","מפורסם","פונקציות","בעיות קיצון - אי רצינאלי (שורש)","תרגול","מפורסם","0","","0","","no","0","","","no","69eb191ffac1dddc35298860"
"הכנה לז' גיבוי","טיוטה","גאומטריה - הכנה","גיאומטריה - זוויות","לימוד","טיוטה","10","מהי זווית? (קודקוד ושוקיים) — תרגיל 1; איך מודדים זווית? (מעלות ומד זווית) — תרגיל 2; מתן שמות לזוויות (3 אותיות) — תרגיל 3; זווית ישרה (90°) — תרגיל 4; זווית חדה (פחות מ-90°) — תרגיל 5; זווית קהה (מעל 90° ועד 180°) — תרגיל 6; זווית שטוחה (180°) — תרגיל 7; הערכה ויזואלית של גודל הזווית — תרגיל 8; זוויות על פני השעון — תרגיל 9; אתגר הצורה המורכבת — תרגיל 10","0","","no","0","","","yes","6a7454a2fc7d19d634c258d8"
"הכנה לכיתה ז","מפורסם","גאומטריה","גיאומטריה - חרוט","לימוד","מפורסם","10","רכיבי החרוט – הכרת המונחים הבסיסיים — תרגיל 1; הקשר בין רדיוס, גובה ויוצרת – משפט פיתגורס — תרגיל 2; שטח בסיס החרוט – שטח מעגל — תרגיל 3; שטח בסיס במצבים שונים – הבנת הקשר — תרגיל 4; שטח מעטפת החרוט – הפריסה והנוסחה — תרגיל 5; שטח מעטפת – שילוב עם משפט פיתגורס — תרגיל 6; שטח פנים כולל של חרוט – סיכום שטחים — תרגיל 7; חישובי שטח פנים כולל – אתגרים — תרגיל 8; נפח חרוט – מילוי ומקום — תרגיל 9; נפח חרוט – מורכבות ויישומים — תרגיל 10","0","","no","0","","","yes","6a71ec1cf59ccf1397f8483c"
"כיתה ז׳","מפורסם","כיתה ז - גיאומטריה","ז | קווים מקבילים - קווים מקבילים","תרגול","מפורסם","20","תרגיל 1; תרגיל 2; תרגיל 3; תרגיל 4; תרגיל 5; תרגיל 6; תרגיל 7; תרגיל 8; תרגיל 9; תרגיל 10; תרגיל 11; תרגיל 12; תרגיל 13; תרגיל 14; תרגיל 15; תרגיל 16; תרגיל 17; תרגיל 18; תרגיל 19; תרגיל 20","0","","no","0","","","yes","69eb1b86ecc3a900bbc7f2e5"
"כיתה ז׳","מפורסם","כיתה ז - אלגברה","ז | שיעור מספר 3 - ביטוי אלגברי וטכניקה אלגברית","תרגול","מפורסם","49","הסבר 1; סרטון 2; תרגיל 3; תרגיל 4; תרגיל 5; תרגיל 6; תרגיל 7; תרגיל 8; תרגיל 9; תרגיל 10; תרגיל 11; תרגיל 12; תרגיל 13; תרגיל 14; תרגיל 15; תרגיל 16; תרגיל 17; תרגיל 18; תרגיל 19; תרגיל 20; תרגיל 21; תרגיל 22; תרגיל 23; תרגיל 24; תרגיל 25; תרגיל 26; תרגיל 27; תרגיל 28; תרגיל 29; תרגיל 30; תרגיל 31; תרגיל 32; תרגיל 33; תרגיל 34; תרגיל 35; תרגיל 36; תרגיל 37; תרגיל 38; תרגיל 39; תרגיל 40; תרגיל 41; תרגיל 42; תרגיל 43; תרגיל 44; תרגיל 45; תרגיל 46; תרגיל 47; תרגיל 48; תרגיל 49","0","","no","0","","","yes","69eb1b86ecc3a900bbc7f2cf"
"כיתה יא - 4 יח""ל - 471","מפורסם","שאלון בגרות","סעיפי אינטגרל","תרגול","מפורסם","0","","1","אינטגרל - 471-SCEmazcXRC2Dd3fxS1dI5NMDRmQZ94.pdf","yes","33025","","","yes","69b558c9ebdb621dc7ec1774"
"הכנה לכיתה ז","מפורסם","Orphaned lessons","שברים פשוטים ומעורבים","תרגול","מפורסם","0","","1","הכנה-כיתה-ז4-שברים-פשוטים-ומעורבים-S78XnejKKNWtxG0IJxm3Vf0SMOzd22.pdf","no","0","","","yes","6a05ce9f72d277e04d0a4898"
"הכנה לכיתה ז","מפורסם","Orphaned lessons","שברים פשוטים ומעורבים","תרגול","מפורסם","0","","1","הכנה-כיתה-ז4-שברים-פשוטים-ומעורבים-S78XnejKKNWtxG0IJxm3Vf0SMOzd22.pdf","no","0","","","yes","6a688d6a90e1ad0cfe0c85f6"
"הכנה לכיתה ז","מפורסם","Orphaned lessons","שברים פשוטים ומעורבים","תרגול","מפורסם","0","","1","הכנה-כיתה-ז4-שברים-פשוטים-ומעורבים-S78XnejKKNWtxG0IJxm3Vf0SMOzd22.pdf","no","0","","","yes","1e945b96498bbf1c668554ba"
"כיתה יא - 4 יח""ל - 471","מפורסם","שאלון בגרות","בעיות קיצון - גיאומטריה","תרגול","מפורסם","0","","1","ehmui - 471-B5BJ1Ag0I28HyjwsBLZHp6P74d3so3.pdf","yes","30704","","","yes","69ae63d04ad574c65bf83a65"
"כיתה י - 4 יח""ל","מפורסם","פונקציות","בעיות קיצון - רציונאלי","תרגול","מפורסם","0","","0","","no","0","","","no","69eb190b34f6ab777bcfeb1d"
"הכנה לכיתה ז","מפורסם","גאומטריה","גיאומטריה - גליל","לימוד","מפורסם","10","הכרת הגליל ורכיביו — תרגיל 1; שטח בסיס הגליל — תרגיל 2; היקף הבסיס של הגליל — תרגיל 3; שטח המעטפת (השטח הצדדי) של גליל — תרגיל 4; שטח הפנים הכולל של גליל — תרגיל 5; נפח גליל — תרגיל 6; מציאת ממדים חסרים — תרגיל 7; בעיות מילוליות פשוטות — תרגיל 8; בעיות מורכבות יותר — תרגיל 9; שינויים פרופורציונליים והשוואות — תרגיל 10","0","","no","0","","","yes","6a742a23dbb43faa9d6d62dd"
"הכנה לז' גיבוי","טיוטה","גאומטריה - הכנה","גיאומטריה - קטעים ניצבים ומקבילים","לימוד","טיוטה","10","למידה ראשונית של קטעים מקבילים — תרגיל 1; למידה ראשונית של קטעים ניצבים (זווית ישרה) — תרגיל 2; סימון מתמטי ( $\parallel$ ו- $\perp$ ) — תרגיל 3; זיהוי במלבן — תרגיל 4; המרחק בין קווים מקבילים — תרגיל 5; המשולש ישר הזווית — תרגיל 6; הטרפז (רק זוג אחד של מקבילים) — תרגיל 7; נחתכים אך לא ניצבים! — תרגיל 8; בעיות מהחיים האמיתיים (מפת רחובות) — תרגיל 9; אתגר הפדגוגי - צורת הבית — תרגיל 10","0","","no","0","","","yes","6a7454a2fc7d19d634c258d9"
"כיתה יא - 5 יח""ל - 571","מפורסם","שאלוני בגרות 571","מועד ב - 2024","בחינה","מפורסם","0","","1","Fixed_Math - 4units - 471 - 2009 - summer (1)_organized-WHBFSxkB5ZxHlND28iopiMDlAVlgvB.pdf","no","0","","","yes","69a5c1f1fac4a8a02acdbac7"
"הכנה לכיתה ז","מפורסם","Orphaned lessons","מספרים טבעיים - בעיות מילוליות","תרגול","מפורסם","0","","1","הכנה-כיתה-ז2-מספרים-טבעיים-בעיות-מילוליות-vZwtMcp0C9Nlv5EzF9pNYYZrMlRz5N.pdf","no","0","","","yes","6a44bfe2339153c7eeb7b50e"
"הכנה לכיתה ז","מפורסם","Orphaned lessons","מספרים טבעיים - בעיות מילוליות","תרגול","מפורסם","0","","1","הכנה-כיתה-ז2-מספרים-טבעיים-בעיות-מילוליות-vZwtMcp0C9Nlv5EzF9pNYYZrMlRz5N.pdf","no","0","","","yes","6a688d6a90e1ad0cfe0c85f7"
"הכנה לכיתה ז","מפורסם","Orphaned lessons","מספרים טבעיים - בעיות מילוליות","תרגול","מפורסם","0","","1","הכנה-כיתה-ז2-מספרים-טבעיים-בעיות-מילוליות-vZwtMcp0C9Nlv5EzF9pNYYZrMlRz5N.pdf","no","0","","","yes","4a043fb38014d932c6f2868c"
"כיתה ז׳","מפורסם","כיתה ז - אלגברה","משוואות מיוחדוות","לימוד","מפורסם","0","","1","כיתה ח - יחידה 2 - פונקציות - מצב הדדי בין ישרים-p1pXt85jHY9PQG0lVfOHSYonyxWEFo.pdf","yes","15490","","","yes","69f42782cfc7e6b340b7e928"
"כיתה יא - 4 יח""ל - 471","מפורסם","שאלון בגרות","קיץ - 2024","בחינה","מפורסם","0","","0","","no","0","","","no","69adb44d76dc55e2146ab188"
"כיתה ז׳","מפורסם","כיתה ז - אלגברה","ביטויים אלגבריים - תרגילים","תרגול","מפורסם","0","","1","כיתה ז - יחידה 3- ביטוי אלגברי וטכניקה אלגברית [1].docx.pdf","yes","12379","","","yes","695fccaf4743922815df3c9f"
"כיתה יא - 4 יח""ל - 471","מפורסם","שאלון בגרות","בעיות קיצון - גרפי","תרגול","מפורסם","0","","1","בעיות קיצון גרפיות - 471-3v5OmXCWCHqEXboGwtSLH3Ii2knwiD.pdf","yes","18024","","","yes","69b55859f60e848f565f805f"
"הכנה לכיתה ז","מפורסם","Orphaned lessons","בעיות קניה ומכירה","תרגול","מפורסם","0","","1","הכנה-כיתה-ז24-בעיות-קניה-ומכירה-ggrXlEjogiR86jMiNBBShXqveCBDPm.pdf","no","0","","","yes","6a46134dea17cf0b72ad2e8f"
"הכנה לכיתה ז","מפורסם","Orphaned lessons","בעיות קניה ומכירה","תרגול","מפורסם","0","","1","הכנה-כיתה-ז24-בעיות-קניה-ומכירה-ggrXlEjogiR86jMiNBBShXqveCBDPm.pdf","no","0","","","yes","6a688d6a90e1ad0cfe0c85f8"
"הכנה לכיתה ז","מפורסם","Orphaned lessons","בעיות קניה ומכירה","תרגול","מפורסם","0","","1","הכנה-כיתה-ז24-בעיות-קניה-ומכירה-ggrXlEjogiR86jMiNBBShXqveCBDPm.pdf","no","0","","","yes","b6e752e1ab1bc89150a2014a"
"הכנה לכיתה ז","מפורסם","גאומטריה","גיאומטריה - תיבה וקובייה","לימוד","מפורסם","10","מרכיבי התיבה – פאות, מקצועות וקדקודים — תרגיל 1; תיבה מול קובייה – מה מיוחד בקובייה? — תרגיל 2; פתיחת תיבה וקובייה לדו-ממד — תרגיל 3; שטח מלבן – אבן הבסיס לשטח פנים — תרגיל 4; חישוב שטח פנים של תיבה – כל הפאות ביחד — תרגיל 5; חישוב שטח פנים של קובייה – מקרה מיוחד — תרגיל 6; מהו נפח? – הבנה באמצעות קוביות יחידה — תרגיל 7; חישוב נפח של תיבה – אורך כפול רוחב כפול גובה — תרגיל 8; חישוב נפח של קובייה – צלע בחזקת 3 — תרגיל 9; בעיות מורכבות – שטח פנים ונפח יחד — תרגיל 10","0","","no","0","","","yes","6a7435607ffea3151f49acf7"
"כיתה יא - 4 יח""ל - 471","מפורסם","שאלון בגרות","חורף - 2024","בחינה","מפורסם","0","","1","Math - 4units - 471 - 2024 - winter-rdli6VDSsJrzmfpAzc6cqsplyEdmMU.pdf","no","0","","","yes","69adb48eb1d8bb3db2d6c2bd"
"","","","מוטיבציה ולמידה ראשונית של הגדרת הגובה במשולש","לימוד","מפורסם","10","מוטיבציה ולמידה ראשונית של הגדרת הגובה במשולש — תרגיל 1; גובה במשולש חד-זווית (בתוך המשולש) — תרגיל 2; גובה במשולש ישר-זווית (הניצבים הם הגבהים) — תרגיל 3; גובה במשולש קהה-זווית (מחוץ למשולש) — תרגיל 4; נקודת מפגש הגבהים — תרגיל 5; חישוב שטח משולש בעזרת בסיס וגובה — תרגיל 6; מציאת נתון חסר (בסיס או גובה) מתוך השטח — תרגיל 7; זיהוי הגובה המתאים לבסיס (זהירות ממסיחים!) — תרגיל 8; משולש אחד עם שני גבהים שונים (השוואת שטחים) — תרגיל 9; אתגר גג הרעפים המשולש של המחנה! — תרגיל 10","0","","no","0","","","yes","6a454518bcab88aaf71cb5d1"
"כיתה יא - 5 יח""ל - 571","מפורסם","שאלוני בגרות 571","קיץ - 2024","בחינה","מפורסם","0","","1","571 - 2024-summer-v9iDJYUAvI9cLJPx7yRtWO6uZBsfdt.pdf","yes","13096","","","yes","69c90e72a2f5c41ca33243a6"
"כיתה י - 4 יח""ל","מפורסם","פונקציות","Function investigation","תרגול","מפורסם","7","function investigation; function investigation; function investigation; function investigation; function investigation; function investigation; function investigation","0","","no","0","","","yes","69a4b061fdd8a90cc24ee50e"
"כיתה יא - 4 יח""ל - 471","מפורסם","שאלון בגרות","2023 - מועד ב","בחינה","מפורסם","0","","1","4u - 471 - moed B-MWPBw5tQ7rGpUMARGuPk4SRlvX6Yo6.pdf","yes","31892","","","yes","69adb49bb1d8bb3db2d6c2d6"
"כיתה ז׳","מפורסם","כיתה ז - אלגברה","בעיות מילוליות","לימוד","מפורסם","63","תרגיל 1; תרגיל 2; תרגיל 3; תרגיל 4; תרגיל 5; תרגיל 6; תרגיל 7; תרגיל 8; תרגיל 9; תרגיל 10; תרגיל 11; תרגיל 12; תרגיל 13; תרגיל 14; תרגיל 15; תרגיל 16; תרגיל 17; תרגיל 18; תרגיל 19; תרגיל 20; תרגיל 21; תרגיל 22; תרגיל 23; תרגיל 24; תרגיל 25; תרגיל 26; תרגיל 27; תרגיל 28; תרגיל 29; תרגיל 30; תרגיל 31; תרגיל 32; תרגיל 33; תרגיל 34; תרגיל 35; תרגיל 36; תרגיל 37; תרגיל 38; תרגיל 39; תרגיל 40; תרגיל 41; תרגיל 42; תרגיל 43; תרגיל 44; תרגיל 45; תרגיל 46; תרגיל 47; תרגיל 48; תרגיל 49; תרגיל 50; תרגיל 51; תרגיל 52; תרגיל 53; תרגיל 54; תרגיל 55; תרגיל 56; תרגיל 57; תרגיל 58; תרגיל 59; תרגיל 60; תרגיל 61; תרגיל 62; תרגיל 63","0","","no","0","","","yes","69eb1b86ecc3a900bbc7f2d9"
"הכנה לכיתה ז","מפורסם","Orphaned lessons","בעיות מילוליות - שברים","תרגול","מפורסם","0","","1","הכנה-כיתה-ז5בעיות-מילוליות-שברים-GSrBXrKeiLJnOkasQLz9tiZiGp87Mj.pdf","no","0","","","yes","6a44c64459d830c951e7e467"
"הכנה לכיתה ז","מפורסם","Orphaned lessons","בעיות מילוליות - שברים","תרגול","מפורסם","0","","1","הכנה-כיתה-ז5בעיות-מילוליות-שברים-GSrBXrKeiLJnOkasQLz9tiZiGp87Mj.pdf","no","0","","","yes","6a688d6a90e1ad0cfe0c85f9"
"הכנה לכיתה ז","מפורסם","Orphaned lessons","בעיות מילוליות - שברים","תרגול","מפורסם","0","","1","הכנה-כיתה-ז5בעיות-מילוליות-שברים-GSrBXrKeiLJnOkasQLz9tiZiGp87Mj.pdf","no","0","","","yes","f9bba2b0fe3dea751de18f57"
"","","","היקף המעגל","לימוד","מפורסם","10","מוטיבציה ולמידה ראשונית של היקף המעגל — תרגיל 1; חישוב היקף המעגל לפי רדיוס או קוטר — תרגיל 2; מציאת רדיוס או קוטר מתוך ההיקף — תרגיל 3; מוטיבציה ולמידה ראשונית של שטח המעגל — תרגיל 4; חישוב שטח המעגל לפי הרדיוס — תרגיל 5; חישוב שטח המעגל כאשר נתון הקוטר (זהירות ממלכודת!) — תרגיל 6; מציאת רדיוס מתוך השטח — תרגיל 7; חישוב היקף ושטח יחד — תרגיל 8; שינוי הרדיוס והשפעתו על ההיקף והשטח — תרגיל 9; אתגר מזרקת המים העגולה בפארק! — תרגיל 10","0","","no","0","","","yes","6a455d3384a9b14770aa7b53"
"כיתה יא - 5 יח""ל - 571","מפורסם","שאלוני בגרות 571","חורף - 2024","בחינה","מפורסם","0","","1","571-חורף 24-lrbBnrxYVaPaKPvetmFPYxiSBG4YZt.pdf","yes","16940","","","yes","69ca47529726e83069ded6ce"
"כיתה י - 4 יח""ל","מפורסם","פונקציות","פונקצית פולינום - חקירה","לימוד","מפורסם","10","חקירת פונקציה - בסיס; חקירת פונקציה - בסיס; חקירת פונקציה - בסיס; חקירת פונקציה - בסיס; חקירת פונקציה - בסיס; חקירת פונקציה - בסיס; חקירת פונקציה - בסיס; חקירת פונקציה - בסיס; חקירת פונקציה - בסיס; חקירת פונקציה - בסיס","0","","yes","2969","","","yes","699247c3774bf4a4debe5e74"
"כיתה ח' - מתקדם","מפורסם","גיאומטירה","פיתגורס","תרגול","מפורסם","34","תרגיל 1; תרגיל 2; תרגיל 3; תרגיל 4; תרגיל 5; תרגיל 6; תרגיל 7; תרגיל 8; תרגיל 9; תרגיל 10; תרגיל 11; תרגיל 12; תרגיל 13; תרגיל 14; תרגיל 15; תרגיל 16; תרגיל 17; תרגיל 18; תרגיל 19; תרגיל 20; תרגיל 21; תרגיל 22; תרגיל 23; תרגיל 24; תרגיל 25; תרגיל 26; תרגיל 27; תרגיל 28; תרגיל 29; תרגיל 30; תרגיל 31; תרגיל 32; תרגיל 33; תרגיל 34","0","","no","0","","","yes","69eb1b86ecc3a900bbc7f2f1"
"כיתה ח' - מתקדם","מפורסם","בחינות","18 - פונקציות, יחס, מע, משוואת,  חפיפה, דמיון ושווה שוקיים - הקבצה א","בחינה","מפורסם","0","","1","בחינה 18-  כיתה ח' -  פונקציוה קווית, בעיות מלוליות, משולש שש, דימיון וחפיפת משולשים-EknRSpTNjnWhyA6xRWsK45QaljHob4.pdf","no","0","","","yes","69ee07bae8bb4fb7ac5d9e38"
"כיתה יא - 4 יח""ל - 471","מפורסם","שאלון בגרות","2023 - קיץ","בחינה","מפורסם","0","","1","4u - 471 - 2023 - summer - latex-1c30fH541E8jo9hyhiIE0JPcbAhIwj.pdf","yes","29723","","","yes","69adb4c0b0867e1611a568db"
"כיתה ח' - מתקדם","מפורסם","אלגברה","ט | אחוזים - אחוזים 2","לימוד","מפורסם","46","תרגיל 1; תרגיל 2; תרגיל 3; תרגיל 4; תרגיל 5; תרגיל 6; תרגיל 7; תרגיל 8; תרגיל 9; תרגיל 10; תרגיל 11; תרגיל 12; תרגיל 13; תרגיל 14; תרגיל 15; תרגיל 16; תרגיל 17; תרגיל 18; תרגיל 19; תרגיל 20; תרגיל 21; תרגיל 22; תרגיל 23; תרגיל 24; תרגיל 25; תרגיל 26; תרגיל 27; תרגיל 28; תרגיל 29; תרגיל 30; תרגיל 31; תרגיל 32; תרגיל 33; תרגיל 34; תרגיל 35; תרגיל 36; תרגיל 37; תרגיל 38; תרגיל 39; תרגיל 40; תרגיל 41; תרגיל 42; תרגיל 43; תרגיל 44; תרגיל 45; תרגיל 46","0","","no","0","","","yes","69eb1b86ecc3a900bbc7f311"
"","","","מוטיבציה ולמידה ראשונית של הגדרת המקבילית / המנסרה","לימוד","טיוטה","10","מוטיבציה ולמידה ראשונית של הגדרת המקבילית / המנסרה — תרגיל 1; מנסרה ישרה ומנסרה נטויה — תרגיל 2; סוגי מנסרות לפי צורת הבסיס — תרגיל 3; רכיבי המנסרה (חישוב פאות, מקצועות וקדקודים) — תרגיל 4; הפאות הצדדיות במנסרה ישרה (תמיד מלבנים) — תרגיל 5; שטח מעטפת ושטח פנים של מנסרה — תרגיל 6; חישוב נפח מנסרה (שטח בסיס כפול גובה) — תרגיל 7; מציאת נתון חסר (גובה או שטח בסיס) מתוך הנפח — תרגיל 8; מנסרה משולשת ישרת-זווית — תרגיל 9; אתגר פרויקט המנסרות הממוחזרות של הוועד! — תרגיל 10","0","","no","0","","","yes","6a46203269d2b6c6778321a5"
"כיתה יא - 5 יח""ל - 571","מפורסם","שאלוני בגרות 571","מועד ב - 2023","בחינה","מפורסם","0","","1","571 - 2026 - חורף-kHUzjnDBZmsX8n91GcJEvO1mT3MEZ2.pdf","yes","27730","","","yes","69ca52e7846c683fd28bbd1f"
"כיתה ז׳","מפורסם","כיתה ז - אלגברה","משוואת ובעיות מילוליות","תרגול","מפורסם","44","תרגיל 1; תרגיל 2; תרגיל 3; תרגיל 4; תרגיל 5; תרגיל 6; תרגיל 7; תרגיל 8; תרגיל 9; תרגיל 10; תרגיל 11; תרגיל 12; תרגיל 13; תרגיל 14; תרגיל 15; תרגיל 16; תרגיל 17; תרגיל 18; תרגיל 19; תרגיל 20; תרגיל 21; תרגיל 22; תרגיל 23; תרגיל 24; תרגיל 25; תרגיל 26; תרגיל 27; תרגיל 28; תרגיל 29; תרגיל 30; תרגיל 31; תרגיל 32; תרגיל 33; תרגיל 34; תרגיל 35; תרגיל 36; תרגיל 37; תרגיל 38; תרגיל 39; תרגיל 40; תרגיל 41; תרגיל 42; תרגיל 43; תרגיל 44","0","","no","0","","","yes","69eb1b86ecc3a900bbc7f2d7"
"כיתה ח' - מתקדם","מפורסם","בחינות","פונקציות, יחס , מע' משוואת, חפיפה, דמיון ושווה שוקיים - הקבצה א  19","בחינה","מפורסם","0","","1","בחינה 19-  כיתה ח' -  פונקציוה קווית, יחס, משולש שש, דימיון וחפיפת משולשים-7HQsiyzhwTRiNpykfIMhlSTQoQiRe9.pdf","no","0","","","yes","69ee0615e9ed048fb4abe183"
"כיתה יא - 4 יח""ל - 471","מפורסם","שאלון בגרות","2023 - חורף","בחינה","מפורסם","0","","1","4u - 471 - 2023 -winter - latex-QDsR2GTbTeb4V4HYa5F3cCNkXvYy33.pdf","yes","33902","","","yes","69adb4d1b1d8bb3db2d6c2f4"
"כיתה י - 4 יח""ל","מפורסם","הכנה לכיתה י - 4 יח""ל","הכנה לכיתה י - בחינת סימולציה 2","בחינה","מפורסם","0","","1","עולים ל-י - 4 יחל - מבחן סימולציה 2-g4r7yl0EOOU0mggmNYpfSvQhYChUUL.pdf","yes","20326","","","yes","6a80855f10f2309791f80dc5"
"כיתה י - 4 יח""ל","מפורסם","הכנה לכיתה י - 4 יח""ל","הכנה לכיתה י - מבחן סמולציה 1","בחינה","מפורסם","0","","1","עולים ל-י - 4 יחל - מבחן סימולציה 1-FDFpKbhWAt87xk792Ex9iVjFBPSVoI.pdf","yes","17263","","","yes","6a8083eb2248a8ec3fe24409"
"כיתה י - 5 יח""ל","מפורסם","הכנה לכיתה י - 5 יח""ל","הכנה לכיתה י - מבחן סמולציה 2","בחינה","מפורסם","0","","1","עולים ל-י - 5 יחל - מבחן סימולציה 2-R27nAGc3xu1hTDENQPF5AZjEZoBe57.pdf","yes","21353","","","yes","6a80831b5ba4c1163299765a"
"כיתה יב - 5 יח""ל - 572","מפורסם","מספרים מרוגכבים","הצגה אלגברית - חיבור, חיסור, כפל וחילוק","לימוד","מפורסם","0","","0","","no","0","","","no","69f5920ec9a5ed5e7ed81f62"
"כיתה יב - 5 יח""ל - 572","מפורסם","מספרים מרוגכבים","הצגה קוטבית - מישור גאוס","לימוד","מפורסם","0","","0","","no","0","","","no","69f59250281ca1d9409c6386"
"כיתה יב - 5 יח""ל - 572","מפורסם","מספרים מרוגכבים","הצגה קוטבית - משפט דמואבר","לימוד","מפורסם","0","","0","","no","0","","","no","69f5928b45a07eb19320f73e"
"כיתה ח' - מתקדם","מפורסם","גיאומטירה","ח | משפט פיתגורס - תרגול מורחב - פיתגורס 3","תרגול","מפורסם","21","תרגיל 1; תרגיל 2; תרגיל 3; תרגיל 4; תרגיל 5; תרגיל 6; תרגיל 7; תרגיל 8; תרגיל 9; תרגיל 10; תרגיל 11; תרגיל 12; תרגיל 13; תרגיל 14; תרגיל 15; תרגיל 16; תרגיל 17; תרגיל 18; תרגיל 19; תרגיל 20; תרגיל 21","0","","no","0","","","yes","69eb1b86ecc3a900bbc7f2f3"
"כיתה ז׳","מפורסם","כיתה ז - אלגברה","חוקיות- תרגול","תרגול","מפורסם","0","","1","כיתה ז - יחידה 2 - חוקיות.docx.pdf","yes","14822","","","yes","695fcc661e16b5f7ec7fe172"
"כיתה יב - 5 יח""ל - 572","מפורסם","אנליטית","חלוקה ביחס נתון","לימוד","מפורסם","0","","0","","no","0","","","no","69f590f645a07eb19320f695"
"כיתה יב - 5 יח""ל - 572","מפורסם","אנליטית","מקומות גיאומטרים","לימוד","מפורסם","0","","0","","no","0","","","no","69f591e83fdab2477f03c00d"
"כיתה יב - 5 יח""ל - 572","מפורסם","מספרים מרוגכבים","מרוכבים - הצגה קרטזית","תרגול","מפורסם","0","","0","","no","0","","","no","69d0b8ed4d598323f1d3f250"
"כיתה יב - 5 יח""ל - 572","מפורסם","אנליטית","מרחק בין נקודות ובין ישרים","לימוד","מפורסם","0","","0","","no","0","","","no","69f5918a3fdab2477f03bfbf"
"כיתה יב - 5 יח""ל - 572","מפורסם","אנליטית","משוואת האליפסה","לימוד","מפורסם","0","","0","","no","0","","","no","69f591d485f66461b5dff833"
"כיתה יב - 5 יח""ל - 572","מפורסם","אנליטית","משוואת הפרבולה","לימוד","מפורסם","0","","0","","no","0","","","no","69f591a1ef7ee56187b461e5"
"כיתה ח' - מתקדם","מפורסם","בחינות","פונקציות, יחס , מע' משוואת, חפיפה, דמיון ושווה שוקיים - מצוינות 20","בחינה","מפורסם","0","","1","כיתה ח - בחינה 20-wMCr6oqAEAxpBYAJNEfaufvznQxxLO.pdf","no","0","","","yes","69ee04b6a8888dcf739e652c"
"כיתה יא - 5 יח""ל - 571","מפורסם","שאלוני בגרות 571","קיץ - 2023","בחינה","מפורסם","0","","1","571 - 2026 - חורף-kHUzjnDBZmsX8n91GcJEvO1mT3MEZ2.pdf","yes","27729","","","yes","69ca52c8846c683fd28bbce8"
"כיתה יא - 4 יח""ל - 471","מפורסם","שאלון בגרות","2022 - מועד ב","בחינה","מפורסם","0","","0","","no","0","","","no","69cb4ee763ee2ea00a0c193a"
"כיתה ז׳","מפורסם","כיתה ז - אלגברה","אפס, אחד, חזקות ושורשים, תרגול","תרגול","מפורסם","0","","1","כיתה ז - יחידה 4 - אפס, אחד, חזקות ושורשים.docx.pdf","yes","3143","","","yes","695fcd481e16b5f7ec7fe19b"
"כיתה ט - מתקדם","מפורסם","גיאומטריה","י | שיעור מספר 20 - גיאומטריה - מקבילית","תרגול","מפורסם","4","תרגיל 1; תרגיל 2; תרגיל 3; תרגיל 4","0","","no","0","","","yes","69eb1b86ecc3a900bbc7f31f"
"כיתה יב - 5 יח""ל - 572","מפורסם","מספרים מרוגכבים","מרוכבים - הצגה פורלרית","תרגול","מפורסם","0","","0","","no","0","","","no","69d0b94ca7181a721692e093"
"כיתה ח' - מתקדם","מפורסם","בחינות","פונקציות, יחס , מע' משוואת, חפיפה, דמיון ושווה שוקיים - הקבצה א","בחינה","מפורסם","0","","1","כיתה ח - בחינה 21-nUMI2Dj5yltnlKx6GIMjrFPNzusUrj.pdf","no","0","","","yes","69ee028ff6af2703c65c5991"
"כיתה יב - 5 יח""ל - 572","מפורסם","חקירה ואינטגרל - פונקציצה מערכיית","פונקצייה מעריכית - אסימפטוטת וחורים","לימוד","מפורסם","0","","0","","no","0","","","no","69d0b9765667f09e0f138331"
"כיתה יב - 5 יח""ל - 572","מפורסם","חקירה ואינטגרל - פונקציצה מערכיית","פונקצייה מעריכית - נגזרת","לימוד","מפורסם","0","","0","","no","0","","","no","69f5931085f66461b5dff8e6"
"כיתה יא - 4 יח""ל - 471","מפורסם","שאלון בגרות","2022 - קיץ","בחינה","מפורסם","0","","0","","no","0","","","no","69cba5ad39150c9cd4ded3f4"
"כיתה יב - 5 יח""ל - 572","מפורסם","חקירה ואינטגרל - פונקציצה מערכיית","אינטרגל - פונקציה מעריכית","תרגול","מפורסם","0","","0","","no","0","","","no","69d0b9dac284540c9a6e6544"
"כיתה ח' - בסיס","מפורסם","גיאומטריה","ח | דימיון משולשים - משולשים דומים","תרגול","מפורסם","31","הסבר 1; הסבר 2; תרגיל 3; תרגיל 4; תרגיל 5; תרגיל 6; תרגיל 7; תרגיל 8; תרגיל 9; תרגיל 10; תרגיל 11; תרגיל 12; תרגיל 13; תרגיל 14; תרגיל 15; תרגיל 16; תרגיל 17; תרגיל 18; תרגיל 19; תרגיל 20; תרגיל 21; תרגיל 22; תרגיל 23; תרגיל 24; תרגיל 25; תרגיל 26; תרגיל 27; תרגיל 28; תרגיל 29; תרגיל 30; תרגיל 31","0","","no","0","","","yes","69eb1b86ecc3a900bbc7f2f5"
"כיתה ח' - מתקדם","מפורסם","בחינות","יחס, מערכת משווואת, פיתגורס, דימיון וחפיפת משולשים","בחינה","מפורסם","0","","1","בחינה 104-  כיתה ח' -  יחס, מערכת משווואת, פיתגורס, דימיון וחפיפת משולשים-HwoCbYWPi7fmJepmi4y7JcuVTx7qY3.pdf","no","0","","","yes","69ccf2d0991fc6468d40a718"
"כיתה ז׳","מפורסם","כיתה ז - אלגברה","משוואות","תרגול","מפורסם","0","","1","כיתה ז - יחידה 7 - משוואות-1.pdf","yes","7846","","","yes","696f5d472bdac85ecee09781"
"כיתה ח' - מתקדם","מפורסם","בחינות","פונקציות, יחס , מע' משוואת, חפיפה, דמיון ושווה שוקיים - הקבצה א","בחינה","מפורסם","0","","1","כיתה ח - בחינה 22-uFqqIj1eCAEovrzbwW3aWqT2QizmyK.pdf","no","0","","","yes","69ee014331a22f742f6be856"
"כיתה ח' - מתקדם","מפורסם","בחינות","פונקציות, מע' משוואת, ב מילוליות חפיפה, דימיון ושווה שוקיים וסטטיסטיקהה","בחינה","מפורסם","0","","1","כיתה ח - בחינה 25-iqikEFRjSQqbwrxuc3GjutaKrANLGd.pdf","no","0","","","yes","69ccf386991fc6468d40a792"
"כיתה יא - 4 יח""ל - 471","מפורסם","שאלון בגרות","2022 - חורף","בחינה","מפורסם","0","","0","","no","0","","","no","69cb4f1063ee2ea00a0c1998"
"כיתה ז׳","מפורסם","כיתה ז - אלגברה","מספרים מכוונים, תרגול","תרגול","מפורסם","0","","1","כיתה ז - יחידה 5 - מספרים מכוונים.pdf","yes","6801","","","yes","695fcd874743922815df3cb8"
"כיתה ח' - מתקדם","מפורסם","בחינות","פונקציות, יחס , מע' משוואת, חפיפה, דמיון ושווה שוקיים - הקבצה א","בחינה","מפורסם","0","","1","כיתה ח - בחינה 23-ZwP3w5NmuPan8xYscjDQNICAcYgPxx.pdf","no","0","","","yes","69ee008fe8bb4fb7ac5d9a05"
"כיתה ז׳","מפורסם","כיתה ז - אלגברה","בעיות מילוליות","תרגול","מפורסם","0","","1","כיתה ז - יחידה 7 - משוואות.pdf","yes","5567","","","yes","695fce631e16b5f7ec7fe1c2"
"","","","חזקות - מבוא","לימוד","מפורסם","10","מוטיבציה ולמידה ראשונית של מושג החזקה — תרגיל 1; זיהוי הבסיס והמעריך בחזקה — תרגיל 2; חישוב חזקות בסיסיות (ערך החזקה) — תרגיל 3; חזקות מיוחדות - חזקת 1 וחזקת 0 — תרגיל 4; בסיס 1 ובסיס 0 — תרגיל 5; טעויות נפוצות - כפל במקום חזקה — תרגיל 6; חזקה שנייה (ריבוע) וחזקה שלישית (קובייה) — תרגיל 7; השוואת חזקות (מי גדול יותר?) — תרגיל 8; סדר פעולות חשבון עם חזקות — תרגיל 9; אתגר שרשרת הודעות הוואטסאפ הכיתתית! — תרגיל 10","0","","no","0","","","yes","6a462768961bb578f219da25"
"","","","חזקות - מבוא","לימוד","מפורסם","10","מוטיבציה ולמידה ראשונית של מושג החזקה — תרגיל 1; זיהוי הבסיס והמעריך בחזקה — תרגיל 2; חישוב חזקות בסיסיות (ערך החזקה) — תרגיל 3; חזקות מיוחדות - חזקת 1 וחזקת 0 — תרגיל 4; בסיס 1 ובסיס 0 — תרגיל 5; טעויות נפוצות - כפל במקום חזקה — תרגיל 6; חזקה שנייה (ריבוע) וחזקה שלישית (קובייה) — תרגיל 7; השוואת חזקות (מי גדול יותר?) — תרגיל 8; סדר פעולות חשבון עם חזקות — תרגיל 9; אתגר שרשרת הודעות הוואטסאפ הכיתתית! — תרגיל 10","0","","no","0","","","yes","6a688d6a90e1ad0cfe0c85fb"
"","","","חזקות - מבוא","לימוד","מפורסם","10","מוטיבציה ולמידה ראשונית של מושג החזקה — תרגיל 1; זיהוי הבסיס והמעריך בחזקה — תרגיל 2; חישוב חזקות בסיסיות (ערך החזקה) — תרגיל 3; חזקות מיוחדות - חזקת 1 וחזקת 0 — תרגיל 4; בסיס 1 ובסיס 0 — תרגיל 5; טעויות נפוצות - כפל במקום חזקה — תרגיל 6; חזקה שנייה (ריבוע) וחזקה שלישית (קובייה) — תרגיל 7; השוואת חזקות (מי גדול יותר?) — תרגיל 8; סדר פעולות חשבון עם חזקות — תרגיל 9; אתגר שרשרת הודעות הוואטסאפ הכיתתית! — תרגיל 10","0","","no","0","","","yes","c6f8a4097d6aad414836b116"
"","","","מוטיבציה ולמידה ראשונית של הגדרת הגליל","לימוד","מפורסם","10","מוטיבציה ולמידה ראשונית של הגדרת הגליל — תרגיל 1; מבנה הגליל - בסיסים ומעטפת — תרגיל 2; רדיוס וקוטר הבסיס — תרגיל 3; גובה הגליל — תרגיל 4; פריסה של גליל (דו-ממד לתלת-ממד) — תרגיל 5; היקף הבסיס של הגליל — תרגיל 6; שטח הבסיס של הגליל — תרגיל 7; שטח המעטפת של הגליל — תרגיל 8; נפח התיבה / הגליל (שטח בסיס כפול גובה) — תרגיל 9; אתגר קפסולת הזמן העגולה של הכיתה! — תרגיל 10","0","","no","0","","","yes","6a46218769d2b6c6778322c0"
"כיתה יא - 5 יח""ל - 571","מפורסם","שאלוני בגרות 571","2021 - קיץ","בחינה","מפורסם","0","","1","571-summ-2021-Xq8yZtAj4RB7nuK7yYPE6H1bIXmtg5.pdf","yes","20845","","","yes","69cf5decd7e18365783fd799"
"הכנה לז' גיבוי","טיוטה","גאומטריה - הכנה","גיאומטריה - משולש גבהים","לימוד","טיוטה","10","הכרת הגובה במשולש — תרגיל 1; זיהוי גבהים — תרגיל 2; גובה במשולש ישר זווית — תרגיל 3; הגבהים בתוך/מחוץ למשולש — תרגיל 4; מפגש גבהים — תרגיל 5; בניית גובה (כלי מדידה) — תרגיל 6; קשר בין גובה לשטח — תרגיל 7; סוגי משולשים ומפגש גבהים — תרגיל 8; סיכום מושגים — תרגיל 9; אתגר הגבהים והשטחים! — תרגיל 10","0","","no","0","","","yes","6a7454a2fc7d19d634c258da"
"","","","סדר פעולות חשבון","לימוד","מפורסם","10","מוטיבציה ולמידה ראשונית של חוקי סדר פעולות חשבון — תרגיל 1; קדימות כפל וחילוק (ללא סוגריים) — תרגיל 2; פתרון משמאל לימין בפעולות בעלות אותו מעמד — תרגיל 3; תפקיד הסוגריים (הם קודמים להכל) — תרגיל 4; סדר פעולות בתוך הסוגריים עצמם — תרגיל 5; מלכודות נפוצות (פתרון לפי הסדר משמאל לימין) — תרגיל 6; תרגילי שרשרת ארוכים — תרגיל 7; תרגום בעיות מילוליות פשוטות לתרגיל שרשרת — תרגיל 8; שימוש בסוגריים בבעיות מילוליות — תרגיל 9; אתגר פרויקט שקיות ההפתעה של יום ההולדת! — תרגיל 10","0","","no","0","","","yes","6a462d03c7c8959cf37eca23"
"","","","סדר פעולות חשבון","לימוד","מפורסם","10","מוטיבציה ולמידה ראשונית של חוקי סדר פעולות חשבון — תרגיל 1; קדימות כפל וחילוק (ללא סוגריים) — תרגיל 2; פתרון משמאל לימין בפעולות בעלות אותו מעמד — תרגיל 3; תפקיד הסוגריים (הם קודמים להכל) — תרגיל 4; סדר פעולות בתוך הסוגריים עצמם — תרגיל 5; מלכודות נפוצות (פתרון לפי הסדר משמאל לימין) — תרגיל 6; תרגילי שרשרת ארוכים — תרגיל 7; תרגום בעיות מילוליות פשוטות לתרגיל שרשרת — תרגיל 8; שימוש בסוגריים בבעיות מילוליות — תרגיל 9; אתגר פרויקט שקיות ההפתעה של יום ההולדת! — תרגיל 10","0","","no","0","","","yes","6a688d6a90e1ad0cfe0c85fc"
"","","","סדר פעולות חשבון","לימוד","מפורסם","10","מוטיבציה ולמידה ראשונית של חוקי סדר פעולות חשבון — תרגיל 1; קדימות כפל וחילוק (ללא סוגריים) — תרגיל 2; פתרון משמאל לימין בפעולות בעלות אותו מעמד — תרגיל 3; תפקיד הסוגריים (הם קודמים להכל) — תרגיל 4; סדר פעולות בתוך הסוגריים עצמם — תרגיל 5; מלכודות נפוצות (פתרון לפי הסדר משמאל לימין) — תרגיל 6; תרגילי שרשרת ארוכים — תרגיל 7; תרגום בעיות מילוליות פשוטות לתרגיל שרשרת — תרגיל 8; שימוש בסוגריים בבעיות מילוליות — תרגיל 9; אתגר פרויקט שקיות ההפתעה של יום ההולדת! — תרגיל 10","0","","no","0","","","yes","5daaea2b64b4590edf36f1fa"
"הכנה לז' גיבוי","טיוטה","גאומטריה - הכנה","גיאומטריה - מרובעים מיוחדים","לימוד","טיוטה","10","זיהוי תכונות המלבן והריבוע — תרגיל 1; זיהוי תכונות המעוין והמקבילית — תרגיל 2; השוואת תכונות וזיהוי מרובעים — תרגיל 3; השוואה וסיווג מרובעים — תרגיל 4; סיווג והבחנה בין מרובעים — תרגיל 5; יישום תכונות מרובעים — תרגיל 6; תכונות מתקדמות וקשרים — תרגיל 7; ניתוח טבלאי של תכונות — תרגיל 8; סיכום והשלמת תכונות — תרגיל 9; מבחן ידע כולל — תרגיל 10","0","","no","0","","","yes","6a7454a2fc7d19d634c258db"
"כיתה ט - מתקדם","מפורסם","גיאומטריה","ט | שיעור 20 - משולש ישר זווית","תרגול","מפורסם","53","תרגיל 1; תרגיל 2; תרגיל 3; תרגיל 4; תרגיל 5; תרגיל 6; תרגיל 7; תרגיל 8; תרגיל 9; תרגיל 10; תרגיל 11; תרגיל 12; תרגיל 13; תרגיל 14; תרגיל 15; תרגיל 16; תרגיל 17; תרגיל 18; תרגיל 19; תרגיל 20; תרגיל 21; תרגיל 22; תרגיל 23; תרגיל 24; תרגיל 25; תרגיל 26; תרגיל 27; תרגיל 28; תרגיל 29; תרגיל 30; תרגיל 31; תרגיל 32; תרגיל 33; תרגיל 34; תרגיל 35; תרגיל 36; תרגיל 37; תרגיל 38; תרגיל 39; תרגיל 40; תרגיל 41; תרגיל 42; תרגיל 43; תרגיל 44; תרגיל 45; תרגיל 46; תרגיל 47; תרגיל 48; תרגיל 49; תרגיל 50; תרגיל 51; תרגיל 52; תרגיל 53","0","","no","0","","","yes","69eb1b86ecc3a900bbc7f313"
"הכנה לז' גיבוי","טיוטה","גאומטריה - הכנה","גיאומטריה - מצולעים","לימוד","טיוטה","10","זיהוי מצולעים ותכונותיהם הבסיסיות — תרגיל 1; ספירת צלעות וקודקודים — תרגיל 2; היקף של מצולע — תרגיל 3; סוגי מצולעים לפי מספר צלעות — תרגיל 4; מצולעים משוכללים — תרגיל 5; חישוב היקף עם יחידות שונות — תרגיל 6; אלכסונים במצולעים — תרגיל 7; סיכום זוויות פנימיות — תרגיל 8; שילוב מושגים — תרגיל 9; אתגר המצולעים הגדול! — תרגיל 10","0","","no","0","","","yes","6a7454a2fc7d19d634c258dc"
"כיתה ט - מתקדם","מפורסם","גיאומטריה","ט | שיעור 21 - מקבילית","תרגול","מפורסם","44","תרגיל 1; תרגיל 2; תרגיל 3; תרגיל 4; תרגיל 5; תרגיל 6; תרגיל 7; תרגיל 8; תרגיל 9; תרגיל 10; תרגיל 11; תרגיל 12; תרגיל 13; תרגיל 14; תרגיל 15; תרגיל 16; תרגיל 17; תרגיל 18; תרגיל 19; תרגיל 20; תרגיל 21; תרגיל 22; תרגיל 23; תרגיל 24; תרגיל 25; תרגיל 26; תרגיל 27; תרגיל 28; תרגיל 29; תרגיל 30; תרגיל 31; תרגיל 32; תרגיל 33; תרגיל 34; תרגיל 35; תרגיל 36; תרגיל 37; תרגיל 38; תרגיל 39; תרגיל 40; תרגיל 41; תרגיל 42; תרגיל 43; תרגיל 44","0","","no","0","","","yes","69eb1b86ecc3a900bbc7f315"
"הכנה לז' גיבוי","טיוטה","גאומטריה - הכנה","גיאומטריה - מעגל - שטח והיקף","לימוד","טיוטה","10","הכרת מושגים ונוסחאות בסיסיות של המעגל — תרגיל 1; יישום בסיסי של נוסחאות היקף ושטח — תרגיל 2; מציאת רדיוס/קוטר מהיקף או שטח — תרגיל 3; יחידות מידה וקשרים בין גדלים — תרגיל 4; זיהוי שגיאות ויישומים בהקשרים — תרגיל 5; חלקי מעגל - חצאי ורבעי מעגל — תרגיל 6; בעיות מילוליות וחישובים מורכבים — תרגיל 7; ניתוח נתונים בטבלאות — תרגיל 8; חישובים מורכבים ומושגים משולבים — תרגיל 9; אתגר המעגלים והשטחים! — תרגיל 10","0","","no","0","","","yes","6a7454a2fc7d19d634c258dd"
"הכנה לז' גיבוי","טיוטה","גאומטריה - הכנה","גיאומטריה - מנסרות","לימוד","טיוטה","10","הכרת הפירמידה ורכיביה — תרגיל 1; פירמידות מסוגים שונים (לפי צורת הבסיס) — תרגיל 2; פירמידה ישרה ופירמידה משוכללת — תרגיל 3; פריסה של פירמידה — תרגיל 4; ספירת פאות, מקצועות וקודקודים — תרגיל 5; שטח פנים של פירמידה — תרגיל 6; נפח של פירמידה (תפיסה וחישוב) — תרגיל 7; ניתוח נתונים בטבלאות — תרגיל 8; מיון והשוואה בין גופים במרחב — תרגיל 9; אתגר הפירמידות הגדול! — תרגיל 10","0","","no","0","","","yes","6a7454a2fc7d19d634c258de"
"כיתה יב - 5 יח""ל - 572","מפורסם","חקירה של פונקציה לוגרתמית","חקירה פונקציה ln","תרגול","מפורסם","0","","0","","no","0","","","no","69d0bb185667f09e0f13834d"
"הכנה לז' גיבוי","טיוטה","גאומטריה - הכנה","גיאומטריה - גליל","לימוד","טיוטה","10","הכרת הגליל ורכיביו — תרגיל 1; שטח בסיס הגליל — תרגיל 2; היקף הבסיס של הגליל — תרגיל 3; שטח המעטפת (השטח הצדדי) של גליל — תרגיל 4; שטח הפנים הכולל של גליל — תרגיל 5; נפח גליל — תרגיל 6; מציאת ממדים חסרים — תרגיל 7; בעיות מילוליות פשוטות — תרגיל 8; בעיות מורכבות יותר — תרגיל 9; שינויים פרופורציונליים והשוואות — תרגיל 10","0","","no","0","","","yes","6a7454a2fc7d19d634c258df"
"כיתה יב - 5 יח""ל - 572","מפורסם","חקירה של פונקציה לוגרתמית","חקירה פונקציה log","תרגול","מפורסם","0","","0","","no","0","","","no","69d0bb98a7181a721692e180"
"הכנה לז' גיבוי","טיוטה","גאומטריה - הכנה","מלבן - שטח והיקף","לימוד","טיוטה","10","היכרות עם מלבן והיקף בסיסי — תרגיל 1; חישוב היקף באמצעות נוסחה — תרגיל 2; מציאת צלע חסרה מהיקף — תרגיל 3; שטח מלבן בסיסי — תרגיל 4; מציאת צלע חסרה משטח — תרגיל 5; שילוב שטח והיקף, ושינויים — תרגיל 6; בעיות מילוליות משולבות — תרגיל 7; מלבן בתוך מלבן או מלבנים מורכבים — תרגיל 8; ביטויים אלגבריים להיקף ושטח — תרגיל 9; בעיות פתוחות ואתגרי חשיבה — תרגיל 10","0","","no","0","","","yes","6a7454a2fc7d19d634c258e0"
"הכנה לז' גיבוי","טיוטה","גאומטריה - הכנה","גיאומטריה - נקודה וקטע","לימוד","טיוטה","10","הכרת נקודות וקטעים — תרגיל 1; זיהוי ומדידת קטעים בסיסית — תרגיל 2; נקודת אמצע של קטע — תרגיל 3; תכונות קטעים ונקודות — תרגיל 4; קטעים חופפים ונקודת אמצע מתקדמת — תרגיל 5; חיבור וחיסור קטעים על ישר — תרגיל 6; יישום עקרונות — תרגיל 7; מיקום נקודות וחישובים בטבלה — תרגיל 8; יישומים ומושגים — תרגיל 9; אתגר מפת הדרכים והמדידות! — תרגיל 10","0","","no","0","","","yes","6a7454a2fc7d19d634c258e1"
"הכנה לז' גיבוי","טיוטה","גאומטריה - הכנה","גיאומטריה - תיבה וקובייה","לימוד","טיוטה","10","מרכיבי התיבה – פאות, מקצועות וקדקודים — תרגיל 1; תיבה מול קובייה – מה מיוחד בקובייה? — תרגיל 2; פתיחת תיבה וקובייה לדו-ממד — תרגיל 3; שטח מלבן – אבן הבסיס לשטח פנים — תרגיל 4; חישוב שטח פנים של תיבה – כל הפאות ביחד — תרגיל 5; חישוב שטח פנים של קובייה – מקרה מיוחד — תרגיל 6; מהו נפח? – הבנה באמצעות קוביות יחידה — תרגיל 7; חישוב נפח של תיבה – אורך כפול רוחב כפול גובה — תרגיל 8; חישוב נפח של קובייה – צלע בחזקת 3 — תרגיל 9; בעיות מורכבות – שטח פנים ונפח יחד — תרגיל 10","0","","no","0","","","yes","6a7454a2fc7d19d634c258e2"
"","","","מוטיבציה ולמידה ראשונית של הגדרת המצולע","לימוד","מפורסם","10","מוטיבציה ולמידה ראשונית של הגדרת המצולע — תרגיל 1; מיון ושמות המצולעים לפי מספר הצלעות — תרגיל 2; הקשר בין מספר הצלעות, הקדקודים והזוויות — תרגיל 3; מצולע קמור לעומת מצולע קעור — תרגיל 4; אלכסונים במצולע קמור — תרגיל 5; סכום הזוויות הפנימיות במצולע — תרגיל 6; מציאת זווית פנימית חסרה במצולע — תרגיל 7; מצולעים משוכללים (שוויון צלעות וזוויות) — תרגיל 8; היקף של מצולע (מצולע כללי לעומת משוכלל) — תרגיל 9; אתגר פרויקט פארק המצולעים של תנועת הנוער! — תרגיל 10","0","","no","0","","","yes","6a45540940c6a996ff1f82ca"
"","","","מוטיבציה ולמידה ראשונית של משפחת המרובעים","לימוד","מפורסם","10","מוטיבציה ולמידה ראשונית של משפחת המרובעים — תרגיל 1; הטרפז ותכונותיו (זוג אחד של צלעות מקבילות) — תרגיל 2; המקבילית ותכונותיה (שני זוגות של צלעות מקבילות) — תרגיל 3; המלבן ותכונותיו (מקבילית עם זוויות ישרות) — תרגיל 4; המעוין ותכונותיו (מקבילית עם צלעות שוות) — תרגיל 5; הריבוע - המלך של המרובעים — תרגיל 6; הדלתון ותכונותיו — תרגיל 7; יחסי הכלה וקשרים בין מרובעים (האם כל ריבוע הוא מלבן?) — תרגיל 8; חישובי היקפים מעורבים של מרובעים — תרגיל 9; אתגר פארק המרובעים המיוחדים של הוועד הכיתתי! — תרגיל 10","0","","no","0","","","yes","6a454d9ed62e65d984249b26"
"הכנה לז' גיבוי","טיוטה","גאומטריה - הכנה","מלבן - תכונות","לימוד","טיוטה","10","הכרת תכונת הצלעות הנגדיות במלבן — תרגיל 1; הכרת תכונת הזוויות הישרות במלבן — תרגיל 2; שילוב תכונות צלעות וזוויות — תרגיל 3; הכרת תכונת האלכסונים השווים — תרגיל 4; הכרת תכונת חציית האלכסונים — תרגיל 5; יישום משולב של תכונות האלכסונים — תרגיל 6; חישוב צלעות וזוויות באמצעות משוואות — תרגיל 7; חישוב אלכסונים באמצעות משוואות — תרגיל 8; יישום משולב של מספר תכונות — תרגיל 9; הוכחה ויישום מתקדם של תכונות המלבן — תרגיל 10","0","","no","0","","","yes","6a7454a2fc7d19d634c258e3"
"הכנה לז' גיבוי","טיוטה","גאומטריה - הכנה","משולש תכונות","לימוד","טיוטה","10","הכרת המשולש – צלעות, קודקודים וזוויות — תרגיל 1; סכום הזוויות במשולש – קסם ה-180 מעלות — תרגיל 2; מציאת זווית חסרה במשולש — תרגיל 3; סיווג משולשים לפי זוויות — תרגיל 4; סיווג משולשים לפי צלעות — תרגיל 5; משולש שווה שוקיים – זוויות בסיס שוות — תרגיל 6; משולש שווה צלעות – מיוחד מאוד! — תרגיל 7; הקשר בין צלעות לזוויות – מי גדול יותר? — תרגיל 8; אי שוויון המשולש – האם אפשר לבנות משולש? — תרגיל 9; שילוב תכונות משולש — תרגיל 10","0","","no","0","","","yes","6a7454a2fc7d19d634c258e4"
"הכנה לז' גיבוי","טיוטה","גאומטריה - הכנה","גיאומטריה - מקבילית - תכונות","לימוד","טיוטה","10","זיהוי מקבילית ותכונת צלעות נגדיות שוות — תרגיל 1; חישוב היקף מקבילית וצלעות חסרות — תרגיל 2; תכונת זוויות נגדיות במקבילית — תרגיל 3; תכונת זוויות סמוכות במקבילית — תרגיל 4; שילוב תכונות צלעות וזוויות — תרגיל 5; תכונת האלכסונים במקבילית — תרגיל 6; מציאת זוויות באלכסונים/משולשים — תרגיל 7; בעיית מילים עם מקבילית — תרגיל 8; מקבילית עם נעלמים אלגבריים — תרגיל 9; זיהוי וסיכום תכונות מקבילית — תרגיל 10","0","","no","0","","","yes","6a7454a2fc7d19d634c258e5"
"הכנה לז' גיבוי","טיוטה","גאומטריה - הכנה","גיאומטריה - מעגל - הגדרה ותכונות","לימוד","טיוטה","10","הכרת מרכז המעגל והרדיוס — תרגיל 1; הכרת הקוטר והקשר שלו לרדיוס — תרגיל 2; זיהוי רכיבי מעגל — תרגיל 3; הכרת המיתר — תרגיל 4; הכרת הקשת — תרגיל 5; הכרת הגיזרה — תרגיל 6; מעגל לעומת עיגול — תרגיל 7; זיהוי אלמנטים מורכבים במעגל — תרגיל 8; חישובי אורך וקשרים — תרגיל 9; הבנת תכונות המעגל לעומק — תרגיל 10","0","","no","0","","","yes","6a7454a2fc7d19d634c258e6"
"הכנה לז' גיבוי","טיוטה","גאומטריה - הכנה","גיאומטריה - משולש - שטח","לימוד","טיוטה","10","שטח משולש ישר זווית כמחצית שטח מלבן — תרגיל 1; הבסיס והגובה במשולש — תרגיל 2; משולש קהה זווית — תרגיל 3; חישוב שטח לסוגי משולשים שונים — תרגיל 4; מציאת בסיס או גובה נתון שטח — תרגיל 5; חישוב שטח משולש על רשת — תרגיל 6; חישוב שטח של צורות מורכבות — תרגיל 7; שטח משולש בחיי היומיום — תרגיל 8; השפעת שינוי ממדים על השטח — תרגיל 9; יישום מלא של חישוב שטח משולש — תרגיל 10","0","","no","0","","","yes","6a7454a2fc7d19d634c258e7"
"כיתה יב - 5 יח""ל - 572","מפורסם","אלגברה","גדילה ודעיכה 1","תרגול","מפורסם","0","","0","","no","0","","","no","69d0bbb9c284540c9a6e657c"
"הכנה לז' גיבוי","טיוטה","גאומטריה - הכנה","גיאומטריה - מקבילית - שטח והיקף","לימוד","טיוטה","8","זיהוי צלעות וחישוב היקף בסיסי — תרגיל 1; חישוב שטח בסיסי עם גובה — תרגיל 2; גובה מחוץ למקבילית והבחנה בין נתונים — תרגיל 3; היקף — תרגיל 4; שטח — תרגיל 5; גובה ובסיס והשפעתם על שטח — תרגיל 8; בעיות עם יחסים ואלגברה — תרגיל 9; בעיות מורכבות ורב-שלביות — תרגיל 10","0","","no","0","","","yes","6a7454a2fc7d19d634c258e8"
"","","","משוואות - מבוא","לימוד","מפורסם","10","מוטיבציה ולמידה ראשונית של מושג המשוואה והנעלם X — תרגיל 1; פתרון משוואות חיבור (X + a = b) — תרגיל 2; פתרון משוואות חיסור (X - a = b) — תרגיל 3; פתרון משוואות כפל (a * X = b) — תרגיל 4; פתרון משוואות חילוק (X / a = b) — תרגיל 5; בדיקת פתרון של משוואה (הצבה) — תרגיל 6; משוואות דו-שלביות (a * X + b = c) — תרגיל 7; תרגום בעיות מילוליות למשוואה של שלב אחד — תרגיל 8; תרגום בעיות מילוליות למשוואה דו-שלבית — תרגיל 9; אתגר פרויקט קניית הציוד למסיבת הכיתה! — תרגיל 10","0","","no","0","","","yes","6a4629024e15f3328d5d9e18"
"","","","משוואות - מבוא","לימוד","מפורסם","10","מוטיבציה ולמידה ראשונית של מושג המשוואה והנעלם X — תרגיל 1; פתרון משוואות חיבור (X + a = b) — תרגיל 2; פתרון משוואות חיסור (X - a = b) — תרגיל 3; פתרון משוואות כפל (a * X = b) — תרגיל 4; פתרון משוואות חילוק (X / a = b) — תרגיל 5; בדיקת פתרון של משוואה (הצבה) — תרגיל 6; משוואות דו-שלביות (a * X + b = c) — תרגיל 7; תרגום בעיות מילוליות למשוואה של שלב אחד — תרגיל 8; תרגום בעיות מילוליות למשוואה דו-שלבית — תרגיל 9; אתגר פרויקט קניית הציוד למסיבת הכיתה! — תרגיל 10","0","","no","0","","","yes","6a688d6a90e1ad0cfe0c85fd"
"","","","משוואות - מבוא","לימוד","מפורסם","10","מוטיבציה ולמידה ראשונית של מושג המשוואה והנעלם X — תרגיל 1; פתרון משוואות חיבור (X + a = b) — תרגיל 2; פתרון משוואות חיסור (X - a = b) — תרגיל 3; פתרון משוואות כפל (a * X = b) — תרגיל 4; פתרון משוואות חילוק (X / a = b) — תרגיל 5; בדיקת פתרון של משוואה (הצבה) — תרגיל 6; משוואות דו-שלביות (a * X + b = c) — תרגיל 7; תרגום בעיות מילוליות למשוואה של שלב אחד — תרגיל 8; תרגום בעיות מילוליות למשוואה דו-שלבית — תרגיל 9; אתגר פרויקט קניית הציוד למסיבת הכיתה! — תרגיל 10","0","","no","0","","","yes","84766fb6ae0fde04e10674e5"
"","","","מוטיבציה ולמידה ראשונית של הגדרת המשולש","לימוד","מפורסם","10","מוטיבציה ולמידה ראשונית של הגדרת המשולש — תרגיל 1; סכום הזוויות במשולש (תמיד 180 מעלות) — תרגיל 2; משפט אי-שוויון המשולש (מתי אפשר לבנות משולש) — תרגיל 3; מיון משולשים לפי זוויות (חד, ישר, קהה) — תרגיל 4; מיון משולשים לפי צלעות (שונה צלעות, שווה שוקיים, שווה צלעות) — תרגיל 5; תכונות משולש שווה צלעות — תרגיל 6; תכונות משולש שווה שוקיים — תרגיל 7; תכונות משולש ישר זווית — תרגיל 8; היקף משולש — תרגיל 9; אתגר פרויקט מגן דוד והאוהל המשולש! — תרגיל 10","0","","no","0","","","yes","6a454171fd01fb784b64b6ae"
"כיתה ח' - מתקדם","מפורסם","גיאומטירה","ח | מצב הדדי בין ישרים - ישרים מקבילים ומאונכים","לימוד","מפורסם","60","תרגיל 1; תרגיל 2; תרגיל 3; תרגיל 4; תרגיל 5; תרגיל 6; תרגיל 7; תרגיל 8; תרגיל 9; תרגיל 10; תרגיל 11; תרגיל 12; תרגיל 13; תרגיל 14; תרגיל 15; תרגיל 16; תרגיל 17; תרגיל 18; תרגיל 19; תרגיל 20; תרגיל 21; תרגיל 22; תרגיל 23; תרגיל 24; תרגיל 25; תרגיל 26; תרגיל 27; תרגיל 28; תרגיל 29; תרגיל 30; תרגיל 31; תרגיל 32; תרגיל 33; תרגיל 34; תרגיל 35; תרגיל 36; תרגיל 37; תרגיל 38; תרגיל 39; תרגיל 40; תרגיל 41; תרגיל 42; תרגיל 43; תרגיל 44; תרגיל 45; תרגיל 46; תרגיל 47; תרגיל 48; תרגיל 49; תרגיל 50; תרגיל 51; תרגיל 52; תרגיל 53; תרגיל 54; תרגיל 55; תרגיל 56; תרגיל 57; תרגיל 58; תרגיל 59; תרגיל 60","0","","no","0","","","yes","69eb1b86ecc3a900bbc7f2f7"
